,datetime,sensor_val,Air_Temp,Solar_radiation,humidity,Precipitation Intensity mm/h,Total Precipitation Millimeters,TAN,Nitrite,Nitrate,Water_temp,pH,takeout_kg,biomass_kg,ideal_biomass_kg,biomass_kg_1day,biomass_kg_3day
0,2022-10-13 10:04:58,12000,24.1,0,89,0.0,0.0,0.0,0.157,15.3,24.8,7.99,0.0,22.11,22.11,22.11,0.0
1,2022-10-13 10:20:01,11674,24.0,0,89,0.0,0.0,0.0,0.157,15.3,24.8,7.99,0.0,22.12,22.12,0.0,0.0
2,2022-10-13 10:35:04,10279,23.7,2,90,0.0,0.0,0.0,0.157,15.3,24.8,7.99,0.0,22.16,22.16,0.0,0.0
3,2022-10-13 10:50:07,12683,23.6,17,90,0.0,0.0,0.0,0.157,15.3,24.8,7.99,0.0,22.24,22.24,0.0,0.0
4,2022-10-13 11:05:13,12192,23.8,86,90,0.0,0.0,0.0,0.157,15.3,24.8,7.99,0.0,22.32,22.32,0.0,0.0
5,2022-10-13 11:20:15,14548,24.5,139,89,0.0,0.0,0.0,0.157,15.3,24.8,7.99,0.0,22.41,22.41,0.0,0.0
6,2022-10-13 11:35:16,11477,25.1,108,86,0.0,0.0,0.0,0.157,15.3,24.8,7.99,0.0,22.51,22.51,0.0,0.0
7,2022-10-13 11:50:19,13209,25.6,161,84,0.0,0.0,0.0,0.157,15.3,24.8,7.99,0.0,22.6,22.6,0.0,0.0
8,2022-10-13 12:05:22,10497,25.9,91,82,0.0,0.0,0.0,0.157,15.3,24.8,7.99,0.0,22.7,22.7,0.0,0.0
9,2022-10-13 12:20:25,11543,25.9,172,82,0.0,0.0,0.0,0.157,15.3,24.8,7.99,0.0,22.79,22.79,0.0,0.0
10,2022-10-13 12:35:28,11962,25.6,113,83,0.0,0.0,0.0,0.157,15.3,24.8,7.99,0.0,22.9,22.9,0.0,0.0
11,2022-10-13 12:50:31,12400,25.5,187,83,0.0,0.0,0.0,0.157,15.3,24.8,7.99,0.0,22.99,22.99,0.0,0.0
12,2022-10-13 13:05:34,13543,25.9,281,84,0.0,0.0,0.0,0.157,15.3,24.8,7.99,0.0,23.1,23.1,0.0,0.0
13,2022-10-13 13:20:37,9536,26.7,386,81,0.0,0.0,0.0,0.157,15.3,24.8,7.99,0.0,23.21,23.21,0.0,0.0
14,2022-10-13 13:35:40,11046,27.3,410,80,0.0,0.0,0.0,0.157,15.3,24.8,7.99,0.0,23.34,23.34,0.0,0.0
15,2022-10-13 13:50:43,14769,27.4,307,79,0.0,0.0,0.0,0.157,15.3,24.8,7.99,0.0,23.47,23.47,0.0,0.0
16,2022-10-13 14:05:46,14264,27.6,349,79,0.0,0.0,0.0,0.157,15.3,24.8,7.99,0.0,23.59,23.59,0.0,0.0
17,2022-10-13 14:20:49,16460,28.3,641,77,0.0,0.0,0.0,0.157,15.3,24.8,7.99,0.0,23.71,23.71,0.0,0.0
18,2022-10-13 14:35:52,15116,28.6,360,75,0.0,0.0,0.0,0.157,15.3,24.8,7.99,0.0,23.85,23.85,0.0,0.0
19,2022-10-13 14:50:55,12195,29.1,715,73,0.0,0.0,0.0,0.157,15.3,24.8,7.99,0.0,23.98,23.98,0.0,0.0
20,2022-10-13 15:05:58,10548,29.1,425,71,0.07,0.07,0.0,0.157,15.3,24.8,7.99,0.0,24.12,24.12,0.0,0.0
21,2022-10-13 15:40:28,7584,29.1,382,74,0.2,0.2,0.0,0.157,15.3,24.8,7.99,0.0,24.25,24.25,0.0,0.0
22,2022-10-13 15:55:31,12824,29.3,537,74,0.2,0.2,0.0,0.157,15.3,24.8,7.99,0.0,24.37,24.37,0.0,0.0
23,2022-10-13 16:10:34,6750,29.7,600,72,0.2,0.2,0.0,0.157,15.3,24.8,7.99,0.0,24.51,24.51,0.0,0.0
24,2022-10-13 16:25:37,12389,30.2,976,73,0.0,0.2,0.0,0.157,15.3,24.8,7.99,0.0,24.65,24.64,0.0,0.0
25,2022-10-13 16:40:40,14269,30.1,468,72,0.0,0.2,0.0,0.157,15.3,24.8,7.99,0.0,24.79,24.79,0.0,0.0
26,2022-10-13 16:55:43,14122,29.6,457,70,0.0,0.2,0.0,0.157,15.3,24.8,7.99,0.0,24.92,24.92,0.0,0.0
27,2022-10-13 17:10:46,10361,29.5,462,71,0.0,0.2,0.0,0.157,15.3,24.8,7.99,0.0,25.05,25.05,0.0,0.0
28,2022-10-13 17:25:49,10470,29.1,314,70,0.0,0.2,0.0,0.157,15.3,24.8,7.99,0.0,25.18,25.18,0.0,0.0
29,2022-10-13 17:40:52,13637,28.8,283,73,0.0,0.2,0.0,0.157,15.3,24.8,7.99,0.0,25.3,25.29,0.0,0.0
30,2022-10-13 17:55:55,13326,28.5,238,73,0.0,0.2,0.0,0.157,15.3,24.8,7.99,0.0,25.41,25.41,0.0,0.0
31,2022-10-13 18:10:58,14565,28.5,191,74,0.0,0.2,0.0,0.157,15.3,24.8,7.99,0.0,25.52,25.52,0.0,0.0
32,2022-10-13 18:26:01,13344,27.9,128,74,0.0,0.2,0.0,0.157,15.3,24.8,7.99,0.0,25.62,25.62,0.0,0.0
33,2022-10-13 18:41:04,13930,28.0,195,74,0.0,0.2,0.0,0.157,15.3,24.8,7.99,0.0,25.72,25.71,0.0,0.0
34,2022-10-13 18:56:07,15137,28.3,351,75,0.0,0.2,0.0,0.157,15.3,24.8,7.99,0.0,25.82,25.81,0.0,0.0
35,2022-10-13 19:11:10,9904,28.4,274,74,0.0,0.2,0.0,0.157,15.3,24.8,7.99,0.0,25.94,25.93,0.0,0.0
36,2022-10-13 19:26:13,7399,28.4,262,74,0.0,0.2,0.0,0.157,15.3,24.8,7.99,0.0,26.05,26.04,0.0,0.0
37,2022-10-13 19:41:16,10509,28.2,215,74,0.0,0.2,0.0,0.157,15.3,24.8,7.99,0.0,26.16,26.15,0.0,0.0
38,2022-10-13 19:56:19,13677,28.4,370,74,0.0,0.2,0.0,0.157,15.3,24.8,7.99,0.0,26.26,26.26,0.0,0.0
39,2022-10-13 20:11:22,15119,27.9,152,76,0.0,0.2,0.0,0.157,15.3,24.8,7.99,0.0,26.38,26.38,0.0,0.0
40,2022-10-13 20:26:25,16099,27.3,131,78,0.0,0.2,0.0,0.157,15.3,24.8,7.99,0.0,26.48,26.47,0.0,0.0
41,2022-10-13 20:41:28,8404,27.0,78,77,0.0,0.2,0.0,0.157,15.3,24.8,7.99,0.0,26.57,26.56,0.0,0.0
42,2022-10-13 20:56:32,14064,26.8,57,78,0.0,0.2,0.0,0.157,15.3,24.8,7.99,0.0,26.65,26.65,0.0,0.0
43,2022-10-13 21:11:35,16255,26.5,24,79,0.0,0.2,0.0,0.157,15.3,24.8,7.99,0.0,26.73,26.73,0.0,0.0
44,2022-10-13 21:26:38,14695,26.4,16,79,0.0,0.2,0.0,0.157,15.3,24.8,7.99,0.0,26.81,26.8,0.0,0.0
45,2022-10-13 21:41:41,13743,26.2,12,80,0.0,0.2,0.0,0.157,15.3,24.8,7.99,0.0,26.88,26.87,0.0,0.0
46,2022-10-13 21:56:44,10488,26.2,7,81,0.0,0.2,0.0,0.157,15.3,24.8,7.99,0.0,26.96,26.95,0.0,0.0
47,2022-10-13 22:11:46,11549,25.8,1,81,0.0,0.2,0.0,0.157,15.3,24.8,7.99,0.0,27.03,27.02,0.0,0.0
48,2022-10-13 22:26:49,13189,25.6,0,82,0.0,0.2,0.0,0.157,15.3,24.8,7.99,0.0,27.1,27.09,0.0,0.0
49,2022-10-13 22:41:52,19927,25.3,0,84,0.0,0.2,0.0,0.157,15.3,24.8,7.99,0.0,27.13,27.12,0.0,0.0
50,2022-10-13 22:56:55,13829,25.1,0,85,0.0,0.2,0.0,0.157,15.3,24.8,7.99,0.0,27.14,27.14,0.0,0.0
51,2022-10-13 23:11:58,13420,25.1,0,84,0.0,0.2,0.0,0.157,15.3,24.8,7.99,0.0,27.16,27.15,0.0,0.0
52,2022-10-13 23:27:01,13599,25.0,0,85,0.0,0.2,0.0,0.157,15.3,24.8,7.99,0.0,27.17,27.16,0.0,0.0
53,2022-10-13 23:42:04,13386,24.8,0,85,0.0,0.2,0.0,0.157,15.3,24.8,7.99,0.0,27.18,27.18,0.0,0.0
54,2022-10-13 23:57:07,17324,24.8,0,85,0.0,0.07,0.0,0.157,15.3,24.9,7.99,0.0,27.2,27.19,0.0,0.0
55,2022-10-14 00:12:10,15529,24.7,0,85,0.0,0.0,0.0,0.157,15.3,25.0,7.99,0.0,27.23,27.22,0.0,0.0
56,2022-10-14 00:27:13,15885,24.6,0,86,0.0,0.0,0.0,0.157,15.3,25.0,7.99,0.0,27.28,27.27,0.0,0.0
57,2022-10-14 00:42:16,14764,24.5,0,86,0.0,0.0,0.0,0.157,15.3,25.0,7.99,0.0,27.31,27.3,0.0,0.0
58,2022-10-14 00:57:20,15464,24.5,0,87,0.0,0.0,0.0,0.157,15.3,25.0,7.99,0.0,27.33,27.32,0.0,0.0
59,2022-10-14 01:12:23,13978,24.3,0,87,0.0,0.0,0.0,0.157,15.3,25.0,7.99,0.0,27.34,27.33,0.0,0.0
60,2022-10-14 01:27:26,13273,24.3,0,87,0.0,0.0,0.0,0.157,15.3,25.0,7.99,0.0,27.35,27.34,0.0,0.0
61,2022-10-14 01:42:29,13655,24.3,0,87,0.0,0.0,0.0,0.157,15.3,25.0,7.99,0.0,27.38,27.38,0.0,0.0
62,2022-10-14 01:57:32,17828,24.3,0,87,0.0,0.0,0.0,0.157,15.3,25.0,7.99,0.0,27.42,27.41,0.0,0.0
63,2022-10-14 02:12:35,13734,24.3,0,88,0.0,0.0,0.0,0.157,15.3,25.0,7.99,0.0,27.43,27.42,0.0,0.0
64,2022-10-14 02:27:38,12458,24.2,0,88,0.0,0.0,0.0,0.157,15.3,25.0,7.99,0.0,27.44,27.43,0.0,0.0
65,2022-10-14 02:42:41,8791,24.2,0,88,0.0,0.0,0.0,0.157,15.3,25.0,7.99,0.0,27.46,27.45,0.0,0.0
66,2022-10-14 02:57:45,12274,24.0,0,89,0.0,0.0,0.0,0.157,15.3,25.0,7.99,0.0,27.47,27.46,0.0,0.0
67,2022-10-14 03:12:48,16016,24.0,0,90,0.0,0.0,0.0,0.157,15.3,25.0,7.99,0.0,27.48,27.47,0.0,0.0
68,2022-10-14 03:27:51,11684,24.0,0,90,0.0,0.0,0.0,0.157,15.3,25.0,7.99,0.0,27.49,27.49,0.0,0.0
69,2022-10-14 03:42:54,12816,24.1,0,90,0.0,0.0,0.0,0.157,15.3,25.0,7.99,0.0,27.51,27.5,0.0,0.0
70,2022-10-14 03:57:57,11569,24.0,0,90,0.0,0.0,0.0,0.157,15.3,25.0,7.99,0.0,27.52,27.51,0.0,0.0
71,2022-10-14 04:13:00,15132,24.0,0,90,0.0,0.0,0.0,0.157,15.3,25.0,7.99,0.0,27.53,27.52,0.0,0.0
72,2022-10-14 04:28:03,10636,24.0,0,90,0.0,0.0,0.0,0.157,15.3,25.0,7.99,0.0,27.55,27.54,0.0,0.0
73,2022-10-14 04:43:06,9578,24.0,0,90,0.0,0.0,0.0,0.157,15.3,25.0,7.99,0.0,27.56,27.55,0.0,0.0
74,2022-10-14 04:58:09,17457,24.0,0,90,0.0,0.0,0.0,0.157,15.3,25.0,7.99,0.0,27.57,27.56,0.0,0.0
75,2022-10-14 05:13:12,12753,24.0,0,90,0.0,0.0,0.0,0.157,15.3,25.0,7.99,0.0,27.59,27.58,0.0,0.0
76,2022-10-14 05:28:15,9167,24.1,0,90,0.0,0.0,0.0,0.157,15.3,25.0,7.99,0.0,27.6,27.59,0.0,0.0
77,2022-10-14 05:43:18,13800,23.7,0,90,0.0,0.0,0.0,0.157,15.3,25.0,7.99,0.0,27.63,27.62,0.0,0.0
78,2022-10-14 05:58:21,14138,23.6,0,91,0.0,0.0,0.0,0.157,15.3,25.0,7.99,0.0,27.64,27.63,0.0,0.0
79,2022-10-14 06:13:24,14681,23.6,0,91,0.0,0.0,0.0,0.157,15.3,25.0,7.99,0.0,27.66,27.65,0.0,0.0
80,2022-10-14 06:28:27,14769,23.6,0,91,0.0,0.0,0.0,0.157,15.3,25.0,7.99,0.0,27.71,27.7,0.0,0.0
81,2022-10-14 06:43:30,9870,23.5,0,91,0.0,0.0,0.0,0.157,15.3,25.0,7.99,0.0,27.76,27.75,0.0,0.0
82,2022-10-14 06:58:33,15220,23.5,0,91,0.0,0.0,0.0,0.157,15.3,25.0,7.99,0.0,27.77,27.76,0.0,0.0
83,2022-10-14 07:13:36,13149,23.3,0,91,0.0,0.0,0.0,0.157,15.3,25.0,7.99,0.0,27.82,27.81,0.0,0.0
84,2022-10-14 07:28:40,10527,23.5,0,91,0.0,0.0,0.0,0.157,15.3,25.0,7.99,0.0,27.85,27.85,0.0,0.0
85,2022-10-14 07:43:43,14939,23.5,0,91,0.0,0.0,0.0,0.157,15.3,25.0,7.99,0.0,27.91,27.9,0.0,0.0
86,2022-10-14 07:58:46,10950,23.4,0,91,0.0,0.0,0.0,0.157,15.3,25.0,7.99,0.0,27.92,27.91,0.0,0.0
87,2022-10-14 08:13:49,15239,23.4,0,91,0.0,0.0,0.0,0.157,15.3,25.0,7.99,0.0,27.93,27.92,0.0,0.0
88,2022-10-14 08:28:52,13390,23.3,0,91,0.0,0.0,0.0,0.157,15.3,25.0,7.99,0.0,27.98,27.97,0.0,0.0
89,2022-10-14 08:43:55,11945,23.4,0,92,0.0,0.0,0.0,0.157,15.3,25.0,7.99,0.0,27.99,27.99,0.0,0.0
90,2022-10-14 08:58:58,15066,23.3,0,91,0.0,0.0,0.0,0.157,15.3,25.0,7.99,0.0,28.03,28.02,0.0,0.0
91,2022-10-14 09:14:01,17098,23.3,0,91,0.0,0.0,0.0,0.157,15.3,25.0,7.99,0.0,28.04,28.03,0.0,0.0
92,2022-10-14 09:29:04,17388,23.2,0,91,0.0,0.0,0.0,0.157,15.3,25.0,7.99,0.0,28.05,28.04,0.0,0.0
93,2022-10-14 09:44:07,16179,23.2,0,91,0.0,0.0,0.0,0.157,15.3,25.0,7.99,0.0,28.07,28.06,0.0,0.0
94,2022-10-14 09:59:10,14409,23.3,0,90,0.0,0.0,0.0,0.157,15.3,25.0,7.99,0.0,28.08,28.07,0.0,0.0
95,2022-10-14 10:14:13,11984,23.4,0,90,0.0,0.0,0.0,0.157,15.3,25.0,7.99,0.0,28.09,28.08,28.09,0.0
96,2022-10-14 10:29:16,14295,23.4,1,90,0.0,0.0,0.0,0.157,15.3,25.0,7.99,0.0,28.1,28.1,0.0,0.0
97,2022-10-14 10:44:19,12922,23.4,7,90,0.0,0.0,0.0,0.157,15.3,25.0,7.99,0.0,28.15,28.15,0.0,0.0
98,2022-10-14 10:59:22,11724,23.4,24,91,0.0,0.0,0.0,0.157,15.3,25.0,7.99,0.0,28.23,28.22,0.0,0.0
99,2022-10-14 11:14:25,18162,23.6,45,91,0.0,0.0,0.0,0.157,15.3,25.0,7.99,0.0,28.3,28.29,0.0,0.0
100,2022-10-14 11:29:28,15310,23.7,57,90,0.0,0.0,0.0,0.157,15.3,25.0,7.99,0.0,28.37,28.37,0.0,0.0
101,2022-10-14 11:44:31,18117,23.9,64,90,0.0,0.0,0.0,0.157,15.3,25.0,7.99,0.0,28.45,28.44,0.0,0.0
102,2022-10-14 11:59:34,13275,24.3,123,89,0.0,0.0,0.0,0.157,15.3,25.0,7.99,0.0,28.53,28.52,0.0,0.0
103,2022-10-14 12:14:37,14325,25.1,267,88,0.0,0.0,0.0,0.157,15.3,25.0,7.99,0.0,28.62,28.61,0.0,0.0
104,2022-10-14 12:29:40,13806,26.3,305,84,0.0,0.0,0.0,0.157,15.3,25.0,7.99,0.0,28.73,28.72,0.0,0.0
105,2022-10-14 12:44:43,14562,27.4,422,80,0.0,0.0,0.0,0.157,15.3,25.0,7.99,0.0,28.83,28.82,0.0,0.0
106,2022-10-14 12:59:46,16139,27.6,465,76,0.0,0.0,0.0,0.157,15.3,25.0,7.99,0.0,28.95,28.94,0.0,0.0
107,2022-10-14 13:14:49,15061,27.8,494,76,0.0,0.0,0.0,0.157,15.3,25.0,7.99,0.0,29.08,29.07,0.0,0.0
108,2022-10-14 13:29:52,17311,27.8,458,77,0.0,0.0,0.0,0.157,15.3,25.0,7.99,0.0,29.2,29.19,0.0,0.0
109,2022-10-14 13:44:55,9396,28.3,630,77,0.0,0.0,0.0,0.157,15.3,25.0,7.99,0.0,29.32,29.31,0.0,0.0
110,2022-10-14 13:59:58,10898,29.1,606,75,0.0,0.0,0.0,0.157,15.3,25.0,7.99,0.0,29.45,29.44,0.0,0.0
111,2022-10-14 14:15:01,13917,29.0,403,75,0.0,0.0,0.0,0.157,15.3,25.0,7.99,0.0,29.58,29.57,0.0,0.0
112,2022-10-14 14:30:04,14020,28.8,552,75,0.0,0.0,0.0,0.157,15.3,25.0,7.99,0.0,29.69,29.68,0.0,0.0
113,2022-10-14 14:45:07,10681,29.3,749,74,0.0,0.0,0.0,0.157,15.3,25.0,7.99,0.0,29.81,29.8,0.0,0.0
114,2022-10-14 15:00:10,13140,29.6,753,74,0.0,0.0,0.0,0.157,15.3,25.0,7.99,0.0,29.95,29.93,0.0,0.0
115,2022-10-14 15:15:13,17261,29.4,711,74,0.0,0.0,0.0,0.157,15.3,25.0,7.99,0.0,30.08,30.07,0.0,0.0
116,2022-10-14 15:30:16,16790,29.8,666,73,0.0,0.0,0.0,0.157,15.3,25.0,7.99,0.0,30.2,30.19,0.0,0.0
117,2022-10-14 15:45:19,16902,29.8,696,73,0.0,0.0,0.0,0.157,15.3,25.0,7.99,0.0,30.33,30.32,0.0,0.0
118,2022-10-14 16:00:22,13820,30.0,850,71,0.0,0.0,0.0,0.157,15.3,25.0,7.99,0.0,30.45,30.44,0.0,0.0
119,2022-10-14 16:15:25,17299,30.1,740,71,0.0,0.0,0.0,0.157,15.3,25.0,7.99,0.0,30.58,30.57,0.0,0.0
120,2022-10-14 16:30:28,15075,30.4,819,71,0.0,0.0,0.0,0.157,15.3,25.0,7.99,0.0,30.71,30.7,0.0,0.0
121,2022-10-14 16:45:31,18841,30.1,820,71,0.0,0.0,0.0,0.157,15.3,25.0,7.99,0.0,30.84,30.83,0.0,0.0
122,2022-10-14 17:00:34,16533,30.1,812,71,0.0,0.0,0.0,0.157,15.3,25.0,7.99,0.0,30.97,30.96,0.0,0.0
123,2022-10-14 17:15:37,14596,30.2,807,71,0.0,0.0,0.0,0.157,15.3,25.0,7.99,0.0,31.1,31.09,0.0,0.0
124,2022-10-14 17:30:40,16422,30.1,803,72,0.0,0.0,0.0,0.157,15.3,25.0,7.99,0.0,31.23,31.22,0.0,0.0
125,2022-10-14 17:45:43,13571,29.9,783,72,0.0,0.0,0.0,0.157,15.3,25.0,7.99,0.0,31.36,31.35,0.0,0.0
126,2022-10-14 18:00:46,18695,30.1,596,71,0.0,0.0,0.0,0.157,15.3,25.0,7.99,0.0,31.49,31.47,0.0,0.0
127,2022-10-14 18:15:49,12128,30.7,550,70,0.0,0.0,0.0,0.157,15.3,25.0,7.99,0.0,31.61,31.59,0.0,0.0
128,2022-10-14 18:30:52,14389,30.0,431,71,0.0,0.0,0.0,0.157,15.3,25.0,7.99,0.0,31.73,31.71,0.0,0.0
129,2022-10-14 18:45:55,17984,29.3,166,73,0.0,0.0,0.0,0.157,15.3,25.0,7.99,0.0,31.84,31.82,0.0,0.0
130,2022-10-14 19:00:58,15826,29.1,403,74,0.0,0.0,0.0,0.157,15.3,25.0,7.99,0.0,31.93,31.91,0.0,0.0
131,2022-10-14 19:16:01,17329,29.1,288,74,0.0,0.0,0.0,0.157,15.3,25.0,7.99,0.0,32.04,32.02,0.0,0.0
132,2022-10-14 19:31:04,15623,29.4,221,73,0.0,0.0,0.0,0.157,15.3,25.0,7.99,0.0,32.14,32.12,0.0,0.0
133,2022-10-14 19:46:07,15330,28.8,149,74,0.0,0.0,0.0,0.157,15.3,25.0,7.99,0.0,32.23,32.22,0.0,0.0
134,2022-10-14 20:01:10,15510,28.2,220,76,0.0,0.0,0.0,0.157,15.3,25.0,7.99,0.0,32.32,32.3,0.0,0.0
135,2022-10-14 20:16:13,14603,27.8,309,77,0.0,0.0,0.0,0.157,15.3,25.0,7.99,0.0,32.41,32.39,0.0,0.0
136,2022-10-14 20:31:16,17093,27.6,185,79,0.0,0.0,0.0,0.157,15.3,25.0,7.99,0.0,32.52,32.5,0.0,0.0
137,2022-10-14 20:46:19,17935,27.4,122,79,0.0,0.0,0.0,0.157,15.3,25.0,7.99,0.0,32.61,32.59,0.0,0.0
138,2022-10-14 21:01:22,16779,27.2,81,78,0.0,0.0,0.0,0.157,15.3,25.0,7.99,0.0,32.69,32.67,0.0,0.0
139,2022-10-14 21:16:25,12812,27.1,48,79,0.0,0.0,0.0,0.157,15.3,25.0,7.99,0.0,32.76,32.74,0.0,0.0
140,2022-10-14 21:31:28,18077,27.2,21,79,0.0,0.0,0.0,0.157,15.3,25.0,7.99,0.0,32.83,32.81,0.0,0.0
141,2022-10-14 21:46:31,13929,27.3,6,77,0.0,0.0,0.0,0.157,15.3,25.0,7.99,0.0,32.9,32.88,0.0,0.0
142,2022-10-14 22:01:34,13437,27.3,2,78,0.0,0.0,0.0,0.157,15.3,25.0,7.99,0.0,32.96,32.95,0.0,0.0
143,2022-10-14 22:16:37,14655,27.3,0,78,0.0,0.0,0.0,0.157,15.3,25.0,7.99,0.0,33.03,33.01,0.0,0.0
144,2022-10-14 22:31:40,18375,27.3,0,78,0.0,0.0,0.0,0.157,15.3,25.0,7.99,0.0,33.06,33.04,0.0,0.0
145,2022-10-14 22:46:43,19359,27.3,0,78,0.0,0.0,0.0,0.157,15.3,25.0,7.99,0.0,33.07,33.05,0.0,0.0
146,2022-10-14 23:01:46,13397,27.3,0,78,0.0,0.0,0.0,0.157,15.3,25.0,7.99,0.0,33.08,33.06,0.0,0.0
147,2022-10-14 23:16:49,16062,27.4,0,79,0.0,0.0,0.0,0.157,15.3,25.0,7.99,0.0,33.09,33.07,0.0,0.0
148,2022-10-14 23:31:52,19187,27.3,0,78,0.0,0.0,0.0,0.157,15.3,25.0,7.99,0.0,33.1,33.08,0.0,0.0
149,2022-10-14 23:46:55,17655,27.3,0,79,0.0,0.0,0.0,0.157,15.3,25.0,7.99,0.0,33.12,33.1,0.0,0.0
150,2022-10-15 00:01:58,18684,27.3,0,79,0.0,0.0,0.0,0.157,15.3,25.9,7.99,0.0,33.13,33.11,0.0,0.0
151,2022-10-15 00:17:01,11498,27.3,0,79,0.0,0.0,0.0,0.157,15.3,25.9,7.99,0.0,33.14,33.12,0.0,0.0
152,2022-10-15 00:32:04,19091,27.3,0,78,0.0,0.0,0.0,0.157,15.3,25.9,7.99,0.0,33.15,33.13,0.0,0.0
153,2022-10-15 00:47:07,21777,27.4,0,78,0.0,0.0,0.0,0.157,15.3,25.9,7.99,0.0,33.2,33.18,0.0,0.0
154,2022-10-15 01:02:10,15650,27.0,1,81,0.0,0.0,0.0,0.157,15.3,25.9,7.99,0.0,33.22,33.21,0.0,0.0
155,2022-10-15 01:17:13,19523,26.7,1,82,0.0,0.0,0.0,0.157,15.3,25.9,7.99,0.0,33.29,33.27,0.0,0.0
156,2022-10-15 01:32:16,19811,26.6,0,83,0.0,0.0,0.0,0.157,15.3,25.9,7.99,0.0,33.35,33.33,0.0,0.0
157,2022-10-15 01:47:19,20742,26.4,0,85,0.0,0.0,0.0,0.157,15.3,25.9,7.99,0.0,33.36,33.34,0.0,0.0
158,2022-10-15 02:02:22,16121,25.9,0,85,0.0,0.0,0.0,0.157,15.3,25.9,7.99,0.0,33.37,33.36,0.0,0.0
159,2022-10-15 02:17:25,11677,25.2,0,82,0.0,0.0,0.0,0.157,15.3,25.9,7.99,0.0,33.4,33.38,0.0,0.0
160,2022-10-15 02:32:28,19286,25.2,1,80,0.0,0.0,0.0,0.157,15.3,25.9,7.99,0.0,33.43,33.41,0.0,0.0
161,2022-10-15 02:47:31,13038,25.2,1,82,0.0,0.0,0.0,0.157,15.3,25.9,7.99,0.0,33.5,33.48,0.0,0.0
162,2022-10-15 03:02:34,14464,25.0,0,82,0.0,0.0,0.0,0.157,15.3,25.9,7.99,0.0,33.56,33.54,0.0,0.0
163,2022-10-15 03:17:37,18537,25.3,0,79,0.0,0.0,0.0,0.157,15.3,25.9,7.99,0.0,33.59,33.57,0.0,0.0
164,2022-10-15 03:32:40,18613,25.4,1,77,0.0,0.0,0.0,0.157,15.3,25.9,7.99,0.0,33.62,33.6,0.0,0.0
165,2022-10-15 03:47:43,14892,25.6,0,79,0.0,0.0,0.0,0.157,15.3,25.9,7.99,0.0,33.68,33.66,0.0,0.0
166,2022-10-15 04:02:46,15431,25.8,1,80,0.0,0.0,0.0,0.157,15.3,25.9,7.99,0.0,33.72,33.71,0.0,0.0
167,2022-10-15 04:17:49,18764,25.9,0,80,0.0,0.0,0.0,0.157,15.3,25.9,7.99,0.0,33.79,33.77,0.0,0.0
168,2022-10-15 04:32:52,22594,25.9,0,82,0.0,0.0,0.0,0.157,15.3,25.9,7.99,0.0,33.83,33.81,0.0,0.0
169,2022-10-15 04:47:55,17373,25.9,0,84,0.0,0.0,0.0,0.157,15.3,25.9,7.99,0.0,33.88,33.86,0.0,0.0
170,2022-10-15 05:02:58,22282,26.0,1,84,0.0,0.0,0.0,0.157,15.3,25.9,7.99,0.0,33.92,33.9,0.0,0.0
171,2022-10-15 05:18:00,23213,26.7,1,79,0.0,0.0,0.0,0.157,15.3,25.9,7.99,0.0,33.99,33.97,0.0,0.0
172,2022-10-15 05:33:04,17919,27.0,1,78,0.0,0.0,0.0,0.157,15.3,25.9,7.99,0.0,34.05,34.03,0.0,0.0
173,2022-10-15 05:48:08,17456,27.0,0,78,0.0,0.0,0.0,0.157,15.3,25.9,7.99,0.0,34.11,34.09,0.0,0.0
174,2022-10-15 06:03:11,15671,26.9,1,79,0.0,0.0,0.0,0.157,15.3,25.9,7.99,0.0,34.12,34.1,0.0,0.0
175,2022-10-15 06:18:14,20912,26.8,0,79,0.0,0.0,0.0,0.157,15.3,25.9,7.99,0.0,34.19,34.17,0.0,0.0
176,2022-10-15 06:33:17,16432,26.9,1,80,0.0,0.0,0.0,0.157,15.3,25.9,7.99,0.0,34.23,34.21,0.0,0.0
177,2022-10-15 06:48:20,18279,26.7,0,78,0.0,0.0,0.0,0.157,15.3,25.9,7.99,0.0,34.29,34.27,0.0,0.0
178,2022-10-15 07:03:23,20460,25.9,0,77,0.0,0.0,0.0,0.157,15.3,25.9,7.99,0.0,34.34,34.32,0.0,0.0
179,2022-10-15 07:18:26,20878,25.4,0,77,0.0,0.0,0.0,0.157,15.3,25.9,7.99,0.0,34.35,34.33,0.0,0.0
180,2022-10-15 07:33:29,16544,25.1,0,77,0.0,0.0,0.0,0.157,15.3,25.9,7.99,0.0,34.36,34.34,0.0,0.0
181,2022-10-15 07:48:32,14272,24.6,0,79,0.0,0.0,0.0,0.157,15.3,25.9,7.99,0.0,34.37,34.35,0.0,0.0
182,2022-10-15 08:03:35,16096,24.5,0,80,0.0,0.0,0.0,0.157,15.3,25.9,7.99,0.0,34.38,34.36,0.0,0.0
183,2022-10-15 08:18:38,15282,24.4,0,81,0.0,0.0,0.0,0.157,15.3,25.9,7.99,0.0,34.39,34.37,0.0,0.0
184,2022-10-15 08:33:41,17750,24.0,0,83,0.0,0.0,0.0,0.157,15.3,25.9,7.99,0.0,34.41,34.39,0.0,0.0
185,2022-10-15 08:48:44,12584,24.4,2,84,0.0,0.0,0.0,0.157,15.3,25.9,7.99,0.0,34.43,34.41,0.0,0.0
186,2022-10-15 09:03:47,17306,25.2,1,83,0.0,0.0,0.0,0.157,15.3,25.9,7.99,0.0,34.5,34.48,0.0,0.0
187,2022-10-15 09:18:50,17986,25.3,0,83,0.0,0.0,0.0,0.157,15.3,25.9,7.99,0.0,34.56,34.54,0.0,0.0
188,2022-10-15 09:33:53,16199,24.7,0,84,0.0,0.0,0.0,0.157,15.3,25.9,7.99,0.0,34.59,34.57,0.0,0.0
189,2022-10-15 09:48:56,15659,24.4,0,85,0.0,0.0,0.0,0.157,15.3,25.9,7.99,0.0,34.6,34.58,0.0,0.0
190,2022-10-15 10:03:59,14810,24.3,0,84,0.0,0.0,0.0,0.157,15.3,25.9,7.99,0.0,34.64,34.62,34.64,34.64
191,2022-10-15 10:19:02,18472,23.7,0,84,0.0,0.0,0.0,0.157,15.3,25.9,7.99,0.0,34.65,34.63,0.0,0.0
192,2022-10-15 10:34:05,19004,23.9,1,83,0.0,0.0,0.0,0.157,15.3,25.9,7.99,0.0,34.68,34.66,0.0,0.0
193,2022-10-15 10:49:08,18672,24.1,5,82,0.0,0.0,0.0,0.157,15.3,25.9,7.99,0.0,34.73,34.71,0.0,0.0
194,2022-10-15 11:04:11,17561,24.3,8,84,0.0,0.0,0.0,0.157,15.3,25.9,7.99,0.0,34.79,34.77,0.0,0.0
195,2022-10-15 11:19:14,18581,24.5,23,85,0.0,0.0,0.0,0.157,15.3,25.9,7.99,0.0,34.85,34.83,0.0,0.0
196,2022-10-15 11:34:17,15693,24.5,54,86,0.0,0.0,0.0,0.157,15.3,25.9,7.99,0.0,34.92,34.9,0.0,0.0
197,2022-10-15 11:49:16,16635,24.5,66,85,0.0,0.0,0.0,0.157,15.3,25.9,7.99,0.0,34.98,34.96,0.0,0.0
198,2022-10-15 12:04:19,20603,24.7,103,84,0.0,0.0,0.0,0.157,15.3,25.9,7.99,0.0,35.06,35.04,0.0,0.0
199,2022-10-15 12:19:22,20041,25.0,116,83,0.0,0.0,0.0,0.157,15.3,25.9,7.99,0.0,35.13,35.11,0.0,0.0
200,2022-10-15 12:34:25,17487,25.4,142,83,0.0,0.0,0.0,0.157,15.3,25.9,7.99,0.0,35.21,35.19,0.0,0.0
201,2022-10-15 12:49:28,17770,25.5,233,82,0.0,0.0,0.0,0.157,15.3,25.9,7.99,0.0,35.29,35.27,0.0,0.0
202,2022-10-15 13:04:31,20893,25.9,361,81,0.0,0.0,0.0,0.157,15.3,25.9,7.99,0.0,35.38,35.36,0.0,0.0
203,2022-10-15 13:19:34,18235,27.0,428,77,0.0,0.0,0.0,0.157,15.3,25.9,7.99,0.0,35.47,35.45,0.0,0.0
204,2022-10-15 13:34:37,19339,26.9,509,77,0.0,0.0,0.0,0.157,15.3,25.9,7.99,0.0,35.58,35.56,0.0,0.0
205,2022-10-15 13:49:40,13710,27.9,670,73,0.0,0.0,0.0,0.157,15.3,25.9,7.99,0.0,35.68,35.66,0.0,0.0
206,2022-10-15 14:04:43,10150,27.9,499,72,0.0,0.0,0.0,0.157,15.3,25.9,7.99,0.0,35.8,35.78,0.0,0.0
207,2022-10-15 14:19:46,16546,28.3,769,72,0.0,0.0,0.0,0.157,15.3,25.9,7.99,0.0,35.91,35.89,0.0,0.0
208,2022-10-15 14:34:49,20516,28.3,485,72,0.0,0.0,0.0,0.157,15.3,25.9,7.99,0.0,36.03,36.01,0.0,0.0
209,2022-10-15 14:49:52,18809,28.0,495,73,0.0,0.0,0.0,0.157,15.3,25.9,7.99,0.0,36.14,36.12,0.0,0.0
210,2022-10-15 15:04:55,17475,28.2,455,73,0.0,0.0,0.0,0.157,15.3,25.9,7.99,0.0,36.24,36.22,0.0,0.0
211,2022-10-15 15:19:58,19937,28.1,536,72,0.0,0.0,0.0,0.157,15.3,25.9,7.99,0.0,36.35,36.33,0.0,0.0
212,2022-10-15 15:35:01,15004,28.0,412,72,0.0,0.0,0.0,0.157,15.3,25.9,7.99,0.0,36.46,36.44,0.0,0.0
213,2022-10-15 15:50:04,16219,28.3,665,73,0.0,0.0,0.0,0.157,15.3,25.9,7.99,0.0,36.56,36.54,0.0,0.0
214,2022-10-15 16:05:07,13686,29.0,846,72,0.0,0.0,0.0,0.157,15.3,25.9,7.99,0.0,36.68,36.66,0.0,0.0
215,2022-10-15 16:20:10,17614,29.3,830,71,0.0,0.0,0.0,0.157,15.3,25.9,7.99,0.0,36.79,36.77,0.0,0.0
216,2022-10-15 16:35:13,20525,29.5,819,70,0.0,0.0,0.0,0.157,15.3,25.9,7.99,0.0,36.91,36.89,0.0,0.0
217,2022-10-15 16:50:16,16942,29.8,816,69,0.0,0.0,0.0,0.157,15.3,25.9,7.99,0.0,37.03,37.01,0.0,0.0
218,2022-10-15 17:05:19,19843,29.7,814,70,0.0,0.0,0.0,0.157,15.3,25.9,7.99,0.0,37.14,37.12,0.0,0.0
219,2022-10-15 17:20:22,19830,29.9,638,69,0.0,0.0,0.0,0.157,15.3,25.9,7.99,0.0,37.26,37.24,0.0,0.0
220,2022-10-15 17:35:25,20719,29.9,811,68,0.0,0.0,0.0,0.157,15.3,25.9,7.99,0.0,37.36,37.34,0.0,0.0
221,2022-10-15 17:50:28,20533,29.9,789,69,0.0,0.0,0.0,0.157,15.3,25.9,7.99,0.0,37.48,37.46,0.0,0.0
222,2022-10-15 18:05:31,20161,29.3,456,70,0.0,0.0,0.0,0.157,15.3,25.9,7.99,0.0,37.59,37.57,0.0,0.0
223,2022-10-15 18:20:34,15057,27.2,163,77,0.0,0.0,0.0,0.157,15.3,25.9,7.99,0.0,37.69,37.67,0.0,0.0
224,2022-10-15 18:35:37,16341,27.4,752,77,0.0,0.0,0.0,0.157,15.3,25.9,7.99,0.0,37.77,37.75,0.0,0.0
225,2022-10-15 18:50:40,19919,27.5,606,76,0.0,0.0,0.0,0.157,15.3,25.9,7.99,0.0,37.89,37.86,0.0,0.0
226,2022-10-15 19:05:43,21473,27.4,317,76,0.0,0.0,0.0,0.157,15.3,25.9,7.99,0.0,37.99,37.97,0.0,0.0
227,2022-10-15 19:20:46,20539,27.7,430,75,0.0,0.0,0.0,0.157,15.3,25.9,7.99,0.0,38.08,38.06,0.0,0.0
228,2022-10-15 19:35:49,14152,28.1,396,73,0.0,0.0,0.0,0.157,15.3,25.9,7.99,0.0,38.18,38.16,0.0,0.0
229,2022-10-15 19:50:52,22070,27.8,132,71,0.0,0.0,0.0,0.157,15.3,25.9,7.99,0.0,38.28,38.25,0.0,0.0
230,2022-10-15 20:05:55,16183,27.7,147,71,0.0,0.0,0.0,0.157,15.3,25.9,7.99,0.0,38.35,38.33,0.0,0.0
231,2022-10-15 20:20:58,13965,27.7,132,71,0.0,0.0,0.0,0.157,15.3,25.9,7.99,0.0,38.43,38.4,0.0,0.0
232,2022-10-15 20:36:05,20707,27.6,87,71,0.0,0.0,0.0,0.157,15.3,25.9,7.99,0.0,38.5,38.48,0.0,0.0
233,2022-10-15 20:51:04,18429,27.5,72,71,0.0,0.0,0.0,0.157,15.3,25.9,7.99,0.0,38.57,38.55,0.0,0.0
234,2022-10-15 21:06:07,22650,27.4,67,71,0.0,0.0,0.0,0.157,15.3,25.9,7.99,0.0,38.64,38.61,0.0,0.0
235,2022-10-15 21:21:10,20280,27.4,51,72,0.0,0.0,0.0,0.157,15.3,25.9,7.99,0.0,38.7,38.68,0.0,0.0
236,2022-10-15 21:36:13,21009,27.3,19,72,0.0,0.0,0.0,0.157,15.3,25.9,7.99,0.0,38.77,38.74,0.0,0.0
237,2022-10-15 21:51:16,15565,27.2,11,72,0.0,0.0,0.0,0.157,15.3,25.9,7.99,0.0,38.83,38.8,0.0,0.0
238,2022-10-15 22:06:19,17052,27.1,5,72,0.0,0.0,0.0,0.157,15.3,25.9,7.99,0.0,38.88,38.86,0.0,0.0
239,2022-10-15 22:21:22,21842,27.0,0,72,0.0,0.0,0.0,0.157,15.3,25.9,7.99,0.0,38.94,38.92,0.0,0.0
240,2022-10-15 22:36:25,17206,27.0,0,71,0.0,0.0,0.0,0.157,15.3,25.9,7.99,0.0,38.97,38.94,0.0,0.0
241,2022-10-15 22:51:28,19244,27.0,0,73,0.0,0.0,0.0,0.157,15.3,25.9,7.99,0.0,38.98,38.95,0.0,0.0
242,2022-10-15 23:06:31,24043,27.0,0,73,0.0,0.0,0.0,0.157,15.3,25.9,7.99,0.0,38.99,38.96,0.0,0.0
243,2022-10-15 23:21:34,15137,27.0,0,72,0.0,0.0,0.0,0.157,15.3,25.9,7.99,0.0,39.0,38.97,0.0,0.0
244,2022-10-15 23:36:37,19635,27.0,0,73,0.0,0.0,0.0,0.157,15.3,25.9,7.99,0.0,39.01,38.98,0.0,0.0
245,2022-10-15 23:51:40,19902,27.0,0,72,0.0,0.0,0.0,0.157,15.3,25.9,7.99,0.0,39.02,38.99,0.0,0.0
246,2022-10-16 00:06:43,19482,27.0,0,72,0.0,0.0,0.0,0.157,15.3,25.9,7.99,0.0,39.03,39.0,0.0,0.0
247,2022-10-16 00:21:46,18284,27.0,0,71,0.0,0.0,0.0,0.157,15.3,25.9,7.99,0.0,39.04,39.01,0.0,0.0
248,2022-10-16 00:36:49,17962,26.9,0,71,0.0,0.0,0.0,0.157,15.3,25.9,7.99,0.0,39.04,39.02,0.0,0.0
249,2022-10-16 00:51:52,18856,26.9,0,71,0.0,0.0,0.0,0.157,15.3,25.9,7.99,0.0,39.05,39.03,0.0,0.0
250,2022-10-16 01:06:55,14386,26.9,0,72,0.0,0.0,0.0,0.157,15.3,25.9,7.99,0.0,39.06,39.04,0.0,0.0
251,2022-10-16 01:21:58,17371,26.8,0,72,0.0,0.0,0.0,0.157,15.3,25.9,7.99,0.0,39.07,39.05,0.0,0.0
252,2022-10-16 01:37:01,18246,26.7,0,72,0.0,0.0,0.0,0.157,15.3,25.9,7.99,0.0,39.08,39.06,0.0,0.0
253,2022-10-16 01:52:04,17387,26.7,0,72,0.0,0.0,0.0,0.157,15.3,25.9,7.99,0.0,39.09,39.07,0.0,0.0
254,2022-10-16 02:07:07,15829,26.7,0,72,0.0,0.0,0.0,0.157,15.3,25.9,7.99,0.0,39.1,39.08,0.0,0.0
255,2022-10-16 02:22:10,19268,26.8,0,72,0.0,0.0,0.0,0.157,15.3,25.9,7.99,0.0,39.11,39.09,0.0,0.0
256,2022-10-16 02:37:13,22530,26.7,0,72,0.0,0.0,0.0,0.157,15.3,25.9,7.99,0.0,39.12,39.1,0.0,0.0
257,2022-10-16 02:52:16,17520,26.8,0,72,0.0,0.0,0.0,0.157,15.3,25.9,7.99,0.0,39.13,39.11,0.0,0.0
258,2022-10-16 03:07:19,16264,26.7,0,72,0.0,0.0,0.0,0.157,15.3,25.9,7.99,0.0,39.14,39.12,0.0,0.0
259,2022-10-16 03:22:22,14667,26.7,0,73,0.0,0.0,0.0,0.157,15.3,25.9,7.99,0.0,39.15,39.13,0.0,0.0
260,2022-10-16 03:37:25,23074,26.7,0,72,0.0,0.0,0.0,0.157,15.3,25.9,7.99,0.0,39.16,39.14,0.0,0.0
261,2022-10-16 03:52:28,23523,26.7,0,73,0.0,0.0,0.0,0.157,15.3,25.9,7.99,0.0,39.19,39.16,0.0,0.0
262,2022-10-16 04:07:31,19348,26.7,0,72,0.0,0.0,0.0,0.157,15.3,25.9,7.99,0.0,39.2,39.17,0.0,0.0
263,2022-10-16 04:22:34,23144,26.6,0,73,0.0,0.0,0.0,0.157,15.3,25.9,7.99,0.0,39.21,39.18,0.0,0.0
264,2022-10-16 04:37:37,20689,26.6,0,72,0.0,0.0,0.0,0.157,15.3,25.9,7.99,0.0,39.22,39.19,0.0,0.0
265,2022-10-16 04:52:40,18637,26.6,0,72,0.0,0.0,0.0,0.157,15.3,25.9,7.99,0.0,39.23,39.2,0.0,0.0
266,2022-10-16 05:07:43,17009,26.5,0,73,0.0,0.0,0.0,0.157,15.3,25.9,7.99,0.0,39.24,39.21,0.0,0.0
267,2022-10-16 05:22:46,20465,26.5,0,73,0.0,0.0,0.0,0.157,15.3,25.9,7.99,0.0,39.25,39.22,0.0,0.0
268,2022-10-16 05:37:49,20199,26.4,0,72,0.0,0.0,0.0,0.157,15.3,25.9,7.99,0.0,39.26,39.23,0.0,0.0
269,2022-10-16 05:52:52,23054,26.4,0,72,0.0,0.0,0.0,0.157,15.3,25.9,7.99,0.0,39.27,39.24,0.0,0.0
270,2022-10-16 06:07:55,18420,26.5,0,73,0.0,0.0,0.0,0.157,15.3,25.9,7.99,0.0,39.28,39.25,0.0,0.0
271,2022-10-16 06:22:58,20052,26.6,0,72,0.0,0.0,0.0,0.157,15.3,25.9,7.99,0.0,39.3,39.28,0.0,0.0
272,2022-10-16 06:38:01,16465,26.6,0,71,0.0,0.0,0.0,0.157,15.3,25.9,7.99,0.0,39.31,39.29,0.0,0.0
273,2022-10-16 06:53:04,21869,26.4,0,73,0.0,0.0,0.0,0.157,15.3,25.9,7.99,0.0,39.32,39.3,0.0,0.0
274,2022-10-16 07:08:07,18294,26.4,0,73,0.0,0.0,0.0,0.157,15.3,25.9,7.99,0.0,39.33,39.31,0.0,0.0
275,2022-10-16 07:23:10,17705,26.5,0,72,0.0,0.0,0.0,0.157,15.3,25.9,7.99,0.0,39.36,39.33,0.0,0.0
276,2022-10-16 07:38:13,20389,26.4,0,73,0.0,0.0,0.0,0.157,15.3,25.9,7.99,0.0,39.37,39.34,0.0,0.0
277,2022-10-16 07:53:16,22638,26.3,0,73,0.0,0.0,0.0,0.157,15.3,25.9,7.99,0.0,39.38,39.35,0.0,0.0
278,2022-10-16 08:08:19,21332,26.4,0,73,0.0,0.0,0.0,0.157,15.3,25.9,7.99,0.0,39.38,39.36,0.0,0.0
279,2022-10-16 08:23:22,20324,26.3,0,74,0.0,0.0,0.0,0.157,15.3,25.9,7.99,0.0,39.39,39.37,0.0,0.0
280,2022-10-16 08:38:25,22755,26.3,0,74,0.0,0.0,0.0,0.157,15.3,25.9,7.99,0.0,39.4,39.38,0.0,0.0
281,2022-10-16 08:53:28,18603,26.3,0,73,0.0,0.0,0.0,0.157,15.3,25.9,7.99,0.0,39.41,39.39,0.0,0.0
282,2022-10-16 09:08:31,18996,26.1,0,73,0.0,0.0,0.0,0.157,15.3,25.9,7.99,0.0,39.42,39.4,0.0,0.0
283,2022-10-16 09:23:34,24084,26.2,0,74,0.0,0.0,0.0,0.157,15.3,25.9,7.99,0.0,39.43,39.41,0.0,0.0
284,2022-10-16 09:38:37,19041,26.2,0,73,0.0,0.0,0.0,0.157,15.3,25.9,7.99,0.0,39.44,39.42,0.0,0.0
285,2022-10-16 09:53:40,21093,26.2,0,72,0.0,0.0,0.0,0.157,15.3,25.9,7.99,0.0,39.45,39.43,0.0,0.0
286,2022-10-16 10:08:43,22576,26.1,0,74,0.0,0.0,0.0,0.157,15.3,25.9,7.99,0.0,39.46,39.44,39.46,0.0
287,2022-10-16 10:23:46,18871,26.1,1,72,0.0,0.0,0.0,0.157,15.3,25.9,7.99,0.0,39.47,39.45,0.0,0.0
288,2022-10-16 10:38:49,23248,26.1,5,73,0.0,0.0,0.0,0.157,15.3,25.9,7.99,0.0,39.53,39.5,0.0,0.0
289,2022-10-16 10:53:52,23679,26.2,21,73,0.0,0.0,0.0,0.157,15.3,25.9,7.99,0.0,39.59,39.56,0.0,0.0
290,2022-10-16 11:08:58,20844,26.5,49,73,0.0,0.0,0.0,0.157,15.3,25.9,7.99,0.0,39.64,39.62,0.0,0.0
291,2022-10-16 11:23:58,18094,26.7,92,73,0.0,0.0,0.0,0.157,15.3,25.9,7.99,0.0,39.71,39.68,0.0,0.0
292,2022-10-16 11:39:01,23527,26.7,111,73,0.0,0.0,0.0,0.157,15.3,25.9,7.99,0.0,39.77,39.75,0.0,0.0
293,2022-10-16 11:54:04,18767,27.0,149,71,0.0,0.0,0.0,0.157,15.3,25.9,7.99,0.0,39.84,39.82,0.0,0.0
294,2022-10-16 12:09:07,16326,27.2,184,71,0.0,0.0,0.0,0.157,15.3,25.9,7.99,0.0,39.92,39.89,0.0,0.0
295,2022-10-16 12:24:10,22235,27.4,276,70,0.0,0.0,0.0,0.157,15.3,25.9,7.99,0.0,39.99,39.97,0.0,0.0
296,2022-10-16 12:39:13,23253,27.9,413,69,0.0,0.0,0.0,0.157,15.3,25.9,7.99,0.0,40.08,40.05,0.0,0.0
297,2022-10-16 12:54:16,18092,28.3,338,68,0.0,0.0,0.0,0.157,15.3,25.9,7.99,0.0,40.17,40.15,0.0,0.0
298,2022-10-16 13:09:19,22731,28.2,376,68,0.0,0.0,0.0,0.157,15.3,25.9,7.99,0.0,40.26,40.24,0.0,0.0
299,2022-10-16 13:24:22,19677,28.4,505,68,0.0,0.0,0.0,0.157,15.3,25.9,7.99,0.0,40.35,40.33,0.0,0.0
300,2022-10-16 13:39:25,16855,28.4,456,67,0.0,0.0,0.0,0.157,15.3,25.9,7.99,0.0,40.45,40.43,0.0,0.0
301,2022-10-16 13:54:28,21125,28.5,648,68,0.0,0.0,0.0,0.157,15.3,25.9,7.99,0.0,40.55,40.52,0.0,0.0
302,2022-10-16 14:09:31,21065,28.6,701,67,0.0,0.0,0.0,0.157,15.3,25.9,7.99,0.0,40.65,40.63,0.0,0.0
303,2022-10-16 14:24:34,19379,28.4,730,67,0.0,0.0,0.0,0.157,15.3,25.9,7.99,0.0,40.76,40.73,0.0,0.0
304,2022-10-16 14:39:37,21853,28.7,712,68,0.0,0.0,0.0,0.157,15.3,25.9,7.99,0.0,40.86,40.84,0.0,0.0
305,2022-10-16 14:54:40,23640,28.7,792,67,0.0,0.0,0.0,0.157,15.3,25.9,7.99,0.0,40.97,40.94,0.0,0.0
306,2022-10-16 15:09:43,16005,28.7,786,67,0.0,0.0,0.0,0.157,15.3,25.9,7.99,0.0,41.08,41.05,0.0,0.0
307,2022-10-16 15:24:47,22445,28.5,807,67,0.0,0.0,0.0,0.157,15.3,25.9,7.99,0.0,41.18,41.16,0.0,0.0
308,2022-10-16 15:39:50,18241,28.7,815,67,0.0,0.0,0.0,0.157,15.3,25.9,7.99,0.0,41.29,41.26,0.0,0.0
309,2022-10-16 15:54:53,19162,28.7,843,67,0.0,0.0,0.0,0.157,15.3,25.9,7.99,0.0,41.4,41.37,0.0,0.0
310,2022-10-16 16:09:56,21494,28.7,853,67,0.0,0.0,0.0,0.157,15.3,25.9,7.99,0.0,41.5,41.48,0.0,0.0
311,2022-10-16 16:24:59,18864,28.6,339,68,0.0,0.0,0.0,0.157,15.3,25.9,7.99,0.0,41.61,41.58,0.0,0.0
312,2022-10-16 16:40:02,24232,28.4,858,68,0.0,0.0,0.0,0.157,15.3,25.9,7.99,0.0,41.69,41.66,0.0,0.0
313,2022-10-16 16:55:05,18594,28.5,445,68,0.0,0.0,0.0,0.157,15.3,25.9,7.99,0.0,41.8,41.77,0.0,0.0
314,2022-10-16 17:10:08,16465,28.4,884,68,0.0,0.0,0.0,0.157,15.3,25.9,7.99,0.0,41.88,41.86,0.0,0.0
315,2022-10-16 17:25:11,17588,28.8,618,68,0.0,0.0,0.0,0.157,15.3,25.9,7.99,0.0,41.99,41.96,0.0,0.0
316,2022-10-16 17:40:14,21263,28.8,593,68,0.0,0.0,0.0,0.157,15.3,25.9,7.99,0.0,42.08,42.06,0.0,0.0
317,2022-10-16 17:55:17,26398,28.8,612,67,0.0,0.0,0.0,0.157,15.3,25.9,7.99,0.0,42.18,42.15,0.0,0.0
318,2022-10-16 18:10:20,18754,29.0,737,68,0.0,0.0,0.0,0.157,15.3,25.9,7.99,0.0,42.27,42.25,0.0,0.0
319,2022-10-16 18:25:23,22522,28.8,770,68,0.0,0.0,0.0,0.157,15.3,25.9,7.99,0.0,42.38,42.35,0.0,0.0
320,2022-10-16 18:40:26,19589,28.8,687,68,0.0,0.0,0.0,0.157,15.3,25.9,7.99,0.0,42.48,42.45,0.0,0.0
321,2022-10-16 18:55:29,20899,28.9,641,68,0.0,0.0,0.0,0.157,15.3,25.9,7.99,0.0,42.58,42.55,0.0,0.0
322,2022-10-16 19:10:32,19834,28.8,390,67,0.0,0.0,0.0,0.157,15.3,25.9,7.99,0.0,42.68,42.65,0.0,0.0
323,2022-10-16 19:25:36,18149,28.8,528,68,0.0,0.0,0.0,0.157,15.3,25.9,7.99,0.0,42.77,42.74,0.0,0.0
324,2022-10-16 19:40:38,21820,28.7,531,68,0.0,0.0,0.0,0.157,15.3,25.9,7.99,0.0,42.86,42.84,0.0,0.0
325,2022-10-16 19:55:41,22720,28.5,286,69,0.0,0.0,0.0,0.157,15.3,25.9,7.99,0.0,42.96,42.93,0.0,0.0
326,2022-10-16 20:10:45,23426,28.3,375,69,0.0,0.0,0.0,0.157,15.3,25.9,7.99,0.0,43.04,43.01,0.0,0.0
327,2022-10-16 20:25:48,23396,28.6,273,68,0.0,0.0,0.0,0.157,15.3,25.9,7.99,0.0,43.13,43.1,0.0,0.0
328,2022-10-16 20:40:51,21252,28.0,134,69,0.0,0.0,0.0,0.157,15.3,25.9,7.99,0.0,43.21,43.18,0.0,0.0
329,2022-10-16 20:55:54,23388,27.5,63,69,0.0,0.0,0.0,0.157,15.3,25.9,7.99,0.0,43.27,43.24,0.0,0.0
330,2022-10-16 21:10:57,26356,27.7,150,69,0.0,0.0,0.0,0.157,15.3,25.9,7.99,0.0,43.33,43.3,0.0,0.0
331,2022-10-16 21:26:00,23571,27.6,85,69,0.0,0.0,0.0,0.157,15.3,25.9,7.99,0.0,43.4,43.37,0.0,0.0
332,2022-10-16 21:41:03,22097,27.3,53,70,0.0,0.0,0.0,0.157,15.3,25.9,7.99,0.0,43.46,43.43,0.0,0.0
333,2022-10-16 21:56:06,19497,27.1,21,71,0.0,0.0,0.0,0.157,15.3,25.9,7.99,0.0,43.52,43.49,0.0,0.0
334,2022-10-16 22:11:09,25567,26.9,3,71,0.0,0.0,0.0,0.157,15.3,25.9,7.99,0.0,43.57,43.54,0.0,0.0
335,2022-10-16 22:26:12,17591,26.7,0,72,0.0,0.0,0.0,0.157,15.3,25.9,7.99,0.0,43.63,43.6,0.0,0.0
336,2022-10-16 22:41:14,22695,26.7,1,73,0.0,0.0,0.0,0.157,15.3,25.9,7.99,0.0,43.66,43.63,0.0,0.0
337,2022-10-16 22:56:18,21387,26.7,0,73,0.0,0.0,0.0,0.157,15.3,25.9,7.99,0.0,43.71,43.68,0.0,0.0
338,2022-10-16 23:11:21,18739,26.6,0,73,0.0,0.0,0.0,0.157,15.3,25.9,7.99,0.0,43.72,43.69,0.0,0.0
339,2022-10-16 23:26:24,26917,26.6,0,73,0.0,0.0,0.0,0.157,15.3,25.9,7.99,0.0,43.73,43.7,0.0,0.0
340,2022-10-16 23:41:27,19155,26.5,0,72,0.0,0.0,0.0,0.157,15.3,25.9,7.99,0.0,43.74,43.71,0.0,0.0
341,2022-10-16 23:56:30,18679,26.5,0,72,0.0,0.0,0.0,0.157,15.3,24.7,7.99,0.0,43.75,43.72,0.0,0.0
342,2022-10-17 00:11:33,21997,26.4,0,72,0.0,0.0,0.0,0.157,15.3,24.1,7.99,0.0,43.76,43.73,0.0,0.0
343,2022-10-17 00:26:36,24349,26.5,0,73,0.0,0.0,0.0,0.157,15.3,24.1,7.99,0.0,43.76,43.73,0.0,0.0
344,2022-10-17 00:41:40,24190,26.4,0,72,0.0,0.0,0.0,0.157,15.3,24.1,7.99,0.0,43.77,43.74,0.0,0.0
345,2022-10-17 00:56:43,19897,26.5,0,74,0.0,0.0,0.0,0.157,15.3,24.1,7.99,0.0,43.81,43.78,0.0,0.0
346,2022-10-17 01:11:45,26907,26.5,0,72,0.0,0.0,0.0,0.157,15.3,24.1,7.99,0.0,43.83,43.8,0.0,0.0
347,2022-10-17 01:26:48,20929,26.4,0,72,0.0,0.0,0.0,0.157,15.3,24.1,7.99,0.0,43.84,43.81,0.0,0.0
348,2022-10-17 01:41:52,17225,26.4,0,72,0.0,0.0,0.0,0.157,15.3,24.1,7.99,0.0,43.85,43.82,0.0,0.0
349,2022-10-17 01:56:55,17079,26.4,0,72,0.0,0.0,0.0,0.157,15.3,24.1,7.99,0.0,43.86,43.83,0.0,0.0
350,2022-10-17 02:11:58,22152,26.4,0,72,0.0,0.0,0.0,0.157,15.3,24.1,7.99,0.0,43.87,43.84,0.0,0.0
351,2022-10-17 02:27:01,19303,26.4,0,73,0.0,0.0,0.0,0.157,15.3,24.1,7.99,0.0,43.87,43.85,0.0,0.0
352,2022-10-17 02:42:04,22512,26.3,0,72,0.0,0.0,0.0,0.157,15.3,24.1,7.99,0.0,43.88,43.85,0.0,0.0
353,2022-10-17 02:57:07,23584,26.3,0,72,0.0,0.0,0.0,0.157,15.3,24.1,7.99,0.0,43.89,43.86,0.0,0.0
354,2022-10-17 03:12:10,18120,26.4,0,72,0.0,0.0,0.0,0.157,15.3,24.1,7.99,0.0,43.9,43.87,0.0,0.0
355,2022-10-17 03:27:13,23235,26.4,0,73,0.0,0.0,0.0,0.157,15.3,24.1,7.99,0.0,43.91,43.88,0.0,0.0
356,2022-10-17 03:42:16,22067,26.3,0,73,0.0,0.0,0.0,0.157,15.3,24.1,7.99,0.0,43.95,43.92,0.0,0.0
357,2022-10-17 03:57:19,22794,26.3,0,72,0.0,0.0,0.0,0.157,15.3,24.1,7.99,0.0,43.98,43.95,0.0,0.0
358,2022-10-17 04:12:22,21226,26.0,0,73,0.0,0.0,0.0,0.157,15.3,24.1,7.99,0.0,44.0,43.97,0.0,0.0
359,2022-10-17 04:27:25,21797,26.0,0,73,0.0,0.0,0.0,0.157,15.3,24.1,7.99,0.0,44.01,43.98,0.0,0.0
360,2022-10-17 04:42:28,18786,25.9,0,73,0.0,0.0,0.0,0.157,15.3,24.1,7.99,0.0,44.02,43.99,0.0,0.0
361,2022-10-17 04:57:31,17668,25.9,0,73,0.0,0.0,0.0,0.157,15.3,24.1,7.99,0.0,44.03,44.0,0.0,0.0
362,2022-10-17 05:12:34,21406,25.9,0,73,0.0,0.0,0.0,0.157,15.3,24.1,7.99,0.0,44.04,44.01,0.0,0.0
363,2022-10-17 05:27:37,20324,25.6,0,74,0.0,0.0,0.0,0.157,15.3,24.1,7.99,0.0,44.06,44.03,0.0,0.0
364,2022-10-17 05:42:40,20827,25.5,1,75,0.0,0.0,0.0,0.157,15.3,24.1,7.99,0.0,44.08,44.05,0.0,0.0
365,2022-10-17 05:57:43,20832,25.4,0,75,0.0,0.0,0.0,0.157,15.3,24.1,7.99,0.0,44.13,44.1,0.0,0.0
366,2022-10-17 06:12:46,19124,25.4,1,75,0.0,0.0,0.0,0.157,15.3,24.1,7.99,0.0,44.17,44.14,0.0,0.0
367,2022-10-17 06:27:49,25228,25.4,1,76,0.0,0.0,0.0,0.157,15.3,24.1,7.99,0.0,44.22,44.19,0.0,0.0
368,2022-10-17 06:42:53,22098,25.2,1,76,0.0,0.0,0.0,0.157,15.3,24.1,7.99,0.0,44.27,44.24,0.0,0.0
369,2022-10-17 06:57:55,20691,25.3,1,76,0.0,0.0,0.0,0.157,15.3,24.1,7.99,0.0,44.32,44.29,0.0,0.0
370,2022-10-17 07:12:58,21211,25.3,0,77,0.0,0.0,0.0,0.157,15.3,24.1,7.99,0.0,44.37,44.34,0.0,0.0
371,2022-10-17 07:28:01,20874,25.1,1,77,0.0,0.0,0.0,0.157,15.3,24.1,7.99,0.0,44.41,44.38,0.0,0.0
372,2022-10-17 07:43:05,21452,24.7,0,77,0.0,0.0,0.0,0.157,15.3,24.1,7.99,0.0,44.46,44.43,0.0,0.0
373,2022-10-17 07:58:08,21229,24.1,0,79,0.0,0.0,0.0,0.157,15.3,24.1,7.99,0.0,44.48,44.45,0.0,0.0
374,2022-10-17 08:13:10,23679,23.5,0,81,0.0,0.0,0.0,0.157,15.3,24.1,7.99,0.0,44.49,44.46,0.0,0.0
375,2022-10-17 08:28:14,21369,23.1,0,82,0.0,0.0,0.0,0.157,15.3,24.1,7.99,0.0,44.5,44.47,0.0,0.0
376,2022-10-17 08:43:17,21598,23.1,0,82,0.0,0.0,0.0,0.157,15.3,24.1,7.99,0.0,44.53,44.5,0.0,0.0
377,2022-10-17 08:58:20,23673,22.8,0,83,0.0,0.0,0.0,0.157,15.3,24.1,7.99,0.0,44.57,44.54,0.0,0.0
378,2022-10-17 09:13:23,19985,22.5,0,84,0.0,0.0,0.0,0.157,15.3,24.1,7.99,0.0,44.58,44.55,0.0,0.0
379,2022-10-17 09:28:26,24013,22.2,0,85,0.0,0.0,0.0,0.157,15.3,24.1,7.99,0.0,44.59,44.56,0.0,0.0
380,2022-10-17 09:43:29,23598,21.9,0,85,0.0,0.0,0.0,0.157,15.3,24.1,7.99,0.0,44.59,44.56,0.0,0.0
381,2022-10-17 09:58:32,21223,21.8,1,86,0.0,0.0,0.0,0.157,15.3,24.1,7.99,0.0,44.62,44.59,0.0,0.0
382,2022-10-17 10:13:35,23326,21.8,0,86,0.0,0.0,0.0,0.157,15.3,24.1,7.99,0.0,44.67,44.64,44.67,0.0
383,2022-10-17 10:28:38,22723,21.8,2,86,0.0,0.0,0.0,0.157,15.3,24.1,7.99,0.0,44.7,44.67,0.0,0.0
384,2022-10-17 10:43:41,21297,21.6,7,87,0.0,0.0,0.0,0.157,15.3,24.1,7.99,0.0,44.75,44.72,0.0,0.0
385,2022-10-17 10:58:44,20943,21.6,19,87,0.0,0.0,0.0,0.157,15.3,24.1,7.99,0.0,44.8,44.77,0.0,0.0
386,2022-10-17 11:13:47,21473,22.0,55,86,0.0,0.0,0.0,0.157,15.3,24.1,7.99,0.0,44.86,44.83,0.0,0.0
387,2022-10-17 11:28:50,25735,23.0,113,84,0.0,0.0,0.0,0.157,15.3,24.1,7.99,0.0,44.91,44.88,0.0,0.0
388,2022-10-17 11:43:53,21757,24.6,164,80,0.0,0.0,0.0,0.157,15.3,24.1,7.99,0.0,44.97,44.94,0.0,0.0
389,2022-10-17 11:58:56,20912,26.3,217,75,0.0,0.0,0.0,0.157,15.3,24.1,7.99,0.0,45.04,45.01,0.0,0.0
390,2022-10-17 12:13:59,23089,27.9,270,72,0.0,0.0,0.0,0.157,15.3,24.1,7.99,0.0,45.11,45.08,0.0,0.0
391,2022-10-17 12:29:02,21591,28.7,312,70,0.0,0.0,0.0,0.157,15.3,24.1,7.99,0.0,45.19,45.16,0.0,0.0
392,2022-10-17 12:44:05,19797,29.1,384,69,0.0,0.0,0.0,0.157,15.3,24.1,7.99,0.0,45.27,45.24,0.0,0.0
393,2022-10-17 12:59:08,26997,29.5,448,69,0.0,0.0,0.0,0.157,15.3,24.1,7.99,0.0,45.35,45.32,0.0,0.0
394,2022-10-17 13:14:11,21157,29.7,536,69,0.0,0.0,0.0,0.157,15.3,24.1,7.99,0.0,45.44,45.41,0.0,0.0
395,2022-10-17 13:29:14,20737,29.4,518,69,0.0,0.0,0.0,0.157,15.3,24.1,7.99,0.0,45.53,45.5,0.0,0.0
396,2022-10-17 13:44:17,23907,29.6,629,68,0.0,0.0,0.0,0.157,15.3,24.1,7.99,0.0,45.62,45.59,0.0,0.0
397,2022-10-17 13:59:20,19487,29.7,701,68,0.0,0.0,0.0,0.157,15.3,24.1,7.99,0.0,45.71,45.68,0.0,0.0
398,2022-10-17 14:14:23,19472,30.0,757,68,0.0,0.0,0.0,0.157,15.3,24.1,7.99,0.0,45.81,45.78,0.0,0.0
399,2022-10-17 14:29:26,23971,30.0,780,67,0.0,0.0,0.0,0.157,15.3,24.1,7.99,0.0,45.9,45.87,0.0,0.0
400,2022-10-17 14:44:29,29471,30.1,810,68,0.0,0.0,0.0,0.157,15.3,24.1,7.99,0.0,46.0,45.97,0.0,0.0
401,2022-10-17 14:59:32,21342,30.2,846,68,0.0,0.0,0.0,0.157,15.3,24.1,7.99,0.0,46.09,46.06,0.0,0.0
402,2022-10-17 15:14:35,21654,30.1,819,68,0.0,0.0,0.0,0.157,15.3,24.1,7.99,0.0,46.19,46.16,0.0,0.0
403,2022-10-17 15:29:38,22274,30.0,621,69,0.0,0.0,0.0,0.157,15.3,24.1,7.99,0.0,46.28,46.25,0.0,0.0
404,2022-10-17 15:44:41,23343,30.3,910,68,0.0,0.0,0.0,0.157,15.3,24.1,7.99,0.0,46.37,46.34,0.0,0.0
405,2022-10-17 15:59:44,23876,29.7,211,69,0.0,0.0,0.0,0.157,15.3,24.1,7.99,0.0,46.47,46.43,0.0,0.0
406,2022-10-17 16:14:47,20559,28.9,213,70,0.0,0.0,0.0,0.157,15.3,24.1,7.99,0.0,46.54,46.5,0.0,0.0
407,2022-10-17 16:29:50,24629,30.2,806,67,0.0,0.0,0.0,0.157,15.3,24.1,7.99,0.0,46.61,46.57,0.0,0.0
408,2022-10-17 16:44:53,21614,31.0,516,67,0.0,0.0,0.0,0.157,15.3,24.1,7.99,0.0,46.7,46.66,0.0,0.0
409,2022-10-17 16:59:56,20327,29.7,245,68,0.0,0.0,0.0,0.157,15.3,24.1,7.99,0.0,46.78,46.74,0.0,0.0
410,2022-10-17 17:14:59,21166,29.6,252,68,0.0,0.0,0.0,0.157,15.3,24.1,7.99,0.0,46.85,46.82,0.0,0.0
411,2022-10-17 17:30:02,26179,29.2,236,69,0.0,0.0,0.0,0.157,15.3,24.1,7.99,0.0,46.92,46.89,0.0,0.0
412,2022-10-17 17:45:05,20772,28.4,430,76,0.0,0.0,0.0,0.157,15.3,24.1,7.99,0.0,46.99,46.96,0.0,0.0
413,2022-10-17 18:00:08,23135,28.4,361,75,0.0,0.0,0.0,0.157,15.3,24.1,7.99,0.0,47.07,47.04,0.0,0.0
414,2022-10-17 18:15:11,25430,29.3,569,73,0.0,0.0,0.0,0.157,15.3,24.1,7.99,0.0,47.15,47.12,0.0,0.0
415,2022-10-17 18:30:14,21308,29.2,595,73,0.0,0.0,0.0,0.157,15.3,24.1,7.99,0.0,47.24,47.2,0.0,0.0
416,2022-10-17 18:45:17,28026,29.4,498,72,0.0,0.0,0.0,0.157,15.3,24.1,7.99,0.0,47.33,47.29,0.0,0.0
417,2022-10-17 19:00:20,22819,29.6,438,71,0.0,0.0,0.0,0.157,15.3,24.1,7.99,0.0,47.41,47.37,0.0,0.0
418,2022-10-17 19:15:23,26107,29.6,341,70,0.0,0.0,0.0,0.157,15.3,24.1,7.99,0.0,47.49,47.45,0.0,0.0
419,2022-10-17 19:30:26,25120,29.0,371,71,0.0,0.0,0.0,0.157,15.3,24.1,7.99,0.0,47.56,47.53,0.0,0.0
420,2022-10-17 19:45:29,22566,28.6,138,72,0.0,0.0,0.0,0.157,15.3,24.1,7.99,0.0,47.64,47.6,0.0,0.0
421,2022-10-17 20:00:32,25075,28.2,151,74,0.0,0.0,0.0,0.157,15.3,24.1,7.99,0.0,47.7,47.66,0.0,0.0
422,2022-10-17 20:15:35,22587,28.7,402,73,0.0,0.0,0.0,0.157,15.3,24.1,7.99,0.0,47.76,47.73,0.0,0.0
423,2022-10-17 20:30:38,27318,29.4,369,73,0.0,0.0,0.0,0.157,15.3,24.1,7.99,0.0,47.84,47.81,0.0,0.0
424,2022-10-17 20:45:41,24704,29.0,286,73,0.0,0.0,0.0,0.157,15.3,24.1,7.99,0.0,47.92,47.88,0.0,0.0
425,2022-10-17 21:00:46,18405,28.9,209,73,0.0,0.0,0.0,0.157,15.3,24.1,7.99,0.0,47.99,47.96,0.0,0.0
426,2022-10-17 21:15:47,23826,28.3,61,75,0.0,0.0,0.0,0.157,15.3,24.1,7.99,0.0,48.06,48.02,0.0,0.0
427,2022-10-17 21:30:50,23136,27.6,21,77,0.0,0.0,0.0,0.157,15.3,24.1,7.99,0.0,48.11,48.07,0.0,0.0
428,2022-10-17 21:45:54,24931,27.4,16,79,0.0,0.0,0.0,0.157,15.3,24.1,7.99,0.0,48.16,48.12,0.0,0.0
429,2022-10-17 22:00:56,23715,26.9,1,78,0.0,0.0,0.0,0.157,15.3,24.1,7.99,0.0,48.21,48.17,0.0,0.0
430,2022-10-17 22:15:59,23785,24.9,0,78,0.0,0.0,0.0,0.157,15.3,24.1,7.99,0.0,48.24,48.2,0.0,0.0
431,2022-10-17 22:31:02,27335,24.5,2,79,0.0,0.0,0.0,0.157,15.3,24.1,7.99,0.0,48.25,48.21,0.0,0.0
432,2022-10-17 22:46:05,23538,24.0,0,84,0.33,0.4,0.0,0.157,15.3,24.1,7.99,0.0,48.29,48.26,0.0,0.0
433,2022-10-17 23:01:08,22290,23.7,1,86,0.73,0.8,0.0,0.157,15.3,24.1,7.99,0.0,48.32,48.29,0.0,0.0
434,2022-10-17 23:16:11,22656,23.3,0,88,3.47,3.67,0.0,0.157,15.3,24.1,7.99,0.0,48.37,48.33,0.0,0.0
435,2022-10-17 23:31:14,23549,22.9,0,89,9.07,9.33,0.0,0.157,15.3,24.1,7.99,0.0,48.39,48.35,0.0,0.0
436,2022-10-17 23:46:17,23577,22.7,0,91,16.93,17.93,0.0,0.157,15.3,24.1,7.99,0.0,48.4,48.36,0.0,0.0
437,2022-10-18 00:01:20,25265,22.5,0,91,26.6,1.67,0.0,0.157,15.3,26.1,7.99,0.0,48.4,48.37,0.0,0.0
438,2022-10-18 00:16:23,25542,22.5,0,91,24.73,2.4,0.0,0.157,15.3,26.1,7.99,0.0,48.41,48.38,0.0,0.0
439,2022-10-18 00:31:26,25896,22.7,0,91,19.13,2.4,0.0,0.157,15.3,26.1,7.99,0.0,48.44,48.41,0.0,0.0
440,2022-10-18 00:46:29,27125,22.8,1,92,10.93,2.4,0.0,0.157,15.3,26.1,7.99,0.0,48.45,48.42,0.0,0.0
441,2022-10-18 01:01:32,31606,22.6,0,92,0.87,2.4,0.0,0.157,15.3,26.1,7.99,0.0,48.5,48.46,0.0,0.0
442,2022-10-18 01:16:35,21220,22.4,0,92,0.0,2.4,0.0,0.157,15.3,26.1,7.99,0.0,48.5,48.47,0.0,0.0
443,2022-10-18 01:31:38,25289,22.5,0,92,0.0,2.4,0.0,0.157,15.3,26.1,7.99,0.0,48.51,48.48,0.0,0.0
444,2022-10-18 01:46:41,20080,22.5,0,92,0.0,2.4,0.0,0.157,15.3,26.1,7.99,0.0,48.52,48.48,0.0,0.0
445,2022-10-18 02:01:44,28336,22.6,0,92,0.0,2.4,0.0,0.157,15.3,26.1,7.99,0.0,48.55,48.51,0.0,0.0
446,2022-10-18 02:16:47,24039,22.6,1,92,0.0,2.4,0.0,0.157,15.3,26.1,7.99,0.0,48.58,48.55,0.0,0.0
447,2022-10-18 02:31:51,28496,22.7,1,92,0.0,2.4,0.0,0.157,15.3,26.1,7.99,0.0,48.63,48.59,0.0,0.0
448,2022-10-18 02:46:54,24554,22.7,1,92,0.0,2.4,0.0,0.157,15.3,26.1,7.99,0.0,48.67,48.64,0.0,0.0
449,2022-10-18 03:01:57,27063,22.7,1,92,0.0,2.4,0.0,0.157,15.3,26.1,7.99,0.0,48.72,48.68,0.0,0.0
450,2022-10-18 03:17:00,23896,22.7,0,92,0.0,2.4,0.0,0.157,15.3,26.1,7.99,0.0,48.76,48.73,0.0,0.0
451,2022-10-18 03:32:03,27181,22.7,0,92,0.0,2.4,0.0,0.157,15.3,26.1,7.99,0.0,48.78,48.75,0.0,0.0
452,2022-10-18 03:47:06,26545,22.7,0,92,0.0,2.4,0.0,0.157,15.3,26.1,7.99,0.0,48.79,48.75,0.0,0.0
453,2022-10-18 04:02:09,25650,22.6,0,92,0.0,2.4,0.0,0.157,15.3,26.1,7.99,0.0,48.8,48.76,0.0,0.0
454,2022-10-18 04:17:12,25124,22.7,0,93,0.0,2.4,0.0,0.157,15.3,26.1,7.99,0.0,48.81,48.77,0.0,0.0
455,2022-10-18 04:32:15,23253,22.8,0,93,0.0,2.4,0.0,0.157,15.3,26.1,7.99,0.0,48.81,48.78,0.0,0.0
456,2022-10-18 04:47:18,23598,22.8,0,93,0.0,2.4,0.0,0.157,15.3,26.1,7.99,0.0,48.82,48.78,0.0,0.0
457,2022-10-18 05:02:21,24307,22.9,0,93,0.0,2.4,0.0,0.157,15.3,26.1,7.99,0.0,48.83,48.79,0.0,0.0
458,2022-10-18 05:17:24,25435,22.9,0,93,0.0,2.4,0.0,0.157,15.3,26.1,7.99,0.0,48.83,48.8,0.0,0.0
459,2022-10-18 05:32:27,25250,22.9,0,93,0.0,2.4,0.0,0.157,15.3,26.1,7.99,0.0,48.84,48.8,0.0,0.0
460,2022-10-18 05:47:30,26076,22.9,0,93,0.0,2.4,0.0,0.157,15.3,26.1,7.99,0.0,48.85,48.81,0.0,0.0
461,2022-10-18 06:02:33,27230,22.8,0,93,0.0,2.4,0.0,0.157,15.3,26.1,7.99,0.0,48.86,48.82,0.0,0.0
462,2022-10-18 06:17:36,24731,22.8,0,93,0.0,2.4,0.0,0.157,15.3,26.1,7.99,0.0,48.86,48.83,0.0,0.0
463,2022-10-18 06:32:37,24526,22.7,0,93,0.0,2.4,0.0,0.157,15.3,26.1,7.99,0.0,48.87,48.83,0.0,0.0
464,2022-10-18 06:47:38,27425,22.6,0,93,0.0,2.4,0.0,0.157,15.3,26.1,7.99,0.0,48.88,48.84,0.0,0.0
465,2022-10-18 07:02:41,21607,22.5,0,93,0.0,2.4,0.0,0.157,15.3,26.1,7.99,0.0,48.88,48.85,0.0,0.0
466,2022-10-18 07:17:44,25463,22.4,0,93,0.0,2.4,0.0,0.157,15.3,26.1,7.99,0.0,48.89,48.85,0.0,0.0
467,2022-10-18 07:32:47,23420,22.3,0,93,0.0,2.4,0.0,0.157,15.3,26.1,7.99,0.0,48.9,48.86,0.0,0.0
468,2022-10-18 07:47:50,29031,22.2,0,93,0.0,2.4,0.0,0.157,15.3,26.1,7.99,0.0,48.9,48.87,0.0,0.0
469,2022-10-18 08:02:53,24196,22.1,0,93,0.07,2.47,0.0,0.157,15.3,26.1,7.99,0.0,48.91,48.88,0.0,0.0
470,2022-10-18 08:17:56,23302,22.1,0,93,0.2,2.6,0.0,0.157,15.3,26.1,7.99,0.0,48.92,48.88,0.0,0.0
471,2022-10-18 08:32:59,26208,22.2,0,93,0.2,2.6,0.0,0.157,15.3,26.1,7.99,0.0,48.93,48.89,0.0,0.0
472,2022-10-18 08:48:02,22090,22.1,0,93,0.2,2.6,0.0,0.157,15.3,26.1,7.99,0.0,48.93,48.9,0.0,0.0
473,2022-10-18 09:03:05,25016,22.0,0,93,0.13,2.6,0.0,0.157,15.3,26.1,7.99,0.0,48.94,48.9,0.0,0.0
474,2022-10-18 09:18:08,25052,22.0,0,93,0.0,2.6,0.0,0.157,15.3,26.1,7.99,0.0,48.95,48.91,0.0,0.0
475,2022-10-18 09:33:11,26093,22.0,0,93,0.0,2.6,0.0,0.157,15.3,26.1,7.99,0.0,48.95,48.92,0.0,0.0
476,2022-10-18 09:48:14,23013,21.9,0,94,0.0,2.6,0.0,0.157,15.3,26.1,7.99,0.0,48.96,48.93,0.0,0.0
477,2022-10-18 10:03:17,23577,21.8,0,94,0.0,2.6,0.0,0.157,15.3,26.1,7.99,0.0,48.97,48.93,48.97,48.97
478,2022-10-18 10:18:20,30139,21.8,0,94,0.0,2.6,0.0,0.157,15.3,26.1,7.99,0.0,48.98,48.94,0.0,0.0
479,2022-10-18 10:33:23,22282,21.7,1,94,0.0,2.6,0.0,0.157,15.3,26.1,7.99,0.0,48.98,48.95,0.0,0.0
480,2022-10-18 10:48:26,25623,21.6,10,94,0.0,2.6,0.0,0.157,15.3,26.1,7.99,0.0,49.02,48.98,0.0,0.0
481,2022-10-18 11:03:29,21991,21.5,34,94,0.0,2.6,0.0,0.157,15.3,26.1,7.99,0.0,49.06,49.02,0.0,0.0
482,2022-10-18 11:18:32,22218,21.5,64,94,0.0,2.6,0.0,0.157,15.3,26.1,7.99,0.0,49.11,49.07,0.0,0.0
483,2022-10-18 11:33:35,26352,21.7,118,95,0.0,2.6,0.0,0.157,15.3,26.1,7.99,0.0,49.16,49.12,0.0,0.0
484,2022-10-18 11:48:38,19095,22.1,164,94,0.0,2.6,0.0,0.157,15.3,26.1,7.99,0.0,49.22,49.18,0.0,0.0
485,2022-10-18 12:03:41,27242,22.5,245,94,0.0,2.6,0.0,0.157,15.3,26.1,7.99,0.0,49.28,49.24,0.0,0.0
486,2022-10-18 12:18:44,22712,23.0,338,92,0.0,2.6,0.0,0.157,15.3,26.1,7.99,0.0,49.34,49.31,0.0,0.0
487,2022-10-18 12:33:47,27608,23.7,376,90,0.0,2.6,0.0,0.157,15.3,26.1,7.99,0.0,49.42,49.38,0.0,0.0
488,2022-10-18 12:48:50,28138,24.6,426,86,0.0,2.6,0.0,0.157,15.3,26.1,7.99,0.0,49.49,49.46,0.0,0.0
489,2022-10-18 13:03:53,25549,25.3,559,84,0.0,2.6,0.0,0.157,15.3,26.1,7.99,0.0,49.57,49.53,0.0,0.0
490,2022-10-18 13:18:56,22191,25.5,313,83,0.0,2.6,0.0,0.157,15.3,26.1,7.99,0.0,49.65,49.62,0.0,0.0
491,2022-10-18 13:33:59,26767,25.8,408,82,0.0,2.6,0.0,0.157,15.3,26.1,7.99,0.0,49.72,49.69,0.0,0.0
492,2022-10-18 13:49:02,27565,26.4,659,80,0.0,2.6,0.0,0.157,15.3,26.1,7.99,0.0,49.8,49.76,0.0,0.0
493,2022-10-18 14:04:05,25738,27.1,508,77,0.0,2.6,0.0,0.157,15.3,26.1,7.99,0.0,49.88,49.85,0.0,0.0
494,2022-10-18 14:19:08,24663,27.4,452,75,0.0,2.6,0.0,0.157,15.3,26.1,7.99,0.0,49.96,49.93,0.0,0.0
495,2022-10-18 14:34:11,24444,27.4,385,75,0.0,2.6,0.0,0.157,15.3,26.1,7.99,0.0,50.04,50.0,0.0,0.0
496,2022-10-18 14:49:14,24556,27.8,408,73,0.0,2.6,0.0,0.157,15.3,26.1,7.99,0.0,50.11,50.08,0.0,0.0
497,2022-10-18 15:04:17,21551,28.0,615,72,0.0,2.6,0.0,0.157,15.3,26.1,7.99,0.0,50.18,50.15,0.0,0.0
498,2022-10-18 15:19:20,23176,28.1,795,71,0.0,2.6,0.0,0.157,15.3,26.1,7.99,0.0,50.26,50.23,0.0,0.0
499,2022-10-18 15:34:23,23686,28.5,805,70,0.0,2.6,0.0,0.157,15.3,26.1,7.99,0.0,50.35,50.31,0.0,0.0
500,2022-10-18 15:49:26,26090,28.9,797,68,0.0,2.6,0.0,0.157,15.3,26.1,7.99,0.0,50.44,50.4,0.0,0.0
501,2022-10-18 16:04:29,24044,28.9,797,68,0.0,2.6,0.0,0.157,15.3,26.1,7.99,0.0,50.52,50.48,0.0,0.0
502,2022-10-18 16:19:32,24026,29.2,809,68,0.0,2.6,0.0,0.157,15.3,26.1,7.99,0.0,50.61,50.57,0.0,0.0
503,2022-10-18 16:34:35,26800,29.4,720,66,0.0,2.6,0.0,0.157,15.3,26.1,7.99,0.0,50.69,50.66,0.0,0.0
504,2022-10-18 16:49:38,24884,29.8,786,66,0.0,2.6,0.0,0.157,15.3,26.1,7.99,0.0,50.77,50.74,0.0,0.0
505,2022-10-18 17:04:41,20856,29.6,356,64,0.0,2.6,0.0,0.157,15.3,26.1,7.99,0.0,50.86,50.82,0.0,0.0
506,2022-10-18 17:19:44,23701,29.4,521,65,0.0,2.6,0.0,0.157,15.3,26.1,7.99,0.0,50.93,50.89,0.0,0.0
507,2022-10-18 17:34:47,21950,29.8,640,64,0.0,2.6,0.0,0.157,15.3,26.1,7.99,0.0,51.01,50.97,0.0,0.0
508,2022-10-18 17:49:50,26281,29.4,332,65,0.0,2.6,0.0,0.157,15.3,26.1,7.99,0.0,51.09,51.05,0.0,0.0
509,2022-10-18 18:04:53,24502,28.9,199,68,0.0,2.6,0.0,0.157,15.3,26.1,7.99,0.0,51.15,51.12,0.0,0.0
510,2022-10-18 18:19:56,23360,28.3,262,70,0.0,2.6,0.0,0.157,15.3,26.1,7.99,0.0,51.21,51.18,0.0,0.0
511,2022-10-18 18:34:59,29261,28.2,222,71,0.0,2.6,0.0,0.157,15.3,26.1,7.99,0.0,51.28,51.24,0.0,0.0
512,2022-10-18 18:50:05,21898,28.3,199,71,0.0,2.6,0.0,0.157,15.3,26.1,7.99,0.0,51.34,51.3,0.0,0.0
513,2022-10-18 19:05:05,25705,25.1,36,80,1.87,4.73,0.0,0.157,15.3,26.1,7.99,0.0,51.4,51.36,0.0,0.0
514,2022-10-18 19:20:08,27880,22.6,75,86,3.6,6.2,0.0,0.157,15.3,26.1,7.99,0.0,51.45,51.41,0.0,0.0
515,2022-10-18 19:35:11,25131,22.8,147,89,3.6,6.2,0.0,0.157,15.3,26.1,7.99,0.0,51.5,51.46,0.0,0.0
516,2022-10-18 19:50:14,26402,23.4,199,91,3.73,6.33,0.0,0.157,15.3,26.1,7.99,0.0,51.55,51.51,0.0,0.0
517,2022-10-18 20:05:17,26585,23.9,196,90,1.93,6.4,0.0,0.157,15.3,26.1,7.99,0.0,51.61,51.57,0.0,0.0
518,2022-10-18 20:20:20,30294,24.2,214,89,0.2,6.4,0.0,0.157,15.3,26.1,7.99,0.0,51.67,51.63,0.0,0.0
519,2022-10-18 20:35:23,28706,24.6,163,87,0.2,6.4,0.0,0.157,15.3,26.1,7.99,0.0,51.73,51.69,0.0,0.0
520,2022-10-18 20:50:26,27321,24.7,70,87,0.07,6.4,0.0,0.157,15.3,26.1,7.99,0.0,51.79,51.75,0.0,0.0
521,2022-10-18 21:05:29,24859,24.8,48,85,0.0,6.4,0.0,0.157,15.3,26.1,7.99,0.0,51.83,51.8,0.0,0.0
522,2022-10-18 21:20:32,21649,24.7,51,84,0.0,6.4,0.0,0.157,15.3,26.1,7.99,0.0,51.88,51.84,0.0,0.0
523,2022-10-18 21:35:35,29181,24.6,22,84,0.0,6.4,0.0,0.157,15.3,26.1,7.99,0.0,51.93,51.89,0.0,0.0
524,2022-10-18 21:50:40,21636,24.5,12,84,0.0,6.4,0.0,0.157,15.3,26.1,7.99,0.0,51.97,51.93,0.0,0.0
525,2022-10-18 22:05:41,29599,24.5,3,85,0.0,6.4,0.0,0.157,15.3,26.1,7.99,0.0,52.01,51.97,0.0,0.0
526,2022-10-18 22:20:44,26109,24.3,0,85,0.0,6.4,0.0,0.157,15.3,26.1,7.99,0.0,52.05,52.02,0.0,0.0
527,2022-10-18 22:35:47,20169,24.1,0,86,0.0,6.4,0.0,0.157,15.3,26.1,7.99,0.0,52.06,52.02,0.0,0.0
528,2022-10-18 22:50:50,30446,23.9,0,88,0.0,6.4,0.0,0.157,15.3,26.1,7.99,0.0,52.07,52.03,0.0,0.0
529,2022-10-18 23:05:53,28113,23.9,0,88,0.0,6.4,0.0,0.157,15.3,26.1,7.99,0.0,52.08,52.05,0.0,0.0
530,2022-10-18 23:20:56,26026,23.8,0,88,0.0,6.4,0.0,0.157,15.3,26.1,7.99,0.0,52.09,52.05,0.0,0.0
531,2022-10-18 23:35:59,24088,23.8,0,88,0.0,6.4,0.0,0.157,15.3,26.1,7.99,0.0,52.1,52.06,0.0,0.0
532,2022-10-18 23:51:02,25127,23.9,0,88,0.0,4.27,0.0,0.157,15.3,25.3,7.99,0.0,52.1,52.07,0.0,0.0
533,2022-10-19 00:06:05,20798,23.9,0,88,0.0,0.0,0.0,0.157,15.3,23.9,7.99,0.0,52.11,52.07,0.0,0.0
534,2022-10-19 00:21:08,26700,23.9,0,88,0.0,0.0,0.0,0.157,15.3,23.9,7.99,0.0,52.12,52.08,0.0,0.0
535,2022-10-19 00:36:11,25995,24.0,0,88,0.0,0.0,0.0,0.157,15.3,23.9,7.99,0.0,52.12,52.08,0.0,0.0
536,2022-10-19 00:51:14,28569,24.0,0,88,0.0,0.0,0.0,0.157,15.3,23.9,7.99,0.0,52.13,52.09,0.0,0.0
537,2022-10-19 01:06:17,23201,23.9,0,89,0.0,0.0,0.0,0.157,15.3,23.9,7.99,0.0,52.13,52.1,0.0,0.0
538,2022-10-19 01:21:20,25914,23.9,0,89,0.0,0.0,0.0,0.157,15.3,23.9,7.99,0.0,52.14,52.1,0.0,0.0
539,2022-10-19 01:36:23,24577,23.9,0,89,0.0,0.0,0.0,0.157,15.3,23.9,7.99,0.0,52.15,52.11,0.0,0.0
540,2022-10-19 01:51:26,24702,23.8,0,89,0.0,0.0,0.0,0.157,15.3,23.9,7.99,0.0,52.15,52.11,0.0,0.0
541,2022-10-19 02:06:29,21804,23.9,0,88,0.0,0.0,0.0,0.157,15.3,23.9,7.99,0.0,52.16,52.12,0.0,0.0
542,2022-10-19 02:21:32,32155,23.9,0,88,0.0,0.0,0.0,0.157,15.3,23.9,7.99,0.0,52.16,52.13,0.0,0.0
543,2022-10-19 02:36:35,31209,23.8,0,87,0.0,0.0,0.0,0.157,15.3,23.9,7.99,0.0,52.17,52.13,0.0,0.0
544,2022-10-19 02:51:38,26850,23.7,0,87,0.0,0.0,0.0,0.157,15.3,23.9,7.99,0.0,52.18,52.14,0.0,0.0
545,2022-10-19 03:06:41,26293,23.5,0,87,0.0,0.0,0.0,0.157,15.3,23.9,7.99,0.0,52.18,52.15,0.0,0.0
546,2022-10-19 03:21:44,26479,23.3,0,86,0.0,0.0,0.0,0.157,15.3,23.9,7.99,0.0,52.19,52.15,0.0,0.0
547,2022-10-19 03:36:47,25021,23.1,0,87,0.0,0.0,0.0,0.157,15.3,23.9,7.99,0.0,52.2,52.16,0.0,0.0
548,2022-10-19 03:51:50,27387,23.0,0,87,0.0,0.0,0.0,0.157,15.3,23.9,7.99,0.0,52.2,52.16,0.0,0.0
549,2022-10-19 04:06:53,25279,22.9,0,88,0.0,0.0,0.0,0.157,15.3,23.9,7.99,0.0,52.21,52.17,0.0,0.0
550,2022-10-19 04:21:56,31400,22.8,0,88,0.0,0.0,0.0,0.157,15.3,23.9,7.99,0.0,52.21,52.18,0.0,0.0
551,2022-10-19 04:36:59,25333,22.5,0,81,0.0,0.0,0.0,0.157,15.3,23.9,7.99,0.0,52.22,52.18,0.0,0.0
552,2022-10-19 04:52:02,23860,22.0,0,78,0.0,0.0,0.0,0.157,15.3,23.9,7.99,0.0,52.23,52.19,0.0,0.0
553,2022-10-19 05:07:05,27378,21.4,0,76,0.0,0.0,0.0,0.157,15.3,23.9,7.99,0.0,52.23,52.2,0.0,0.0
554,2022-10-19 05:22:08,26393,21.1,0,75,0.0,0.0,0.0,0.157,15.3,23.9,7.99,0.0,52.24,52.2,0.0,0.0
555,2022-10-19 05:37:11,23661,20.9,0,75,0.0,0.0,0.0,0.157,15.3,23.9,7.99,0.0,52.25,52.21,0.0,0.0
556,2022-10-19 05:52:14,31349,20.7,0,75,0.0,0.0,0.0,0.157,15.3,23.9,7.99,0.0,52.25,52.21,0.0,0.0
557,2022-10-19 06:07:17,24964,20.6,0,75,0.0,0.0,0.0,0.157,15.3,23.9,7.99,0.0,52.26,52.22,0.0,0.0
558,2022-10-19 06:22:21,27013,20.5,0,76,0.0,0.0,0.0,0.157,15.3,23.9,7.99,0.0,52.26,52.23,0.0,0.0
559,2022-10-19 06:37:24,24835,20.4,0,75,0.0,0.0,0.0,0.157,15.3,23.9,7.99,0.0,52.27,52.23,0.0,0.0
560,2022-10-19 06:52:27,25342,20.2,0,71,0.0,0.0,0.0,0.157,15.3,23.9,7.99,0.0,52.28,52.24,0.0,0.0
561,2022-10-19 07:07:30,21801,19.9,0,67,0.0,0.0,0.0,0.157,15.3,23.9,7.99,0.0,52.28,52.24,0.0,0.0
562,2022-10-19 07:22:33,24824,19.7,0,68,0.0,0.0,0.0,0.157,15.3,23.9,7.99,0.0,52.29,52.25,0.0,0.0
563,2022-10-19 07:37:36,29694,19.5,0,69,0.0,0.0,0.0,0.157,15.3,23.9,7.99,0.0,52.29,52.26,0.0,0.0
564,2022-10-19 07:52:39,23518,19.3,0,70,0.0,0.0,0.0,0.157,15.3,23.9,7.99,0.0,52.3,52.26,0.0,0.0
565,2022-10-19 08:07:42,27036,18.9,0,67,0.0,0.0,0.0,0.157,15.3,23.9,7.99,0.0,52.31,52.27,0.0,0.0
566,2022-10-19 08:22:45,29440,18.5,0,68,0.0,0.0,0.0,0.157,15.3,23.9,7.99,0.0,52.31,52.28,0.0,0.0
567,2022-10-19 08:37:48,24246,18.2,0,68,0.0,0.0,0.0,0.157,15.3,23.9,7.99,0.0,52.32,52.28,0.0,0.0
568,2022-10-19 08:52:51,23256,17.8,0,66,0.0,0.0,0.0,0.157,15.3,23.9,7.99,0.0,52.33,52.29,0.0,0.0
569,2022-10-19 09:07:54,25495,17.4,0,66,0.0,0.0,0.0,0.157,15.3,23.9,7.99,0.0,52.33,52.29,0.0,0.0
570,2022-10-19 09:22:57,23522,17.2,0,68,0.0,0.0,0.0,0.157,15.3,23.9,7.99,0.0,52.34,52.3,0.0,0.0
571,2022-10-19 09:38:00,27987,17.0,0,68,0.0,0.0,0.0,0.157,15.3,23.9,7.99,0.0,52.34,52.31,0.0,0.0
572,2022-10-19 09:53:03,27842,16.9,0,68,0.0,0.0,0.0,0.157,15.3,23.9,7.99,0.0,52.35,52.31,0.0,0.0
573,2022-10-19 10:08:06,24873,16.5,0,68,0.0,0.0,0.0,0.157,15.3,23.9,7.99,0.0,52.36,52.32,52.36,0.0
574,2022-10-19 10:23:09,28712,16.0,0,67,0.0,0.0,0.0,0.157,15.3,23.9,7.99,0.0,52.36,52.32,0.0,0.0
575,2022-10-19 10:38:12,29727,15.7,0,67,0.0,0.0,0.0,0.157,15.3,23.9,7.99,0.0,52.37,52.33,0.0,0.0
576,2022-10-19 10:53:15,26075,15.5,3,67,0.0,0.0,0.0,0.157,15.3,23.9,7.99,0.0,52.4,52.36,0.0,0.0
577,2022-10-19 11:08:19,28512,15.3,10,68,0.0,0.0,0.0,0.157,15.3,23.9,7.99,0.0,52.44,52.4,0.0,0.0
578,2022-10-19 11:23:22,25797,15.3,21,69,0.0,0.0,0.0,0.157,15.3,23.9,7.99,0.0,52.48,52.44,0.0,0.0
579,2022-10-19 11:38:25,27972,15.1,34,69,0.0,0.0,0.0,0.157,15.3,23.9,7.99,0.0,52.52,52.48,0.0,0.0
580,2022-10-19 11:53:28,25029,15.1,38,69,0.0,0.0,0.0,0.157,15.3,23.9,7.99,0.0,52.57,52.53,0.0,0.0
581,2022-10-19 12:08:32,26319,15.0,43,71,0.0,0.0,0.0,0.157,15.3,23.9,7.99,0.0,52.61,52.57,0.0,0.0
582,2022-10-19 12:23:35,27991,14.9,66,70,0.0,0.0,0.0,0.157,15.3,23.9,7.99,0.0,52.65,52.61,0.0,0.0
583,2022-10-19 12:38:39,26988,14.9,62,71,0.0,0.0,0.0,0.157,15.3,23.9,7.99,0.0,52.7,52.66,0.0,0.0
584,2022-10-19 12:53:42,30162,15.0,82,71,0.0,0.0,0.0,0.157,15.3,23.9,7.99,0.0,52.75,52.71,0.0,0.0
585,2022-10-19 13:08:45,24494,15.2,131,71,0.0,0.0,0.0,0.157,15.3,23.9,7.99,0.0,52.79,52.75,0.0,0.0
586,2022-10-19 13:23:48,28321,15.3,134,70,0.0,0.0,0.0,0.157,15.3,23.9,7.99,0.0,52.85,52.8,0.0,0.0
587,2022-10-19 13:38:51,21854,15.3,153,70,0.0,0.0,0.0,0.157,15.3,23.9,7.99,0.0,52.9,52.86,0.0,0.0
588,2022-10-19 13:53:54,26385,15.5,197,70,0.0,0.0,0.0,0.157,15.3,23.9,7.99,0.0,52.95,52.91,0.0,0.0
589,2022-10-19 14:08:57,22858,15.7,173,70,0.0,0.0,0.0,0.157,15.3,23.9,7.99,0.0,53.01,52.97,0.0,0.0
590,2022-10-19 14:24:00,26704,15.9,138,72,0.0,0.0,0.0,0.157,15.3,23.9,7.99,0.0,53.07,53.02,0.0,0.0
591,2022-10-19 14:39:03,28896,16.0,183,72,0.0,0.0,0.0,0.157,15.3,23.9,7.99,0.0,53.12,53.07,0.0,0.0
592,2022-10-19 14:54:06,26649,16.0,208,72,0.0,0.0,0.0,0.157,15.3,23.9,7.99,0.0,53.17,53.13,0.0,0.0
593,2022-10-19 15:09:09,20959,16.4,273,72,0.0,0.0,0.0,0.157,15.3,23.9,7.99,0.0,53.23,53.19,0.0,0.0
594,2022-10-19 15:24:12,28118,16.8,255,71,0.0,0.0,0.0,0.157,15.3,23.9,7.99,0.0,53.29,53.25,0.0,0.0
595,2022-10-19 15:39:15,27382,16.9,207,72,0.0,0.0,0.0,0.157,15.3,23.9,7.99,0.0,53.35,53.31,0.0,0.0
596,2022-10-19 15:54:18,26087,16.9,162,73,0.0,0.0,0.0,0.157,15.3,23.9,7.99,0.0,53.41,53.36,0.0,0.0
597,2022-10-19 16:09:21,26139,16.6,141,74,0.0,0.0,0.0,0.157,15.3,23.9,7.99,0.0,53.46,53.42,0.0,0.0
598,2022-10-19 16:24:24,25557,16.4,190,76,0.0,0.0,0.0,0.157,15.3,23.9,7.99,0.0,53.52,53.47,0.0,0.0
599,2022-10-19 16:39:27,31717,16.8,178,76,0.0,0.0,0.0,0.157,15.3,23.9,7.99,0.0,53.57,53.52,0.0,0.0
600,2022-10-19 16:54:30,27003,17.1,150,74,0.0,0.0,0.0,0.157,15.3,23.9,7.99,0.0,53.63,53.58,0.0,0.0
601,2022-10-19 17:09:33,25472,17.5,164,74,0.0,0.0,0.0,0.157,15.3,23.9,7.99,0.0,53.68,53.63,0.0,0.0
602,2022-10-19 17:24:36,23812,17.6,179,74,0.0,0.0,0.0,0.157,15.3,23.9,7.99,0.0,53.73,53.68,0.0,0.0
603,2022-10-19 17:39:39,26033,17.9,269,74,0.0,0.0,0.0,0.157,15.3,23.9,7.99,0.0,53.79,53.74,0.0,0.0
604,2022-10-19 17:54:42,22827,18.3,281,73,0.0,0.0,0.0,0.157,15.3,23.9,7.99,0.0,53.85,53.8,0.0,0.0
605,2022-10-19 18:09:45,29969,18.6,302,72,0.0,0.0,0.0,0.157,15.3,23.9,7.99,0.0,53.91,53.86,0.0,0.0
606,2022-10-19 18:24:48,24765,18.9,308,72,0.0,0.0,0.0,0.157,15.3,23.9,7.99,0.0,53.97,53.92,0.0,0.0
607,2022-10-19 18:39:51,26190,18.8,320,71,0.0,0.0,0.0,0.157,15.3,23.9,7.99,0.0,54.03,53.99,0.0,0.0
608,2022-10-19 18:54:54,25777,19.0,287,71,0.0,0.0,0.0,0.157,15.3,23.9,7.99,0.0,54.1,54.05,0.0,0.0
609,2022-10-19 19:09:57,26744,19.1,234,71,0.0,0.0,0.0,0.157,15.3,23.9,7.99,0.0,54.16,54.11,0.0,0.0
610,2022-10-19 19:25:00,24314,19.0,171,71,0.0,0.0,0.0,0.157,15.3,23.9,7.99,0.0,54.22,54.17,0.0,0.0
611,2022-10-19 19:40:03,28075,19.0,140,71,0.0,0.0,0.0,0.157,15.3,23.9,7.99,0.0,54.27,54.22,0.0,0.0
612,2022-10-19 19:55:06,25704,19.0,98,72,0.0,0.0,0.0,0.157,15.3,23.9,7.99,0.0,54.32,54.27,0.0,0.0
613,2022-10-19 20:10:09,30291,19.0,86,72,0.0,0.0,0.0,0.157,15.3,23.9,7.99,0.0,54.37,54.32,0.0,0.0
614,2022-10-19 20:25:12,26404,19.1,88,73,0.0,0.0,0.0,0.157,15.3,23.9,7.99,0.0,54.41,54.36,0.0,0.0
615,2022-10-19 20:40:15,25151,19.0,68,73,0.0,0.0,0.0,0.157,15.3,23.9,7.99,0.0,54.46,54.41,0.0,0.0
616,2022-10-19 20:55:18,23372,19.0,65,74,0.0,0.0,0.0,0.157,15.3,23.9,7.99,0.0,54.5,54.45,0.0,0.0
617,2022-10-19 21:10:21,30127,19.1,46,75,0.0,0.0,0.0,0.157,15.3,23.9,7.99,0.0,54.55,54.5,0.0,0.0
618,2022-10-19 21:25:24,30988,19.1,48,75,0.0,0.0,0.0,0.157,15.3,23.9,7.99,0.0,54.59,54.54,0.0,0.0
619,2022-10-19 21:40:27,25594,19.1,22,76,0.0,0.0,0.0,0.157,15.3,23.9,7.99,0.0,54.63,54.58,0.0,0.0
620,2022-10-19 21:55:30,27449,19.0,7,77,0.0,0.0,0.0,0.157,15.3,23.9,7.99,0.0,54.67,54.62,0.0,0.0
621,2022-10-19 22:10:33,31602,19.2,3,77,0.0,0.0,0.0,0.157,15.3,23.9,7.99,0.0,54.71,54.66,0.0,0.0
622,2022-10-19 22:25:36,29807,19.6,0,76,0.0,0.0,0.0,0.157,15.3,23.9,7.99,0.0,54.75,54.7,0.0,0.0
623,2022-10-19 22:40:39,31079,19.7,0,76,0.0,0.0,0.0,0.157,15.3,23.9,7.99,0.0,54.77,54.71,0.0,0.0
624,2022-10-19 22:55:42,23035,19.8,0,75,0.0,0.0,0.0,0.157,15.3,23.9,7.99,0.0,54.77,54.72,0.0,0.0
625,2022-10-19 23:10:45,25629,19.8,0,75,0.0,0.0,0.0,0.157,15.3,23.9,7.99,0.0,54.78,54.72,0.0,0.0
626,2022-10-19 23:25:48,23552,19.7,0,75,0.0,0.0,0.0,0.157,15.3,23.9,7.99,0.0,54.78,54.73,0.0,0.0
627,2022-10-19 23:40:51,28601,19.5,0,75,0.0,0.0,0.0,0.157,15.3,23.9,7.99,0.0,54.79,54.74,0.0,0.0
628,2022-10-19 23:55:54,28091,19.0,0,76,0.0,0.0,0.0,0.157,15.3,23.6,7.99,0.0,54.79,54.74,0.0,0.0
629,2022-10-20 00:10:57,27220,18.5,0,76,0.0,0.0,0.0,0.157,15.3,23.4,7.99,0.0,54.8,54.75,0.0,0.0
630,2022-10-20 00:26:00,30901,18.1,0,77,0.0,0.0,0.0,0.157,15.3,23.4,7.99,0.0,54.8,54.75,0.0,0.0
631,2022-10-20 00:41:03,29329,17.9,0,77,0.0,0.0,0.0,0.157,15.3,23.4,7.99,0.0,54.81,54.76,0.0,0.0
632,2022-10-20 00:56:06,28487,17.7,0,77,0.0,0.0,0.0,0.157,15.3,23.4,7.99,0.0,54.81,54.76,0.0,0.0
633,2022-10-20 01:11:09,28258,17.6,0,77,0.0,0.0,0.0,0.157,15.3,23.4,7.99,0.0,54.82,54.77,0.0,0.0
634,2022-10-20 01:26:12,29683,17.5,0,77,0.0,0.0,0.0,0.157,15.3,23.4,7.99,0.0,54.83,54.77,0.0,0.0
635,2022-10-20 01:41:15,28940,17.4,0,77,0.0,0.0,0.0,0.157,15.3,23.4,7.99,0.0,54.83,54.78,0.0,0.0
636,2022-10-20 01:56:18,26788,17.2,0,77,0.0,0.0,0.0,0.157,15.3,23.4,7.99,0.0,54.84,54.78,0.0,0.0
637,2022-10-20 02:11:21,28103,17.1,0,77,0.0,0.0,0.0,0.157,15.3,23.4,7.99,0.0,54.84,54.79,0.0,0.0
638,2022-10-20 02:26:24,28056,16.8,0,76,0.0,0.0,0.0,0.157,15.3,23.4,7.99,0.0,54.85,54.8,0.0,0.0
639,2022-10-20 02:41:27,27621,16.5,0,77,0.0,0.0,0.0,0.157,15.3,23.4,7.99,0.0,54.85,54.8,0.0,0.0
640,2022-10-20 02:56:31,26746,16.3,0,77,0.0,0.0,0.0,0.157,15.3,23.4,7.99,0.0,54.86,54.81,0.0,0.0
641,2022-10-20 03:11:34,24026,16.1,0,77,0.0,0.0,0.0,0.157,15.3,23.4,7.99,0.0,54.86,54.81,0.0,0.0
642,2022-10-20 03:26:37,24829,16.0,0,78,0.0,0.0,0.0,0.157,15.3,23.4,7.99,0.0,54.87,54.82,0.0,0.0
643,2022-10-20 03:41:40,23185,16.0,0,78,0.0,0.0,0.0,0.157,15.3,23.4,7.99,0.0,54.87,54.82,0.0,0.0
644,2022-10-20 03:56:43,31749,16.0,0,78,0.0,0.0,0.0,0.157,15.3,23.4,7.99,0.0,54.88,54.83,0.0,0.0
645,2022-10-20 04:11:46,29007,15.9,0,79,0.0,0.0,0.0,0.157,15.3,23.4,7.99,0.0,54.89,54.83,0.0,0.0
646,2022-10-20 04:26:49,26091,15.9,0,79,0.0,0.0,0.0,0.157,15.3,23.4,7.99,0.0,54.89,54.84,0.0,0.0
647,2022-10-20 04:41:50,25157,15.9,0,79,0.0,0.0,0.0,0.157,15.3,23.4,7.99,0.0,54.9,54.84,0.0,0.0
648,2022-10-20 04:56:51,33257,15.8,0,79,0.0,0.0,0.0,0.157,15.3,23.4,7.99,0.0,54.9,54.85,0.0,0.0
649,2022-10-20 05:11:54,24370,15.8,0,79,0.0,0.0,0.0,0.157,15.3,23.4,7.99,0.0,54.91,54.86,0.0,0.0
650,2022-10-20 05:26:57,27049,15.7,0,79,0.0,0.0,0.0,0.157,15.3,23.4,7.99,0.0,54.91,54.86,0.0,0.0
651,2022-10-20 05:42:00,25861,15.9,0,79,0.0,0.0,0.0,0.157,15.3,23.4,7.99,0.0,54.92,54.87,0.0,0.0
652,2022-10-20 05:57:03,27869,16.0,0,79,0.0,0.0,0.0,0.157,15.3,23.4,7.99,0.0,54.93,54.88,0.0,0.0
653,2022-10-20 06:12:06,26452,16.1,0,79,0.0,0.0,0.0,0.157,15.3,23.4,7.99,0.0,54.94,54.89,0.0,0.0
654,2022-10-20 06:27:09,24475,15.8,0,79,0.0,0.0,0.0,0.157,15.3,23.4,7.99,0.0,54.95,54.89,0.0,0.0
655,2022-10-20 06:42:12,28108,15.1,0,80,0.0,0.0,0.0,0.157,15.3,23.4,7.99,0.0,54.95,54.9,0.0,0.0
656,2022-10-20 06:57:15,29783,14.9,0,80,0.0,0.0,0.0,0.157,15.3,23.4,7.99,0.0,54.96,54.9,0.0,0.0
657,2022-10-20 07:12:18,30960,15.0,0,79,0.0,0.0,0.0,0.157,15.3,23.4,7.99,0.0,54.96,54.91,0.0,0.0
658,2022-10-20 07:27:21,28314,15.1,0,79,0.0,0.0,0.0,0.157,15.3,23.4,7.99,0.0,54.97,54.91,0.0,0.0
659,2022-10-20 07:42:24,28064,15.2,0,78,0.0,0.0,0.0,0.157,15.3,23.4,7.99,0.0,54.97,54.92,0.0,0.0
660,2022-10-20 07:57:27,27184,15.4,0,78,0.0,0.0,0.0,0.157,15.3,23.4,7.99,0.0,54.98,54.92,0.0,0.0
661,2022-10-20 08:12:30,30627,15.4,0,78,0.0,0.0,0.0,0.157,15.3,23.4,7.99,0.0,54.98,54.93,0.0,0.0
662,2022-10-20 08:27:33,31250,15.4,0,78,0.0,0.0,0.0,0.157,15.3,23.4,7.99,0.0,54.99,54.94,0.0,0.0
663,2022-10-20 08:42:36,28555,15.3,0,78,0.0,0.0,0.0,0.157,15.3,23.4,7.99,0.0,54.99,54.94,0.0,0.0
664,2022-10-20 08:57:39,32127,15.3,0,78,0.0,0.0,0.0,0.157,15.3,23.4,7.99,0.0,55.0,54.95,0.0,0.0
665,2022-10-20 09:12:42,25845,15.5,0,78,0.0,0.0,0.0,0.157,15.3,23.4,7.99,0.0,55.01,54.95,0.0,0.0
666,2022-10-20 09:27:45,28991,15.4,0,79,0.0,0.0,0.0,0.157,15.3,23.4,7.99,0.0,55.01,54.96,0.0,0.0
667,2022-10-20 09:42:48,25470,15.4,0,79,0.0,0.0,0.0,0.157,15.3,23.4,7.99,0.0,55.02,54.96,0.0,0.0
668,2022-10-20 09:57:51,23978,15.3,0,80,0.0,0.0,0.0,0.157,15.3,23.4,7.99,12.0,43.03,42.97,0.0,0.0
669,2022-10-20 10:12:54,20815,15.2,0,80,0.0,0.0,0.0,0.157,15.3,23.4,7.99,0.0,43.03,42.97,43.03,0.0
670,2022-10-20 10:27:57,24295,15.1,0,80,0.0,0.0,0.0,0.157,15.3,23.4,7.99,0.0,43.04,42.98,0.0,0.0
671,2022-10-20 10:43:00,22105,15.2,4,80,0.0,0.0,0.0,0.157,15.3,23.4,7.99,0.0,43.06,43.01,0.0,0.0
672,2022-10-20 10:58:03,22492,15.3,13,80,0.0,0.0,0.0,0.157,15.3,23.4,7.99,0.0,43.11,43.06,0.0,0.0
673,2022-10-20 11:13:06,21740,15.4,27,80,0.0,0.0,0.0,0.157,15.3,23.4,7.99,0.0,43.17,43.11,0.0,0.0
674,2022-10-20 11:28:09,20464,15.5,45,80,0.0,0.0,0.0,0.157,15.3,23.4,7.99,0.0,43.22,43.16,0.0,0.0
675,2022-10-20 11:43:12,21215,15.7,55,80,0.0,0.0,0.0,0.157,15.3,23.4,7.99,0.0,43.28,43.22,0.0,0.0
676,2022-10-20 11:58:15,19801,15.9,69,80,0.0,0.0,0.0,0.157,15.3,23.4,7.99,0.0,43.33,43.28,0.0,0.0
677,2022-10-20 12:13:18,19648,16.3,85,80,0.0,0.0,0.0,0.157,15.3,23.4,7.99,0.0,43.39,43.34,0.0,0.0
678,2022-10-20 12:28:21,22880,16.8,102,79,0.0,0.0,0.0,0.157,15.3,23.4,7.99,0.0,43.46,43.4,0.0,0.0
679,2022-10-20 12:43:24,22814,17.6,122,78,0.0,0.0,0.0,0.157,15.3,23.4,7.99,0.0,43.52,43.46,0.0,0.0
680,2022-10-20 12:58:27,25595,18.4,148,77,0.0,0.0,0.0,0.157,15.3,23.4,7.99,0.0,43.58,43.53,0.0,0.0
681,2022-10-20 13:13:30,21678,19.1,171,76,0.0,0.0,0.0,0.157,15.3,23.4,7.99,0.0,43.65,43.59,0.0,0.0
682,2022-10-20 13:28:33,25696,19.6,159,75,0.0,0.0,0.0,0.157,15.3,23.4,7.99,0.0,43.72,43.66,0.0,0.0
683,2022-10-20 13:43:36,25664,20.2,157,75,0.0,0.0,0.0,0.157,15.3,23.4,7.99,0.0,43.79,43.73,0.0,0.0
684,2022-10-20 13:58:39,19977,21.1,127,74,0.0,0.0,0.0,0.157,15.3,23.4,7.99,0.0,43.86,43.8,0.0,0.0
685,2022-10-20 14:13:42,23623,21.6,104,73,0.0,0.0,0.0,0.157,15.3,23.4,7.99,0.0,43.92,43.86,0.0,0.0
686,2022-10-20 14:28:45,21055,22.7,186,72,0.0,0.0,0.0,0.157,15.3,23.4,7.99,0.0,43.99,43.93,0.0,0.0
687,2022-10-20 14:43:48,26803,23.1,117,72,0.0,0.0,0.0,0.157,15.3,23.4,7.99,0.0,44.06,44.0,0.0,0.0
688,2022-10-20 14:58:51,23430,23.2,185,72,0.0,0.0,0.0,0.157,15.3,23.4,7.99,0.0,44.12,44.06,0.0,0.0
689,2022-10-20 15:13:54,23651,23.6,234,71,0.0,0.0,0.0,0.157,15.3,23.4,7.99,0.0,44.19,44.13,0.0,0.0
690,2022-10-20 15:28:57,24485,23.6,199,71,0.0,0.0,0.0,0.157,15.3,23.4,7.99,0.0,44.27,44.21,0.0,0.0
691,2022-10-20 15:44:00,22588,23.8,262,70,0.0,0.0,0.0,0.157,15.3,23.4,7.99,0.0,44.34,44.28,0.0,0.0
692,2022-10-20 15:59:03,22806,23.9,241,71,0.0,0.0,0.0,0.157,15.3,23.4,7.99,0.0,44.41,44.36,0.0,0.0
693,2022-10-20 16:14:06,22383,23.9,230,70,0.0,0.0,0.0,0.157,15.3,23.4,7.99,0.0,44.49,44.43,0.0,0.0
694,2022-10-20 16:29:09,22513,23.9,226,71,0.0,0.0,0.0,0.157,15.3,23.4,7.99,0.0,44.56,44.51,0.0,0.0
695,2022-10-20 16:44:12,21188,23.8,189,71,0.0,0.0,0.0,0.157,15.3,23.4,7.99,0.0,44.64,44.58,0.0,0.0
696,2022-10-20 16:59:15,24451,23.9,283,70,0.0,0.0,0.0,0.157,15.3,23.4,7.99,0.0,44.71,44.65,0.0,0.0
697,2022-10-20 17:14:18,23335,24.4,422,70,0.0,0.0,0.0,0.157,15.3,23.4,7.99,0.0,44.79,44.73,0.0,0.0
698,2022-10-20 17:29:21,21930,24.9,711,68,0.0,0.0,0.0,0.157,15.3,23.4,7.99,0.0,44.87,44.81,0.0,0.0
699,2022-10-20 17:44:24,23190,25.0,405,68,0.0,0.0,0.0,0.157,15.3,23.4,7.99,0.0,44.97,44.91,0.0,0.0
700,2022-10-20 17:59:27,24428,24.6,245,69,0.0,0.0,0.0,0.157,15.3,23.4,7.99,0.0,45.05,45.0,0.0,0.0
701,2022-10-20 18:14:31,21301,24.2,155,69,0.0,0.0,0.0,0.157,15.3,23.4,7.99,0.0,45.13,45.07,0.0,0.0
702,2022-10-20 18:29:34,26920,23.8,72,71,0.0,0.0,0.0,0.157,15.3,23.4,7.99,0.0,45.19,45.14,0.0,0.0
703,2022-10-20 18:44:37,20812,23.5,80,71,0.0,0.0,0.0,0.157,15.3,23.4,7.99,0.0,45.25,45.19,0.0,0.0
704,2022-10-20 18:59:40,22499,23.5,120,71,0.0,0.0,0.0,0.157,15.3,23.4,7.99,0.0,45.31,45.25,0.0,0.0
705,2022-10-20 19:14:43,22207,23.6,112,71,0.0,0.0,0.0,0.157,15.3,23.4,7.99,0.0,45.37,45.31,0.0,0.0
706,2022-10-20 19:29:46,25895,23.4,85,71,0.0,0.0,0.0,0.157,15.3,23.4,7.99,0.0,45.43,45.38,0.0,0.0
707,2022-10-20 19:44:49,24254,23.3,64,72,0.0,0.0,0.0,0.157,15.3,23.4,7.99,0.0,45.49,45.43,0.0,0.0
708,2022-10-20 19:59:52,21426,23.3,59,72,0.0,0.0,0.0,0.157,15.3,23.4,7.99,0.0,45.55,45.49,0.0,0.0
709,2022-10-20 20:14:55,23669,23.3,63,72,0.0,0.0,0.0,0.157,15.3,23.4,7.99,0.0,45.6,45.55,0.0,0.0
710,2022-10-20 20:29:58,25292,23.3,52,72,0.0,0.0,0.0,0.157,15.3,23.4,7.99,0.0,45.66,45.6,0.0,0.0
711,2022-10-20 20:45:07,22979,23.2,22,72,0.0,0.0,0.0,0.157,15.3,23.4,7.99,0.0,45.71,45.66,0.0,0.0
712,2022-10-20 21:00:04,22697,23.2,27,72,0.0,0.0,0.0,0.157,15.3,23.4,7.99,0.0,45.76,45.71,0.0,0.0
713,2022-10-20 21:15:07,23456,23.2,25,72,0.0,0.0,0.0,0.157,15.3,23.4,7.99,0.0,45.82,45.76,0.0,0.0
714,2022-10-20 21:30:10,24638,23.2,23,72,0.0,0.0,0.0,0.157,15.3,23.4,7.99,0.0,45.87,45.81,0.0,0.0
715,2022-10-20 21:45:16,22956,23.2,9,73,0.0,0.0,0.0,0.157,15.3,23.4,7.99,0.0,45.92,45.86,0.0,0.0
716,2022-10-20 22:00:16,24959,23.2,2,73,0.0,0.0,0.0,0.157,15.3,23.4,7.99,0.0,45.97,45.91,0.0,0.0
717,2022-10-20 22:15:19,22680,23.1,0,73,0.0,0.0,0.0,0.157,15.3,23.4,7.99,0.0,46.02,45.96,0.0,0.0
718,2022-10-20 22:30:22,21804,23.0,0,72,0.0,0.0,0.0,0.157,15.3,23.4,7.99,0.0,46.04,45.98,0.0,0.0
719,2022-10-20 22:45:25,21721,22.9,0,72,0.0,0.0,0.0,0.157,15.3,23.4,7.99,0.0,46.04,45.99,0.0,0.0
720,2022-10-20 23:00:28,22340,22.4,0,72,0.0,0.0,0.0,0.157,15.3,23.4,7.99,0.0,46.05,46.0,0.0,0.0
721,2022-10-20 23:15:31,28478,21.9,0,73,0.0,0.0,0.0,0.157,15.3,23.4,7.99,0.0,46.06,46.0,0.0,0.0
722,2022-10-20 23:30:34,22655,21.4,0,72,0.0,0.0,0.0,0.157,15.3,23.4,7.99,0.0,46.07,46.01,0.0,0.0
723,2022-10-20 23:45:37,23106,21.0,0,72,0.0,0.0,0.0,0.157,15.3,23.4,7.99,0.0,46.08,46.02,0.0,0.0
724,2022-10-21 00:00:40,19410,20.7,0,72,0.0,0.0,0.0,0.157,15.3,27.0,7.99,0.0,46.08,46.03,0.0,0.0
725,2022-10-21 00:15:43,24743,20.4,0,72,0.0,0.0,0.0,0.157,15.3,27.0,7.99,0.0,46.09,46.03,0.0,0.0
726,2022-10-21 00:30:46,28700,20.3,0,72,0.0,0.0,0.0,0.157,15.3,27.0,7.99,0.0,46.1,46.04,0.0,0.0
727,2022-10-21 00:45:49,23495,20.0,0,73,0.0,0.0,0.0,0.157,15.3,27.0,7.99,0.0,46.11,46.05,0.0,0.0
728,2022-10-21 01:00:52,20531,19.8,0,73,0.0,0.0,0.0,0.157,15.3,27.0,7.99,0.0,46.12,46.06,0.0,0.0
729,2022-10-21 01:15:55,19617,19.6,0,73,0.0,0.0,0.0,0.157,15.3,27.0,7.99,0.0,46.12,46.07,0.0,0.0
730,2022-10-21 01:30:58,19582,19.5,0,74,0.0,0.0,0.0,0.157,15.3,27.0,7.99,0.0,46.13,46.07,0.0,0.0
731,2022-10-21 01:46:01,26712,19.4,0,74,0.0,0.0,0.0,0.157,15.3,27.0,7.99,0.0,46.14,46.08,0.0,0.0
732,2022-10-21 02:01:04,25804,19.3,0,74,0.0,0.0,0.0,0.157,15.3,27.0,7.99,0.0,46.15,46.09,0.0,0.0
733,2022-10-21 02:16:07,21959,19.3,0,74,0.0,0.0,0.0,0.157,15.3,27.0,7.99,0.0,46.15,46.1,0.0,0.0
734,2022-10-21 02:31:11,20021,19.3,0,74,0.0,0.0,0.0,0.157,15.3,27.0,7.99,0.0,46.18,46.12,0.0,0.0
735,2022-10-21 02:46:14,21375,19.2,0,74,0.0,0.0,0.0,0.157,15.3,27.0,7.99,0.0,46.18,46.13,0.0,0.0
736,2022-10-21 03:01:17,24522,19.0,0,74,0.0,0.0,0.0,0.157,15.3,27.0,7.99,0.0,46.19,46.13,0.0,0.0
737,2022-10-21 03:16:20,26936,19.0,0,74,0.0,0.0,0.0,0.157,15.3,27.0,7.99,0.0,46.2,46.14,0.0,0.0
738,2022-10-21 03:31:24,22996,18.9,0,74,0.0,0.0,0.0,0.157,15.3,27.0,7.99,0.0,46.21,46.15,0.0,0.0
739,2022-10-21 03:46:27,25945,18.8,0,74,0.0,0.0,0.0,0.157,15.3,27.0,7.99,0.0,46.22,46.16,0.0,0.0
740,2022-10-21 04:01:30,21415,18.6,0,75,0.0,0.0,0.0,0.157,15.3,27.0,7.99,0.0,46.22,46.17,0.0,0.0
741,2022-10-21 04:16:33,23213,18.5,0,75,0.0,0.0,0.0,0.157,15.3,27.0,7.99,0.0,46.23,46.17,0.0,0.0
742,2022-10-21 04:31:36,27009,18.5,0,76,0.0,0.0,0.0,0.157,15.3,27.0,7.99,0.0,46.24,46.18,0.0,0.0
743,2022-10-21 04:46:39,24640,18.5,0,76,0.0,0.0,0.0,0.157,15.3,27.0,7.99,0.0,46.25,46.19,0.0,0.0
744,2022-10-21 05:01:42,23483,18.5,0,76,0.0,0.0,0.0,0.157,15.3,27.0,7.99,0.0,46.25,46.2,0.0,0.0
745,2022-10-21 05:16:45,25046,18.6,0,77,0.0,0.0,0.0,0.157,15.3,27.0,7.99,0.0,46.26,46.2,0.0,0.0
746,2022-10-21 05:31:48,21666,18.7,0,77,0.0,0.0,0.0,0.157,15.3,27.0,7.99,0.0,46.27,46.21,0.0,0.0
747,2022-10-21 05:46:51,27590,18.6,0,77,0.0,0.0,0.0,0.157,15.3,27.0,7.99,0.0,46.28,46.22,0.0,0.0
748,2022-10-21 06:01:54,22252,18.5,0,77,0.0,0.0,0.0,0.157,15.3,27.0,7.99,0.0,46.29,46.23,0.0,0.0
749,2022-10-21 06:16:58,24822,18.4,0,78,0.0,0.0,0.0,0.157,15.3,27.0,7.99,0.0,46.29,46.24,0.0,0.0
750,2022-10-21 06:32:01,24972,18.3,0,78,0.0,0.0,0.0,0.157,15.3,27.0,7.99,0.0,46.3,46.24,0.0,0.0
751,2022-10-21 06:47:04,19986,18.3,0,79,0.0,0.0,0.0,0.157,15.3,27.0,7.99,0.0,46.31,46.25,0.0,0.0
752,2022-10-21 07:02:07,15584,18.2,0,79,0.0,0.0,0.0,0.157,15.3,27.0,7.99,0.0,46.32,46.26,0.0,0.0
753,2022-10-21 07:17:10,22899,18.2,0,79,0.0,0.0,0.0,0.157,15.3,27.0,7.99,0.0,46.32,46.27,0.0,0.0
754,2022-10-21 07:32:13,22854,18.3,0,79,0.0,0.0,0.0,0.157,15.3,27.0,7.99,0.0,46.33,46.27,0.0,0.0
755,2022-10-21 07:47:16,18545,18.5,0,78,0.0,0.0,0.0,0.157,15.3,27.0,7.99,0.0,46.34,46.28,0.0,0.0
756,2022-10-21 08:02:19,24146,18.4,0,78,0.0,0.0,0.0,0.157,15.3,27.0,7.99,0.0,46.35,46.29,0.0,0.0
757,2022-10-21 08:17:22,21053,18.4,0,78,0.0,0.0,0.0,0.157,15.3,27.0,7.99,0.0,46.36,46.3,0.0,0.0
758,2022-10-21 08:32:25,19563,18.2,0,78,0.0,0.0,0.0,0.157,15.3,27.0,7.99,0.0,46.36,46.31,0.0,0.0
759,2022-10-21 08:47:28,23923,18.3,0,78,0.0,0.0,0.0,0.157,15.3,27.0,7.99,0.0,46.37,46.31,0.0,0.0
760,2022-10-21 09:02:31,23804,18.3,0,78,0.0,0.0,0.0,0.157,15.3,27.0,7.99,0.0,46.38,46.32,0.0,0.0
761,2022-10-21 09:17:34,24279,18.3,0,77,0.0,0.0,0.0,0.157,15.3,27.0,7.99,0.0,46.39,46.33,0.0,0.0
762,2022-10-21 09:32:37,23807,18.4,0,76,0.0,0.0,0.0,0.157,15.3,27.0,7.99,0.0,46.39,46.34,0.0,0.0
763,2022-10-21 09:47:40,21053,18.4,0,76,0.0,0.0,0.0,0.157,15.3,27.0,7.99,0.0,46.4,46.34,0.0,0.0
764,2022-10-21 10:02:43,18931,18.4,0,75,0.0,0.0,0.0,0.157,15.3,27.0,7.99,0.0,46.41,46.35,46.41,46.41
765,2022-10-21 10:17:46,20552,18.5,0,74,0.0,0.0,0.0,0.157,15.3,27.0,7.99,0.0,46.42,46.36,0.0,0.0
766,2022-10-21 10:32:49,22281,18.6,0,74,0.0,0.0,0.0,0.157,15.3,27.0,7.99,0.0,46.43,46.37,0.0,0.0
767,2022-10-21 10:47:52,28301,18.6,6,73,0.0,0.0,0.0,0.157,15.3,27.0,7.99,0.0,46.46,46.4,0.0,0.0
768,2022-10-21 11:02:55,23846,18.5,31,73,0.0,0.0,0.0,0.157,15.3,27.0,7.99,0.0,46.51,46.45,0.0,0.0
769,2022-10-21 11:17:58,23344,18.5,48,74,0.0,0.0,0.0,0.157,15.3,27.0,7.99,0.0,46.56,46.5,0.0,0.0
770,2022-10-21 11:33:01,24112,18.8,120,74,0.0,0.0,0.0,0.157,15.3,27.0,7.99,0.0,46.61,46.55,0.0,0.0
771,2022-10-21 11:48:04,23652,19.6,205,73,0.0,0.0,0.0,0.157,15.3,27.0,7.99,0.0,46.67,46.61,0.0,0.0
772,2022-10-21 12:03:07,20309,20.2,263,72,0.0,0.0,0.0,0.157,15.3,27.0,7.99,0.0,46.74,46.68,0.0,0.0
773,2022-10-21 12:18:10,25139,20.8,265,72,0.0,0.0,0.0,0.157,15.3,27.0,7.99,0.0,46.81,46.76,0.0,0.0
774,2022-10-21 12:33:13,18965,21.0,266,72,0.0,0.0,0.0,0.157,15.3,27.0,7.99,0.0,46.89,46.83,0.0,0.0
775,2022-10-21 12:48:16,23088,21.7,326,71,0.0,0.0,0.0,0.157,15.3,27.0,7.99,0.0,46.96,46.9,0.0,0.0
776,2022-10-21 13:03:19,24859,22.3,441,70,0.0,0.0,0.0,0.157,15.3,27.0,7.99,0.0,47.03,46.98,0.0,0.0
777,2022-10-21 13:18:22,26026,22.9,497,70,0.0,0.0,0.0,0.157,15.3,27.0,7.99,0.0,47.12,47.06,0.0,0.0
778,2022-10-21 13:33:25,23816,23.1,498,69,0.0,0.0,0.0,0.157,15.3,27.0,7.99,0.0,47.2,47.15,0.0,0.0
779,2022-10-21 13:48:28,24770,23.4,558,69,0.0,0.0,0.0,0.157,15.3,27.0,7.99,0.0,47.29,47.23,0.0,0.0
780,2022-10-21 14:03:31,24296,23.8,656,69,0.0,0.0,0.0,0.157,15.3,27.0,7.99,0.0,47.38,47.32,0.0,0.0
781,2022-10-21 14:18:34,27042,24.2,679,69,0.0,0.0,0.0,0.157,15.3,27.0,7.99,0.0,47.47,47.41,0.0,0.0
782,2022-10-21 14:33:37,29729,24.5,739,68,0.0,0.0,0.0,0.157,15.3,27.0,7.99,0.0,47.56,47.5,0.0,0.0
783,2022-10-21 14:48:40,23377,24.7,760,67,0.0,0.0,0.0,0.157,15.3,27.0,7.99,0.0,47.65,47.59,0.0,0.0
784,2022-10-21 15:03:43,22562,24.8,796,67,0.0,0.0,0.0,0.157,15.3,27.0,7.99,0.0,47.74,47.68,0.0,0.0
785,2022-10-21 15:18:46,23310,24.6,776,66,0.0,0.0,0.0,0.157,15.3,27.0,7.99,0.0,47.83,47.77,0.0,0.0
786,2022-10-21 15:33:49,23193,24.8,794,67,0.0,0.0,0.0,0.157,15.3,27.0,7.99,0.0,47.92,47.86,0.0,0.0
787,2022-10-21 15:48:52,23021,24.5,808,66,0.0,0.0,0.0,0.157,15.3,27.0,7.99,0.0,48.01,47.96,0.0,0.0
788,2022-10-21 16:03:55,19084,24.9,818,67,0.0,0.0,0.0,0.157,15.3,27.0,7.99,0.0,48.1,48.05,0.0,0.0
789,2022-10-21 16:18:58,25749,24.6,823,68,0.0,0.0,0.0,0.157,15.3,27.0,7.99,0.0,48.2,48.14,0.0,0.0
790,2022-10-21 16:34:01,24627,24.6,825,67,0.0,0.0,0.0,0.157,15.3,27.0,7.99,0.0,48.29,48.23,0.0,0.0
791,2022-10-21 16:49:04,23702,24.8,820,68,0.0,0.0,0.0,0.157,15.3,27.0,7.99,0.0,48.38,48.32,0.0,0.0
792,2022-10-21 17:04:07,26877,24.8,813,66,0.0,0.0,0.0,0.157,15.3,27.0,7.99,0.0,48.47,48.41,0.0,0.0
793,2022-10-21 17:19:10,22505,24.6,838,66,0.0,0.0,0.0,0.157,15.3,27.0,7.99,0.0,48.56,48.5,0.0,0.0
794,2022-10-21 17:34:13,22172,24.3,518,66,0.0,0.0,0.0,0.157,15.3,27.0,7.99,0.0,48.65,48.59,0.0,0.0
795,2022-10-21 17:49:16,26312,24.4,514,67,0.0,0.0,0.0,0.157,15.3,27.0,7.99,0.0,48.73,48.67,0.0,0.0
796,2022-10-21 18:04:19,25215,24.3,631,66,0.0,0.0,0.0,0.157,15.3,27.0,7.99,0.0,48.81,48.76,0.0,0.0
797,2022-10-21 18:19:22,21350,24.4,676,66,0.0,0.0,0.0,0.157,15.3,27.0,7.99,0.0,48.9,48.84,0.0,0.0
798,2022-10-21 18:34:25,24969,24.6,709,65,0.0,0.0,0.0,0.157,15.3,27.0,7.99,0.0,48.98,48.93,0.0,0.0
799,2022-10-21 18:49:28,18884,24.6,635,64,0.0,0.0,0.0,0.157,15.3,27.0,7.99,0.0,49.07,49.02,0.0,0.0
800,2022-10-21 19:04:31,26453,24.6,574,65,0.0,0.0,0.0,0.157,15.3,27.0,7.99,0.0,49.16,49.1,0.0,0.0
801,2022-10-21 19:19:34,26102,24.5,527,66,0.0,0.0,0.0,0.157,15.3,27.0,7.99,0.0,49.24,49.19,0.0,0.0
802,2022-10-21 19:34:37,20279,24.3,498,65,0.0,0.0,0.0,0.157,15.3,27.0,7.99,0.0,49.32,49.27,0.0,0.0
803,2022-10-21 19:53:03,25776,24.3,411,66,0.0,0.0,0.0,0.157,15.3,27.0,7.99,0.0,49.41,49.35,0.0,0.0
804,2022-10-21 20:08:06,26022,24.4,354,65,0.0,0.0,0.0,0.157,15.3,27.0,7.99,0.0,49.48,49.43,0.0,0.0
805,2022-10-21 20:23:08,25429,23.9,299,66,0.0,0.0,0.0,0.157,15.3,27.0,7.99,0.0,49.56,49.5,0.0,0.0
806,2022-10-21 20:38:11,25926,23.9,245,66,0.0,0.0,0.0,0.157,15.3,27.0,7.99,0.0,49.63,49.57,0.0,0.0
807,2022-10-21 20:53:14,24917,23.9,192,66,0.0,0.0,0.0,0.157,15.3,27.0,7.99,0.0,49.69,49.64,0.0,0.0
808,2022-10-21 21:08:17,24161,23.5,145,66,0.0,0.0,0.0,0.157,15.3,27.0,7.99,0.0,49.76,49.7,0.0,0.0
809,2022-10-21 21:23:20,25881,23.3,102,68,0.0,0.0,0.0,0.157,15.3,27.0,7.99,0.0,49.81,49.76,0.0,0.0
810,2022-10-21 21:38:23,25494,23.0,55,68,0.0,0.0,0.0,0.157,15.3,27.0,7.99,0.0,49.87,49.81,0.0,0.0
811,2022-10-21 21:53:29,24208,22.5,17,68,0.0,0.0,0.0,0.157,15.3,27.0,7.99,0.0,49.92,49.86,0.0,0.0
812,2022-10-21 22:08:34,26582,22.2,2,70,0.0,0.0,0.0,0.157,15.3,27.0,7.99,0.0,49.96,49.91,0.0,0.0
813,2022-10-21 22:23:34,25416,22.0,0,70,0.0,0.0,0.0,0.157,15.3,27.0,7.99,0.0,50.01,49.95,0.0,0.0
814,2022-10-21 22:38:37,25893,21.9,0,70,0.0,0.0,0.0,0.157,15.3,27.0,7.99,0.0,50.03,49.97,0.0,0.0
815,2022-10-21 22:53:40,26659,22.1,0,70,0.0,0.0,0.0,0.157,15.3,27.0,7.99,0.0,50.04,49.99,0.0,0.0
816,2022-10-21 23:08:43,25923,22.1,0,70,0.0,0.0,0.0,0.157,15.3,27.0,7.99,0.0,50.05,50.0,0.0,0.0
817,2022-10-21 23:23:46,29373,22.1,0,70,0.0,0.0,0.0,0.157,15.3,27.0,7.99,0.0,50.06,50.0,0.0,0.0
818,2022-10-21 23:38:49,26042,22.0,0,71,0.0,0.0,0.0,0.157,15.3,27.0,7.99,0.0,50.06,50.01,0.0,0.0
819,2022-10-21 23:53:51,19664,22.0,0,71,0.0,0.0,0.0,0.157,15.3,26.1,7.99,0.0,50.07,50.02,0.0,0.0
820,2022-10-22 00:08:53,28052,22.0,0,70,0.0,0.0,0.0,0.157,15.3,24.2,7.99,0.0,50.08,50.02,0.0,0.0
821,2022-10-22 00:23:56,21441,21.6,0,71,0.0,0.0,0.0,0.157,15.3,24.2,7.99,0.0,50.08,50.03,0.0,0.0
822,2022-10-22 00:38:58,26930,20.9,0,73,0.0,0.0,0.0,0.157,15.3,24.2,7.99,0.0,50.09,50.04,0.0,0.0
823,2022-10-22 00:54:01,23910,20.5,0,73,0.0,0.0,0.0,0.157,15.3,24.2,7.99,0.0,50.1,50.04,0.0,0.0
824,2022-10-22 01:09:04,22043,20.4,0,73,0.0,0.0,0.0,0.157,15.3,24.2,7.99,0.0,50.11,50.05,0.0,0.0
825,2022-10-22 01:24:07,27456,20.3,0,73,0.0,0.0,0.0,0.157,15.3,24.2,7.99,0.0,50.11,50.06,0.0,0.0
826,2022-10-22 01:39:10,23919,20.3,0,73,0.0,0.0,0.0,0.157,15.3,24.2,7.99,0.0,50.12,50.06,0.0,0.0
827,2022-10-22 01:54:13,27551,20.2,0,73,0.0,0.0,0.0,0.157,15.3,24.2,7.99,0.0,50.13,50.07,0.0,0.0
828,2022-10-22 02:09:18,27837,20.1,0,73,0.0,0.0,0.0,0.157,15.3,24.2,7.99,0.0,50.13,50.08,0.0,0.0
829,2022-10-22 02:24:21,23471,20.1,0,73,0.0,0.0,0.0,0.157,15.3,24.2,7.99,0.0,50.14,50.08,0.0,0.0
830,2022-10-22 02:39:24,24209,20.1,0,74,0.0,0.0,0.0,0.157,15.3,24.2,7.99,0.0,50.15,50.09,0.0,0.0
831,2022-10-22 02:54:27,24681,20.2,0,73,0.0,0.0,0.0,0.157,15.3,24.2,7.99,0.0,50.15,50.1,0.0,0.0
832,2022-10-22 03:09:30,22624,20.0,0,73,0.0,0.0,0.0,0.157,15.3,24.2,7.99,0.0,50.16,50.1,0.0,0.0
833,2022-10-22 03:24:33,23946,20.0,0,74,0.0,0.0,0.0,0.157,15.3,24.2,7.99,0.0,50.17,50.11,0.0,0.0
834,2022-10-22 03:39:36,26556,20.2,0,75,0.0,0.0,0.0,0.157,15.3,24.2,7.99,0.0,50.19,50.13,0.0,0.0
835,2022-10-22 03:54:39,22153,20.1,0,75,0.0,0.0,0.0,0.157,15.3,24.2,7.99,0.0,50.19,50.14,0.0,0.0
836,2022-10-22 04:09:41,27677,19.8,0,75,0.0,0.0,0.0,0.157,15.3,24.2,7.99,0.0,50.2,50.14,0.0,0.0
837,2022-10-22 04:24:43,26959,19.4,0,76,0.0,0.0,0.0,0.157,15.3,24.2,7.99,0.0,50.21,50.15,0.0,0.0
838,2022-10-22 04:39:46,22937,19.1,0,77,0.0,0.0,0.0,0.157,15.3,24.2,7.99,0.0,50.21,50.16,0.0,0.0
839,2022-10-22 04:54:48,24299,18.7,0,78,0.0,0.0,0.0,0.157,15.3,24.2,7.99,0.0,50.23,50.18,0.0,0.0
840,2022-10-22 05:09:51,23057,18.8,0,78,0.0,0.0,0.0,0.157,15.3,24.2,7.99,0.0,50.24,50.18,0.0,0.0
841,2022-10-22 05:24:54,23862,18.6,0,79,0.0,0.0,0.0,0.157,15.3,24.2,7.99,0.0,50.27,50.21,0.0,0.0
842,2022-10-22 05:39:57,25264,18.4,0,80,0.0,0.0,0.0,0.157,15.3,24.2,7.99,0.0,50.28,50.22,0.0,0.0
843,2022-10-22 05:55:00,28705,18.3,0,81,0.0,0.0,0.0,0.157,15.3,24.2,7.99,0.0,50.29,50.24,0.0,0.0
844,2022-10-22 06:10:03,25572,18.1,1,81,0.0,0.0,0.0,0.157,15.3,24.2,7.99,0.0,50.33,50.27,0.0,0.0
845,2022-10-22 06:25:07,25269,18.2,0,81,0.0,0.0,0.0,0.157,15.3,24.2,7.99,0.0,50.37,50.31,0.0,0.0
846,2022-10-22 06:40:11,23608,18.6,2,82,0.0,0.0,0.0,0.157,15.3,24.2,7.99,0.0,50.38,50.32,0.0,0.0
847,2022-10-22 06:55:14,24300,20.6,2,77,0.0,0.0,0.0,0.157,15.3,24.2,7.99,0.0,50.41,50.35,0.0,0.0
848,2022-10-22 07:10:17,24024,21.0,1,75,0.0,0.0,0.0,0.157,15.3,24.2,7.99,0.0,50.45,50.39,0.0,0.0
849,2022-10-22 07:25:20,28300,19.2,0,80,0.0,0.0,0.0,0.157,15.3,24.2,7.99,0.0,50.48,50.42,0.0,0.0
850,2022-10-22 07:40:21,21117,18.2,0,82,0.0,0.0,0.0,0.157,15.3,24.2,7.99,0.0,50.49,50.43,0.0,0.0
851,2022-10-22 07:55:24,28584,17.7,0,83,0.0,0.0,0.0,0.157,15.3,24.2,7.99,0.0,50.49,50.44,0.0,0.0
852,2022-10-22 08:10:26,27782,17.4,0,83,0.0,0.0,0.0,0.157,15.3,24.2,7.99,0.0,50.5,50.44,0.0,0.0
853,2022-10-22 08:25:29,23410,17.4,0,84,0.0,0.0,0.0,0.157,15.3,24.2,7.99,0.0,50.51,50.45,0.0,0.0
854,2022-10-22 08:40:32,27774,17.6,0,84,0.0,0.0,0.0,0.157,15.3,24.2,7.99,0.0,50.51,50.46,0.0,0.0
855,2022-10-22 08:55:35,26837,17.4,0,85,0.0,0.0,0.0,0.157,15.3,24.2,7.99,0.0,50.53,50.48,0.0,0.0
856,2022-10-22 09:10:38,26162,17.3,0,85,0.0,0.0,0.0,0.157,15.3,24.2,7.99,0.0,50.54,50.48,0.0,0.0
857,2022-10-22 09:25:41,23697,17.2,0,85,0.0,0.0,0.0,0.157,15.3,24.2,7.99,0.0,50.55,50.49,0.0,0.0
858,2022-10-22 09:40:44,22413,17.0,0,86,0.0,0.0,0.0,0.157,15.3,24.2,7.99,0.0,50.55,50.5,0.0,0.0
859,2022-10-22 09:55:51,20004,17.0,0,86,0.0,0.0,0.0,0.157,15.3,24.2,7.99,0.0,50.57,50.51,0.0,0.0
860,2022-10-22 10:10:53,23054,17.0,0,87,0.0,0.0,0.0,0.157,15.3,24.2,7.99,0.0,50.58,50.52,50.58,0.0
861,2022-10-22 10:25:56,25367,17.0,0,87,0.0,0.0,0.0,0.157,15.3,24.2,7.99,0.0,50.58,50.53,0.0,0.0
862,2022-10-22 10:40:59,26574,16.9,4,87,0.0,0.0,0.0,0.157,15.3,24.2,7.99,0.0,50.6,50.55,0.0,0.0
863,2022-10-22 10:56:02,26499,16.7,13,87,0.0,0.0,0.0,0.157,15.3,24.2,7.99,0.0,50.65,50.59,0.0,0.0
864,2022-10-22 11:11:05,24809,16.8,55,87,0.0,0.0,0.0,0.157,15.3,24.2,7.99,0.0,50.69,50.63,0.0,0.0
865,2022-10-22 11:26:08,26519,17.4,100,86,0.0,0.0,0.0,0.157,15.3,24.2,7.99,0.0,50.74,50.68,0.0,0.0
866,2022-10-22 11:41:11,27962,18.1,152,84,0.0,0.0,0.0,0.157,15.3,24.2,7.99,0.0,50.79,50.73,0.0,0.0
867,2022-10-22 11:56:12,24146,18.8,205,82,0.0,0.0,0.0,0.157,15.3,24.2,7.99,0.0,50.85,50.79,0.0,0.0
868,2022-10-22 12:11:14,23846,19.7,260,80,0.0,0.0,0.0,0.157,15.3,24.2,7.99,0.0,50.91,50.85,0.0,0.0
869,2022-10-22 12:26:17,25480,20.5,316,78,0.0,0.0,0.0,0.157,15.3,24.2,7.99,0.0,50.97,50.92,0.0,0.0
870,2022-10-22 12:41:19,22642,21.1,370,77,0.0,0.0,0.0,0.157,15.3,24.2,7.99,0.0,51.04,50.98,0.0,0.0
871,2022-10-22 12:56:22,22753,21.8,422,76,0.0,0.0,0.0,0.157,15.3,24.2,7.99,0.0,51.12,51.06,0.0,0.0
872,2022-10-22 13:11:25,23872,22.8,473,75,0.0,0.0,0.0,0.157,15.3,24.2,7.99,0.0,51.19,51.13,0.0,0.0
873,2022-10-22 13:26:28,23142,23.8,522,73,0.0,0.0,0.0,0.157,15.3,24.2,7.99,0.0,51.27,51.21,0.0,0.0
874,2022-10-22 13:41:31,29732,24.5,568,72,0.0,0.0,0.0,0.157,15.3,24.2,7.99,0.0,51.34,51.29,0.0,0.0
875,2022-10-22 13:56:34,27198,25.3,434,72,0.0,0.0,0.0,0.157,15.3,24.2,7.99,0.0,51.42,51.37,0.0,0.0
876,2022-10-22 14:11:41,26381,25.5,651,72,0.0,0.0,0.0,0.157,15.3,24.2,7.99,0.0,51.49,51.43,0.0,0.0
877,2022-10-22 14:26:43,26587,26.0,686,70,0.0,0.0,0.0,0.157,15.3,24.2,7.99,0.0,51.57,51.52,0.0,0.0
878,2022-10-22 14:41:46,26296,25.7,720,70,0.0,0.0,0.0,0.157,15.3,24.2,7.99,0.0,51.66,51.6,0.0,0.0
879,2022-10-22 14:56:49,28795,25.9,746,71,0.0,0.0,0.0,0.157,15.3,24.2,7.99,0.0,51.74,51.68,0.0,0.0
880,2022-10-22 15:11:52,24530,26.2,767,71,0.0,0.0,0.0,0.157,15.3,24.2,7.99,0.0,51.82,51.76,0.0,0.0
881,2022-10-22 15:26:55,23256,26.5,788,69,0.0,0.0,0.0,0.157,15.3,24.2,7.99,0.0,51.9,51.84,0.0,0.0
882,2022-10-22 15:41:58,27082,26.7,802,68,0.0,0.0,0.0,0.157,15.3,24.2,7.99,0.0,51.98,51.93,0.0,0.0
883,2022-10-22 15:57:01,27322,26.6,815,66,0.0,0.0,0.0,0.157,15.3,24.2,7.99,0.0,52.07,52.01,0.0,0.0
884,2022-10-22 16:12:03,26163,26.9,819,67,0.0,0.0,0.0,0.157,15.3,24.2,7.99,0.0,52.15,52.09,0.0,0.0
885,2022-10-22 16:27:05,29477,27.0,825,67,0.0,0.0,0.0,0.157,15.3,24.2,7.99,0.0,52.23,52.17,0.0,0.0
886,2022-10-22 16:42:07,26256,27.0,818,65,0.0,0.0,0.0,0.157,15.3,24.2,7.99,0.0,52.31,52.25,0.0,0.0
887,2022-10-22 16:57:09,27614,27.3,814,67,0.0,0.0,0.0,0.157,15.3,24.2,7.99,0.0,52.39,52.33,0.0,0.0
888,2022-10-22 17:12:12,28270,26.8,803,66,0.0,0.0,0.0,0.157,15.3,24.2,7.99,0.0,52.47,52.42,0.0,0.0
889,2022-10-22 17:27:15,30713,27.0,786,66,0.0,0.0,0.0,0.157,15.3,24.2,7.99,0.0,52.55,52.5,0.0,0.0
890,2022-10-22 17:42:18,30264,27.0,764,64,0.0,0.0,0.0,0.157,15.3,24.2,7.99,0.0,52.63,52.58,0.0,0.0
891,2022-10-22 17:57:21,25501,26.9,734,65,0.0,0.0,0.0,0.157,15.3,24.2,7.99,0.0,52.72,52.66,0.0,0.0
892,2022-10-22 18:12:24,32263,26.5,707,68,0.0,0.0,0.0,0.157,15.3,24.2,7.99,0.0,52.79,52.74,0.0,0.0
893,2022-10-22 18:27:27,20080,26.7,672,68,0.0,0.0,0.0,0.157,15.3,24.2,7.99,0.0,52.87,52.82,0.0,0.0
894,2022-10-22 18:42:34,25805,26.7,632,69,0.0,0.0,0.0,0.157,15.3,24.2,7.99,0.0,52.95,52.89,0.0,0.0
895,2022-10-22 18:57:36,26988,26.7,590,70,0.0,0.0,0.0,0.157,15.3,24.2,7.99,0.0,53.03,52.97,0.0,0.0
896,2022-10-22 19:12:39,26675,26.7,544,68,0.0,0.0,0.0,0.157,15.3,24.2,7.99,0.0,53.11,53.05,0.0,0.0
897,2022-10-22 19:27:42,23624,26.5,496,67,0.0,0.0,0.0,0.157,15.3,24.2,7.99,0.0,53.18,53.12,0.0,0.0
898,2022-10-22 19:42:45,30625,26.5,443,69,0.0,0.0,0.0,0.157,15.3,24.2,7.99,0.0,53.25,53.2,0.0,0.0
899,2022-10-22 19:57:48,30600,26.4,391,70,0.0,0.0,0.0,0.157,15.3,24.2,7.99,0.0,53.32,53.27,0.0,0.0
900,2022-10-22 20:12:51,28613,26.5,335,70,0.0,0.0,0.0,0.157,15.3,24.2,7.99,0.0,53.39,53.34,0.0,0.0
901,2022-10-22 20:27:54,24214,26.5,257,69,0.0,0.0,0.0,0.157,15.3,24.2,7.99,0.0,53.46,53.4,0.0,0.0
902,2022-10-22 20:42:55,26022,26.4,226,69,0.0,0.0,0.0,0.157,15.3,24.2,7.99,0.0,53.52,53.46,0.0,0.0
903,2022-10-22 20:57:57,33336,26.1,170,69,0.0,0.0,0.0,0.157,15.3,24.2,7.99,0.0,53.58,53.52,0.0,0.0
904,2022-10-22 21:13:00,30021,25.8,121,71,0.0,0.0,0.0,0.157,15.3,24.2,7.99,0.0,53.63,53.57,0.0,0.0
905,2022-10-22 21:28:02,26735,25.6,82,71,0.0,0.0,0.0,0.157,15.3,24.2,7.99,0.0,53.68,53.62,0.0,0.0
906,2022-10-22 21:43:05,28598,25.2,37,72,0.0,0.0,0.0,0.157,15.3,24.2,7.99,0.0,53.73,53.67,0.0,0.0
907,2022-10-22 21:58:08,30417,24.7,17,72,0.0,0.0,0.0,0.157,15.3,24.2,7.99,0.0,53.77,53.71,0.0,0.0
908,2022-10-22 22:13:11,27119,24.4,0,74,0.0,0.0,0.0,0.157,15.3,24.2,7.99,0.0,53.81,53.75,0.0,0.0
909,2022-10-22 22:28:14,24946,24.3,0,74,0.0,0.0,0.0,0.157,15.3,24.2,7.99,0.0,53.83,53.77,0.0,0.0
910,2022-10-22 22:43:17,26530,24.2,0,74,0.0,0.0,0.0,0.157,15.3,24.2,7.99,0.0,53.84,53.79,0.0,0.0
911,2022-10-22 22:58:24,23798,24.2,0,73,0.0,0.0,0.0,0.157,15.3,24.2,7.99,0.0,53.85,53.79,0.0,0.0
912,2022-10-22 23:13:26,27855,24.0,0,73,0.0,0.0,0.0,0.157,15.3,24.2,7.99,0.0,53.88,53.82,0.0,0.0
913,2022-10-22 23:28:29,27043,23.9,1,73,0.0,0.0,0.0,0.157,15.3,24.2,7.99,0.0,53.91,53.85,0.0,0.0
914,2022-10-22 23:43:32,24357,23.8,1,74,0.0,0.0,0.0,0.157,15.3,24.2,7.99,0.0,53.95,53.89,0.0,0.0
915,2022-10-22 23:58:35,28566,23.7,1,73,0.0,0.0,0.0,0.157,15.3,24.3,7.99,0.0,53.97,53.92,0.0,0.0
916,2022-10-23 00:13:38,25315,23.7,1,75,0.0,0.0,0.0,0.157,15.3,24.3,7.99,0.0,54.01,53.96,0.0,0.0
917,2022-10-23 00:28:41,27390,23.7,1,76,0.0,0.0,0.0,0.157,15.3,24.3,7.99,0.0,54.05,53.99,0.0,0.0
918,2022-10-23 00:43:43,23049,23.7,0,75,0.0,0.0,0.0,0.157,15.3,24.3,7.99,0.0,54.09,54.03,0.0,0.0
919,2022-10-23 00:58:45,26432,23.7,1,75,0.0,0.0,0.0,0.157,15.3,24.3,7.99,0.0,54.12,54.06,0.0,0.0
920,2022-10-23 01:13:47,29198,23.8,1,77,0.0,0.0,0.0,0.157,15.3,24.3,7.99,0.0,54.16,54.1,0.0,0.0
921,2022-10-23 01:28:50,28061,23.9,0,76,0.0,0.0,0.0,0.157,15.3,24.3,7.99,0.0,54.19,54.14,0.0,0.0
922,2022-10-23 01:43:52,31845,24.0,1,75,0.0,0.0,0.0,0.157,15.3,24.3,7.99,0.0,54.22,54.17,0.0,0.0
923,2022-10-23 01:58:55,29764,24.0,1,76,0.0,0.0,0.0,0.157,15.3,24.3,7.99,0.0,54.26,54.2,0.0,0.0
924,2022-10-23 02:13:58,26188,23.1,1,81,0.0,0.0,0.0,0.157,15.3,24.3,7.99,0.0,54.29,54.23,0.0,0.0
925,2022-10-23 02:29:01,24597,22.7,0,83,0.0,0.0,0.0,0.157,15.3,24.3,7.99,0.0,54.31,54.26,0.0,0.0
926,2022-10-23 02:44:04,26313,22.5,1,82,0.0,0.0,0.0,0.157,15.3,24.3,7.99,0.0,54.33,54.28,0.0,0.0
927,2022-10-23 02:59:07,26613,22.7,3,80,0.0,0.0,0.0,0.157,15.3,24.3,7.99,0.0,54.37,54.31,0.0,0.0
928,2022-10-23 03:14:14,29973,22.8,2,79,0.0,0.0,0.0,0.157,15.3,24.3,7.99,0.0,54.41,54.35,0.0,0.0
929,2022-10-23 03:29:16,28109,22.9,1,79,0.0,0.0,0.0,0.157,15.3,24.3,7.99,0.0,54.45,54.39,0.0,0.0
930,2022-10-23 03:44:19,27157,22.1,0,82,0.0,0.0,0.0,0.157,15.3,24.3,7.99,0.0,54.47,54.42,0.0,0.0
931,2022-10-23 03:59:22,29711,21.3,0,84,0.0,0.0,0.0,0.157,15.3,24.3,7.99,0.0,54.48,54.42,0.0,0.0
932,2022-10-23 04:14:25,27380,21.1,0,85,0.0,0.0,0.0,0.157,15.3,24.3,7.99,0.0,54.5,54.44,0.0,0.0
933,2022-10-23 04:29:28,28062,20.8,0,86,0.0,0.0,0.0,0.157,15.3,24.3,7.99,0.0,54.5,54.45,0.0,0.0
934,2022-10-23 04:44:31,28190,20.4,0,88,0.0,0.0,0.0,0.157,15.3,24.3,7.99,0.0,54.52,54.46,0.0,0.0
935,2022-10-23 04:59:33,32452,20.2,0,89,0.0,0.0,0.0,0.157,15.3,24.3,7.99,0.0,54.52,54.47,0.0,0.0
936,2022-10-23 05:14:35,24310,20.0,0,89,0.0,0.0,0.0,0.157,15.3,24.3,7.99,0.0,54.53,54.47,0.0,0.0
937,2022-10-23 05:29:37,24040,20.0,0,90,0.0,0.0,0.0,0.157,15.3,24.3,7.99,0.0,54.53,54.48,0.0,0.0
938,2022-10-23 05:44:40,24873,20.0,0,90,0.0,0.0,0.0,0.157,15.3,24.3,7.99,0.0,54.54,54.48,0.0,0.0
939,2022-10-23 05:59:42,28525,19.9,0,89,0.0,0.0,0.0,0.157,15.3,24.3,7.99,0.0,54.55,54.49,0.0,0.0
940,2022-10-23 06:14:45,31306,19.7,0,89,0.0,0.0,0.0,0.157,15.3,24.3,7.99,0.0,54.55,54.5,0.0,0.0
941,2022-10-23 06:29:48,28904,19.5,0,90,0.0,0.0,0.0,0.157,15.3,24.3,7.99,0.0,54.56,54.5,0.0,0.0
942,2022-10-23 06:44:51,27568,19.3,0,90,0.0,0.0,0.0,0.157,15.3,24.3,7.99,0.0,54.56,54.51,0.0,0.0
943,2022-10-23 06:59:54,28050,19.2,0,90,0.0,0.0,0.0,0.157,15.3,24.3,7.99,0.0,54.57,54.51,0.0,0.0
944,2022-10-23 07:14:57,27914,19.3,0,91,0.0,0.0,0.0,0.157,15.3,24.3,7.99,0.0,54.6,54.54,0.0,0.0
945,2022-10-23 07:30:04,24845,19.3,0,91,0.0,0.0,0.0,0.157,15.3,24.3,7.99,0.0,54.6,54.54,0.0,0.0
946,2022-10-23 07:45:06,29228,19.3,0,91,0.0,0.0,0.0,0.157,15.3,24.3,7.99,0.0,54.61,54.55,0.0,0.0
947,2022-10-23 08:00:09,29974,19.3,0,91,0.0,0.0,0.0,0.157,15.3,24.3,7.99,0.0,54.61,54.56,0.0,0.0
948,2022-10-23 08:15:12,29929,19.3,0,91,0.0,0.0,0.0,0.157,15.3,24.3,7.99,0.0,54.62,54.56,0.0,0.0
949,2022-10-23 08:30:15,22890,19.2,0,91,0.0,0.0,0.0,0.157,15.3,24.3,7.99,0.0,54.62,54.57,0.0,0.0
950,2022-10-23 08:45:18,26244,19.1,0,91,0.0,0.0,0.0,0.157,15.3,24.3,7.99,0.0,54.63,54.57,0.0,0.0
951,2022-10-23 09:00:21,24905,19.0,0,91,0.0,0.0,0.0,0.157,15.3,24.3,7.99,0.0,54.63,54.58,0.0,0.0
952,2022-10-23 09:15:23,21466,19.0,0,91,0.0,0.0,0.0,0.157,15.3,24.3,7.99,0.0,54.64,54.58,0.0,0.0
953,2022-10-23 09:30:25,27513,19.0,0,91,0.0,0.0,0.0,0.157,15.3,24.3,7.99,0.0,54.65,54.59,0.0,0.0
954,2022-10-23 09:45:27,24940,19.0,0,91,0.0,0.0,0.0,0.157,15.3,24.3,7.99,0.0,54.65,54.59,0.0,0.0
955,2022-10-23 10:00:30,31095,19.0,0,90,0.0,0.0,0.0,0.157,15.3,24.3,7.99,0.0,54.66,54.6,54.66,0.0
956,2022-10-23 10:15:32,30761,18.9,0,91,0.0,0.0,0.0,0.157,15.3,24.3,7.99,0.0,54.66,54.61,0.0,0.0
957,2022-10-23 10:30:35,27874,18.9,1,91,0.0,0.0,0.0,0.157,15.3,24.3,7.99,0.0,54.67,54.61,0.0,0.0
958,2022-10-23 10:45:38,25722,18.8,6,91,0.0,0.0,0.0,0.157,15.3,24.3,7.99,0.0,54.69,54.64,0.0,0.0
959,2022-10-23 11:00:41,23723,18.8,26,91,0.0,0.0,0.0,0.157,15.3,24.3,7.99,0.0,54.73,54.68,0.0,0.0
960,2022-10-23 11:15:47,29122,19.1,59,90,0.0,0.0,0.0,0.157,15.3,24.3,7.99,0.0,54.77,54.72,0.0,0.0
961,2022-10-23 11:30:47,29131,19.6,95,89,0.0,0.0,0.0,0.157,15.3,24.3,7.99,0.0,54.82,54.76,0.0,0.0
962,2022-10-23 11:45:54,29750,20.4,154,87,0.0,0.0,0.0,0.157,15.3,24.3,7.99,0.0,54.86,54.8,0.0,0.0
963,2022-10-23 12:00:56,28652,21.2,247,84,0.0,0.0,0.0,0.157,15.3,24.3,7.99,0.0,54.91,54.86,0.0,0.0
964,2022-10-23 12:15:59,28895,22.1,301,82,0.0,0.0,0.0,0.157,15.3,24.3,7.99,0.0,54.97,54.91,0.0,0.0
965,2022-10-23 12:31:02,31975,23.2,321,80,0.0,0.0,0.0,0.157,15.3,24.3,7.99,0.0,55.03,54.97,0.0,0.0
966,2022-10-23 12:46:05,26454,24.0,378,77,0.0,0.0,0.0,0.157,15.3,24.3,7.99,0.0,55.09,55.04,0.0,0.0
967,2022-10-23 13:01:08,29028,24.7,430,75,0.0,0.0,0.0,0.157,15.3,24.3,7.99,0.0,55.16,55.1,0.0,0.0
968,2022-10-23 13:16:11,27458,25.4,341,74,0.0,0.0,0.0,0.157,15.3,24.3,7.99,0.0,55.22,55.17,0.0,0.0
969,2022-10-23 13:31:14,29153,26.0,526,73,0.0,0.0,0.0,0.157,15.3,24.3,7.99,0.0,55.28,55.23,0.0,0.0
970,2022-10-23 13:46:15,32046,26.0,573,73,0.0,0.0,0.0,0.157,15.3,24.3,7.99,0.0,55.35,55.3,0.0,0.0
971,2022-10-23 14:01:18,34077,26.2,614,73,0.0,0.0,0.0,0.157,15.3,24.3,7.99,0.0,55.42,55.37,0.0,0.0
972,2022-10-23 14:16:20,29461,26.3,655,72,0.0,0.0,0.0,0.157,15.3,24.3,7.99,0.0,55.49,55.44,0.0,0.0
973,2022-10-23 14:31:22,26551,26.5,690,72,0.0,0.0,0.0,0.157,15.3,24.3,7.99,0.0,55.57,55.51,0.0,0.0
974,2022-10-23 14:46:25,30440,26.6,719,72,0.0,0.0,0.0,0.157,15.3,24.3,7.99,0.0,55.64,55.58,0.0,0.0
975,2022-10-23 15:01:28,30154,26.5,745,70,0.0,0.0,0.0,0.157,15.3,24.3,7.99,0.0,55.71,55.66,0.0,0.0
976,2022-10-23 15:16:31,25960,26.8,768,71,0.0,0.0,0.0,0.157,15.3,24.3,7.99,0.0,55.79,55.73,0.0,0.0
977,2022-10-23 15:31:34,28507,26.9,787,71,0.0,0.0,0.0,0.157,15.3,24.3,7.99,0.0,55.86,55.8,0.0,0.0
978,2022-10-23 15:46:37,30426,26.6,800,71,0.0,0.0,0.0,0.157,15.3,24.3,7.99,0.0,55.93,55.88,0.0,0.0
979,2022-10-23 16:01:40,24754,26.8,809,70,0.0,0.0,0.0,0.157,15.3,24.3,7.99,0.0,56.0,55.95,0.0,0.0
980,2022-10-23 16:16:47,27165,26.7,815,70,0.0,0.0,0.0,0.157,15.3,24.3,7.99,0.0,56.08,56.02,0.0,0.0
981,2022-10-23 16:31:49,22775,26.8,817,70,0.0,0.0,0.0,0.157,15.3,24.3,7.99,0.0,56.15,56.09,0.0,0.0
982,2022-10-23 16:46:52,28318,27.0,812,69,0.0,0.0,0.0,0.157,15.3,24.3,7.99,0.0,56.22,56.17,0.0,0.0
983,2022-10-23 17:01:55,28866,26.8,808,68,0.0,0.0,0.0,0.157,15.3,24.3,7.99,0.0,56.3,56.24,0.0,0.0
984,2022-10-23 17:16:58,27607,27.1,793,67,0.0,0.0,0.0,0.157,15.3,24.3,7.99,0.0,56.37,56.31,0.0,0.0
985,2022-10-23 17:32:01,28190,27.0,776,66,0.0,0.0,0.0,0.157,15.3,24.3,7.99,0.0,56.44,56.38,0.0,0.0
986,2022-10-23 17:47:04,27753,27.0,753,65,0.0,0.0,0.0,0.157,15.3,24.3,7.99,0.0,56.51,56.46,0.0,0.0
987,2022-10-23 18:02:07,28346,26.9,728,66,0.0,0.0,0.0,0.157,15.3,24.3,7.99,0.0,56.58,56.53,0.0,0.0
988,2022-10-23 18:17:08,28726,26.9,693,68,0.0,0.0,0.0,0.157,15.3,24.3,7.99,0.0,56.65,56.6,0.0,0.0
989,2022-10-23 18:32:10,24632,26.9,652,69,0.0,0.0,0.0,0.157,15.3,24.3,7.99,0.0,56.72,56.67,0.0,0.0
990,2022-10-23 18:47:13,29495,27.0,615,68,0.0,0.0,0.0,0.157,15.3,24.3,7.99,0.0,56.79,56.74,0.0,0.0
991,2022-10-23 19:02:15,26738,27.0,572,69,0.0,0.0,0.0,0.157,15.3,24.3,7.99,0.0,56.86,56.81,0.0,0.0
992,2022-10-23 19:17:18,27941,26.7,526,68,0.0,0.0,0.0,0.157,15.3,24.3,7.99,0.0,56.93,56.87,0.0,0.0
993,2022-10-23 19:32:21,27808,27.0,477,67,0.0,0.0,0.0,0.157,15.3,24.3,7.99,0.0,57.0,56.94,0.0,0.0
994,2022-10-23 19:47:24,28371,26.8,425,66,0.0,0.0,0.0,0.157,15.3,24.3,7.99,0.0,57.06,57.0,0.0,0.0
995,2022-10-23 20:02:27,32816,26.6,370,64,0.0,0.0,0.0,0.157,15.3,24.3,7.99,0.0,57.12,57.07,0.0,0.0
996,2022-10-23 20:17:30,30520,26.6,333,64,0.0,0.0,0.0,0.157,15.3,24.3,7.99,0.0,57.18,57.13,0.0,0.0
997,2022-10-23 20:32:37,31383,26.4,300,64,0.0,0.0,0.0,0.157,15.3,24.3,7.99,0.0,57.24,57.19,0.0,0.0
998,2022-10-23 20:47:41,26983,25.6,105,68,0.0,0.0,0.0,0.157,15.3,24.3,7.99,0.0,57.3,57.24,0.0,0.0
999,2022-10-23 21:02:42,25047,25.0,63,73,0.0,0.0,0.0,0.157,15.3,24.3,7.99,0.0,57.34,57.29,0.0,0.0
1000,2022-10-23 21:17:45,27593,24.7,60,76,0.0,0.0,0.0,0.157,15.3,24.3,7.99,0.0,57.38,57.32,0.0,0.0
1001,2022-10-23 21:32:48,32053,24.5,45,76,0.0,0.0,0.0,0.157,15.3,24.3,7.99,0.0,57.42,57.36,0.0,0.0
1002,2022-10-23 21:47:51,27672,24.5,32,76,0.0,0.0,0.0,0.157,15.3,24.3,7.99,0.0,57.46,57.4,0.0,0.0
1003,2022-10-23 22:02:54,32212,24.5,5,77,0.0,0.0,0.0,0.157,15.3,24.3,7.99,0.0,57.5,57.44,0.0,0.0
1004,2022-10-23 22:17:56,26561,24.4,0,78,0.0,0.0,0.0,0.157,15.3,24.3,7.99,0.0,57.53,57.48,0.0,0.0
1005,2022-10-23 22:32:58,23697,24.2,0,78,0.0,0.0,0.0,0.157,15.3,24.3,7.99,0.0,57.54,57.49,0.0,0.0
1006,2022-10-23 22:48:00,26942,23.9,0,80,0.0,0.0,0.0,0.157,15.3,24.3,7.99,0.0,57.55,57.49,0.0,0.0
1007,2022-10-23 23:03:03,29962,23.6,0,79,0.0,0.0,0.0,0.157,15.3,24.3,7.99,0.0,57.55,57.5,0.0,0.0
1008,2022-10-23 23:18:05,30773,24.0,1,79,0.0,0.0,0.0,0.157,15.3,24.3,7.99,0.0,57.57,57.51,0.0,0.0
1009,2022-10-23 23:33:08,28921,24.1,0,80,0.0,0.0,0.0,0.157,15.3,24.3,7.99,0.0,57.6,57.55,0.0,0.0
1010,2022-10-23 23:48:11,29598,24.1,0,80,0.0,0.0,0.0,0.157,15.3,24.3,7.99,0.0,57.61,57.55,0.0,0.0
1011,2022-10-24 00:03:14,27885,23.4,0,85,0.0,0.0,0.0,0.157,15.3,23.1,7.99,0.0,57.61,57.56,0.0,0.0
1012,2022-10-24 00:18:17,28103,23.1,0,87,0.0,0.0,0.0,0.157,15.3,23.1,7.99,0.0,57.64,57.58,0.0,0.0
1013,2022-10-24 00:33:20,30597,22.6,0,85,0.2,0.2,0.0,0.157,15.3,23.1,7.99,0.0,57.65,57.6,0.0,0.0
1014,2022-10-24 00:48:26,30948,22.8,1,86,0.2,0.2,0.0,0.157,15.3,23.1,7.99,0.0,57.68,57.62,0.0,0.0
1015,2022-10-24 01:03:29,28727,22.8,0,87,0.2,0.2,0.0,0.157,15.3,23.1,7.99,0.0,57.71,57.66,0.0,0.0
1016,2022-10-24 01:18:32,33136,22.6,0,87,0.2,0.2,0.0,0.157,15.3,23.1,7.99,0.0,57.73,57.67,0.0,0.0
1017,2022-10-24 01:33:35,31073,22.3,0,88,0.0,0.2,0.0,0.157,15.3,23.1,7.99,0.0,57.73,57.68,0.0,0.0
1018,2022-10-24 01:48:38,25261,22.3,0,89,0.0,0.2,0.0,0.157,15.3,23.1,7.99,0.0,57.74,57.69,0.0,0.0
1019,2022-10-24 02:03:41,28864,22.2,0,89,0.0,0.2,0.0,0.157,15.3,23.1,7.99,0.0,57.76,57.7,0.0,0.0
1020,2022-10-24 02:18:44,28389,22.3,1,88,0.0,0.2,0.0,0.157,15.3,23.1,7.99,0.0,57.78,57.73,0.0,0.0
1021,2022-10-24 02:33:46,25256,22.3,0,87,0.0,0.2,0.0,0.157,15.3,23.1,7.99,0.0,57.82,57.76,0.0,0.0
1022,2022-10-24 02:48:48,32984,22.1,0,87,0.0,0.2,0.0,0.157,15.3,23.1,7.99,0.0,57.82,57.77,0.0,0.0
1023,2022-10-24 03:03:50,29511,21.8,0,87,0.0,0.2,0.0,0.157,15.3,23.1,7.99,0.0,57.84,57.78,0.0,0.0
1024,2022-10-24 03:18:53,30403,22.0,0,88,0.0,0.2,0.0,0.157,15.3,23.1,7.99,0.0,57.86,57.81,0.0,0.0
1025,2022-10-24 03:33:55,31377,22.0,0,88,0.0,0.2,0.0,0.157,15.3,23.1,7.99,0.0,57.89,57.83,0.0,0.0
1026,2022-10-24 03:48:58,29190,21.9,0,89,0.0,0.2,0.0,0.157,15.3,23.1,7.99,0.0,57.91,57.85,0.0,0.0
1027,2022-10-24 04:04:01,30249,21.8,0,89,0.0,0.2,0.0,0.157,15.3,23.1,7.99,0.0,57.91,57.86,0.0,0.0
1028,2022-10-24 04:19:04,28307,21.8,0,88,0.0,0.2,0.0,0.157,15.3,23.1,7.99,0.0,57.93,57.87,0.0,0.0
1029,2022-10-24 04:34:07,32797,21.7,0,88,0.0,0.2,0.0,0.157,15.3,23.1,7.99,0.0,57.94,57.89,0.0,0.0
1030,2022-10-24 04:49:10,27595,21.6,0,88,0.0,0.2,0.0,0.157,15.3,23.1,7.99,0.0,57.96,57.9,0.0,0.0
1031,2022-10-24 05:04:15,26596,21.5,0,89,0.0,0.2,0.0,0.157,15.3,23.1,7.99,0.0,57.96,57.91,0.0,0.0
1032,2022-10-24 05:19:20,32052,21.4,0,89,0.0,0.2,0.0,0.157,15.3,23.1,7.99,0.0,57.97,57.91,0.0,0.0
1033,2022-10-24 05:34:22,29708,21.2,0,90,0.0,0.2,0.0,0.157,15.3,23.1,7.99,0.0,57.97,57.92,0.0,0.0
1034,2022-10-24 05:49:25,29590,21.1,0,90,0.0,0.2,0.0,0.157,15.3,23.1,7.99,0.0,57.98,57.92,0.0,0.0
1035,2022-10-24 06:04:28,26428,21.1,0,91,0.0,0.2,0.0,0.157,15.3,23.1,7.99,0.0,57.98,57.93,0.0,0.0
1036,2022-10-24 06:19:31,27003,21.1,0,91,0.0,0.2,0.0,0.157,15.3,23.1,7.99,0.0,57.99,57.93,0.0,0.0
1037,2022-10-24 06:34:34,28007,21.0,0,91,0.0,0.2,0.0,0.157,15.3,23.1,7.99,0.0,57.99,57.94,0.0,0.0
1038,2022-10-24 06:49:36,29750,21.0,0,91,0.0,0.2,0.0,0.157,15.3,23.1,7.99,0.0,57.99,57.94,0.0,0.0
1039,2022-10-24 07:04:39,29232,20.9,0,91,0.0,0.2,0.0,0.157,15.3,23.1,7.99,0.0,58.0,57.94,0.0,0.0
1040,2022-10-24 07:19:40,26993,20.7,0,91,0.0,0.2,0.0,0.157,15.3,23.1,7.99,0.0,58.0,57.95,0.0,0.0
1041,2022-10-24 07:34:43,28890,20.7,0,91,0.0,0.2,0.0,0.157,15.3,23.1,7.99,0.0,58.01,57.95,0.0,0.0
1042,2022-10-24 07:49:45,26181,20.5,0,91,0.0,0.2,0.0,0.157,15.3,23.1,7.99,0.0,58.01,57.96,0.0,0.0
1043,2022-10-24 08:04:48,27108,20.4,0,91,0.0,0.2,0.0,0.157,15.3,23.1,7.99,0.0,58.03,57.97,0.0,0.0
1044,2022-10-24 08:19:51,27749,20.3,0,91,0.0,0.2,0.0,0.157,15.3,23.1,7.99,0.0,58.03,57.98,0.0,0.0
1045,2022-10-24 08:34:54,29925,20.3,0,91,0.0,0.2,0.0,0.157,15.3,23.1,7.99,0.0,58.04,57.98,0.0,0.0
1046,2022-10-24 08:49:57,30515,20.1,0,91,0.0,0.2,0.0,0.157,15.3,23.1,7.99,0.0,58.04,57.99,0.0,0.0
1047,2022-10-24 09:05:00,35984,20.1,0,91,0.0,0.2,0.0,0.157,15.3,23.1,7.99,0.0,58.05,57.99,0.0,0.0
1048,2022-10-24 09:20:03,24928,20.0,0,91,0.0,0.2,0.0,0.157,15.3,23.1,7.99,0.0,58.07,58.01,0.0,0.0
1049,2022-10-24 09:35:10,31785,19.9,0,91,0.0,0.2,0.0,0.157,15.3,23.1,7.99,0.0,58.08,58.03,0.0,0.0
1050,2022-10-24 09:50:12,26234,19.9,0,91,0.0,0.2,0.0,0.157,15.3,23.1,7.99,0.0,58.11,58.05,0.0,0.0
1051,2022-10-24 10:05:15,26114,19.7,0,91,0.0,0.2,0.0,0.157,15.3,23.1,7.99,0.0,58.13,58.08,58.13,58.13
1052,2022-10-24 10:20:18,29411,19.5,0,92,0.0,0.2,0.0,0.157,15.3,23.1,7.99,0.0,58.15,58.09,0.0,0.0
1053,2022-10-24 10:35:21,29066,19.3,1,92,0.0,0.2,0.0,0.157,15.3,23.1,7.99,0.0,58.15,58.1,0.0,0.0
1054,2022-10-24 10:50:24,29485,19.2,7,92,0.0,0.2,0.0,0.157,15.3,23.1,7.99,0.0,58.17,58.12,0.0,0.0
1055,2022-10-24 11:05:27,30328,19.3,15,92,0.0,0.2,0.0,0.157,15.3,23.1,7.99,0.0,58.21,58.15,0.0,0.0
1056,2022-10-24 11:20:29,26667,19.5,25,92,0.0,0.2,0.0,0.157,15.3,23.1,7.99,0.0,58.24,58.19,0.0,0.0
1057,2022-10-24 11:35:36,29851,19.8,54,92,0.0,0.2,0.0,0.157,15.3,23.1,7.99,0.0,58.28,58.22,0.0,0.0
1058,2022-10-24 11:50:33,30416,20.5,147,91,0.0,0.2,0.0,0.157,15.3,23.1,7.99,0.0,58.32,58.26,0.0,0.0
1059,2022-10-24 12:05:35,26405,21.5,215,90,0.0,0.2,0.0,0.157,15.3,23.1,7.99,0.0,58.36,58.31,0.0,0.0
1060,2022-10-24 12:20:38,26588,23.2,351,90,0.0,0.2,0.0,0.157,15.3,23.1,7.99,0.0,58.41,58.36,0.0,0.0
1061,2022-10-24 12:35:41,31615,24.2,169,85,0.0,0.2,0.0,0.157,15.3,23.1,7.99,0.0,58.47,58.41,0.0,0.0
1062,2022-10-24 12:50:44,33342,24.7,429,84,0.0,0.2,0.0,0.157,15.3,23.1,7.99,0.0,58.51,58.46,0.0,0.0
1063,2022-10-24 13:05:47,29705,25.9,473,79,0.07,0.27,0.0,0.157,15.3,23.1,7.99,0.0,58.57,58.52,0.0,0.0
1064,2022-10-24 13:20:50,30385,26.2,336,76,0.2,0.4,0.0,0.157,15.3,23.1,7.99,0.0,58.63,58.58,0.0,0.0
1065,2022-10-24 13:35:53,29861,25.3,126,76,0.2,0.4,0.0,0.157,15.3,23.1,7.99,0.0,58.69,58.63,0.0,0.0
1066,2022-10-24 13:51:00,27193,24.6,102,80,0.2,0.4,0.0,0.157,15.3,23.1,7.99,0.0,58.73,58.68,0.0,0.0
1067,2022-10-24 14:06:02,27425,24.0,108,82,0.13,0.4,0.0,0.157,15.3,23.1,7.99,0.0,58.77,58.72,0.0,0.0
1068,2022-10-24 14:21:05,28720,24.1,311,79,0.0,0.4,0.0,0.157,15.3,23.1,7.99,0.0,58.81,58.76,0.0,0.0
1069,2022-10-24 14:36:08,31467,25.0,292,76,0.0,0.4,0.0,0.157,15.3,23.1,7.99,0.0,58.87,58.81,0.0,0.0
1070,2022-10-24 14:51:11,29331,25.6,376,73,0.0,0.4,0.0,0.157,15.3,23.1,7.99,0.0,58.92,58.86,0.0,0.0
1071,2022-10-24 15:06:14,24803,26.2,296,72,0.0,0.4,0.0,0.157,15.3,23.1,7.99,0.0,58.98,58.92,0.0,0.0
1072,2022-10-24 15:21:17,34667,26.2,355,71,0.0,0.4,0.0,0.157,15.3,23.1,7.99,0.0,59.03,58.97,0.0,0.0
1073,2022-10-24 15:36:19,29330,26.9,541,70,0.0,0.4,0.0,0.157,15.3,23.1,7.99,0.0,59.08,59.03,0.0,0.0
1074,2022-10-24 15:51:21,26824,26.8,383,70,0.0,0.4,0.0,0.157,15.3,23.1,7.99,0.0,59.15,59.09,0.0,0.0
1075,2022-10-24 16:06:23,31764,27.0,456,69,0.0,0.4,0.0,0.157,15.3,23.1,7.99,0.0,59.2,59.15,0.0,0.0
1076,2022-10-24 16:21:25,26887,27.1,462,69,0.0,0.4,0.0,0.157,15.3,23.1,7.99,0.0,59.26,59.21,0.0,0.0
1077,2022-10-24 16:36:28,30712,27.1,430,68,0.0,0.4,0.0,0.157,15.3,23.1,7.99,0.0,59.32,59.27,0.0,0.0
1078,2022-10-24 16:51:31,29618,27.0,406,69,0.0,0.4,0.0,0.157,15.3,23.1,7.99,0.0,59.38,59.32,0.0,0.0
1079,2022-10-24 17:06:34,29460,27.4,655,66,0.0,0.4,0.0,0.157,15.3,23.1,7.99,0.0,59.44,59.38,0.0,0.0
1080,2022-10-24 17:21:37,32461,28.0,769,65,0.0,0.4,0.0,0.157,15.3,23.1,7.99,0.0,59.5,59.44,0.0,0.0
1081,2022-10-24 17:36:40,33266,28.2,747,65,0.0,0.4,0.0,0.157,15.3,23.1,7.99,0.0,59.56,59.51,0.0,0.0
1082,2022-10-24 17:51:43,33054,28.3,724,65,0.0,0.4,0.0,0.157,15.3,23.1,7.99,0.0,59.63,59.57,0.0,0.0
1083,2022-10-24 18:06:50,31499,28.4,637,65,0.0,0.4,0.0,0.157,15.3,23.1,7.99,0.0,59.69,59.64,0.0,0.0
1084,2022-10-24 18:21:52,30952,28.1,680,65,0.0,0.4,0.0,0.157,15.3,23.1,7.99,0.0,59.75,59.7,0.0,0.0
1085,2022-10-24 18:36:55,31069,28.5,630,64,0.0,0.4,0.0,0.157,15.3,23.1,7.99,0.0,59.81,59.76,0.0,0.0
1086,2022-10-24 18:51:58,26899,28.2,589,64,0.0,0.4,0.0,0.157,15.3,23.1,7.99,0.0,59.88,59.82,0.0,0.0
1087,2022-10-24 19:07:01,26951,28.2,544,65,0.0,0.4,0.0,0.157,15.3,23.1,7.99,0.0,59.94,59.88,0.0,0.0
1088,2022-10-24 19:22:04,31736,28.1,495,65,0.0,0.4,0.0,0.157,15.3,23.1,7.99,0.0,60.0,59.95,0.0,0.0
1089,2022-10-24 19:37:07,28353,28.0,443,65,0.0,0.4,0.0,0.157,15.3,23.1,7.99,0.0,60.06,60.0,0.0,0.0
1090,2022-10-24 19:52:10,29670,28.3,394,64,0.0,0.4,0.0,0.157,15.3,23.1,7.99,0.0,60.11,60.06,0.0,0.0
1091,2022-10-24 20:07:11,32343,27.9,340,66,0.0,0.4,0.0,0.157,15.3,23.1,7.99,0.0,60.17,60.12,0.0,0.0
1092,2022-10-24 20:22:14,29367,27.9,286,65,0.0,0.4,0.0,0.157,15.3,23.1,7.99,0.0,60.22,60.17,0.0,0.0
1093,2022-10-24 20:37:16,30913,27.9,231,65,0.0,0.4,0.0,0.157,15.3,23.1,7.99,0.0,60.27,60.22,0.0,0.0
1094,2022-10-24 20:52:18,27600,27.5,179,66,0.0,0.4,0.0,0.157,15.3,23.1,7.99,0.0,60.32,60.27,0.0,0.0
1095,2022-10-24 21:07:21,29895,27.3,128,67,0.0,0.4,0.0,0.157,15.3,23.1,7.99,0.0,60.36,60.31,0.0,0.0
1096,2022-10-24 21:22:24,29417,26.9,82,68,0.0,0.4,0.0,0.157,15.3,23.1,7.99,0.0,60.4,60.35,0.0,0.0
1097,2022-10-24 21:37:27,31198,26.2,30,70,0.0,0.4,0.0,0.157,15.3,23.1,7.99,0.0,60.44,60.39,0.0,0.0
1098,2022-10-24 21:52:30,32150,25.5,9,71,0.0,0.4,0.0,0.157,15.3,23.1,7.99,0.0,60.47,60.42,0.0,0.0
1099,2022-10-24 22:07:33,30700,24.9,2,74,0.0,0.4,0.0,0.157,15.3,23.1,7.99,0.0,60.51,60.45,0.0,0.0
1100,2022-10-24 22:22:39,28764,24.5,1,74,0.0,0.4,0.0,0.157,15.3,23.1,7.99,0.0,60.54,60.48,0.0,0.0
1101,2022-10-24 22:37:43,32276,24.5,1,73,0.0,0.4,0.0,0.157,15.3,23.1,7.99,0.0,60.57,60.52,0.0,0.0
1102,2022-10-24 22:52:45,32504,24.5,1,73,0.0,0.4,0.0,0.157,15.3,23.1,7.99,0.0,60.6,60.55,0.0,0.0
1103,2022-10-24 23:07:48,32946,24.6,1,72,0.0,0.4,0.0,0.157,15.3,23.1,7.99,0.0,60.63,60.58,0.0,0.0
1104,2022-10-24 23:22:51,31133,24.5,1,73,0.0,0.4,0.0,0.157,15.3,23.1,7.99,0.0,60.66,60.61,0.0,0.0
1105,2022-10-24 23:37:54,30635,24.5,1,73,0.0,0.4,0.0,0.157,15.3,23.1,7.99,0.0,60.69,60.64,0.0,0.0
1106,2022-10-24 23:52:57,29899,24.5,1,73,0.0,0.27,0.0,0.157,15.3,23.3,7.99,0.0,60.72,60.67,0.0,0.0
1107,2022-10-25 00:07:59,30178,24.5,1,73,0.0,0.0,0.0,0.157,15.3,23.6,7.99,0.0,60.75,60.7,0.0,0.0
1108,2022-10-25 00:23:01,28230,24.6,1,73,0.0,0.0,0.0,0.157,15.3,23.6,7.99,0.0,60.78,60.73,0.0,0.0
1109,2022-10-25 00:38:03,31893,24.5,0,73,0.0,0.0,0.0,0.157,15.3,23.6,7.99,0.0,60.81,60.76,0.0,0.0
1110,2022-10-25 00:53:06,31948,24.5,1,73,0.0,0.0,0.0,0.157,15.3,23.6,7.99,0.0,60.84,60.78,0.0,0.0
1111,2022-10-25 01:08:08,30921,24.4,1,74,0.0,0.0,0.0,0.157,15.3,23.6,7.99,0.0,60.87,60.81,0.0,0.0
1112,2022-10-25 01:23:11,27193,24.4,1,74,0.0,0.0,0.0,0.157,15.3,23.6,7.99,0.0,60.9,60.84,0.0,0.0
1113,2022-10-25 01:38:14,34220,24.4,0,74,0.0,0.0,0.0,0.157,15.3,23.6,7.99,0.0,60.93,60.88,0.0,0.0
1114,2022-10-25 01:53:17,26320,24.3,1,75,0.0,0.0,0.0,0.157,15.3,23.6,7.99,0.0,60.95,60.9,0.0,0.0
1115,2022-10-25 02:08:20,30865,24.4,1,74,0.0,0.0,0.0,0.157,15.3,23.6,7.99,0.0,60.98,60.93,0.0,0.0
1116,2022-10-25 02:23:23,30918,24.4,0,75,0.0,0.0,0.0,0.157,15.3,23.6,7.99,0.0,61.01,60.96,0.0,0.0
1117,2022-10-25 02:38:30,30382,24.4,1,74,0.0,0.0,0.0,0.157,15.3,23.6,7.99,0.0,61.03,60.98,0.0,0.0
1118,2022-10-25 02:53:32,29308,24.5,0,74,0.0,0.0,0.0,0.157,15.3,23.6,7.99,0.0,61.06,61.01,0.0,0.0
1119,2022-10-25 03:08:35,27862,24.5,0,74,0.0,0.0,0.0,0.157,15.3,23.6,7.99,0.0,61.07,61.01,0.0,0.0
1120,2022-10-25 03:23:38,30380,24.5,0,74,0.0,0.0,0.0,0.157,15.3,23.6,7.99,0.0,61.07,61.02,0.0,0.0
1121,2022-10-25 03:38:41,29646,24.4,0,74,0.0,0.0,0.0,0.157,15.3,23.6,7.99,0.0,61.08,61.03,0.0,0.0
1122,2022-10-25 03:53:44,31596,24.4,0,74,0.0,0.0,0.0,0.157,15.3,23.6,7.99,0.0,61.09,61.03,0.0,0.0
1123,2022-10-25 04:08:47,29579,24.3,0,74,0.0,0.0,0.0,0.157,15.3,23.6,7.99,0.0,61.1,61.05,0.0,0.0
1124,2022-10-25 04:23:49,29412,24.5,1,74,0.0,0.0,0.0,0.157,15.3,23.6,7.99,0.0,61.11,61.06,0.0,0.0
1125,2022-10-25 04:38:51,30481,24.4,0,74,0.0,0.0,0.0,0.157,15.3,23.6,7.99,0.0,61.14,61.09,0.0,0.0
1126,2022-10-25 04:53:53,35664,24.3,0,73,0.0,0.0,0.0,0.157,15.3,23.6,7.99,0.0,61.14,61.09,0.0,0.0
1127,2022-10-25 05:08:56,30650,24.3,0,74,0.0,0.0,0.0,0.157,15.3,23.6,7.99,0.0,61.15,61.1,0.0,0.0
1128,2022-10-25 05:23:58,32985,24.2,0,74,0.0,0.0,0.0,0.157,15.3,23.6,7.99,0.0,61.16,61.11,0.0,0.0
1129,2022-10-25 05:39:01,29257,24.2,0,74,0.0,0.0,0.0,0.157,15.3,23.6,7.99,0.0,61.17,61.12,0.0,0.0
1130,2022-10-25 05:54:04,28771,24.2,1,74,0.0,0.0,0.0,0.157,15.3,23.6,7.99,0.0,61.19,61.13,0.0,0.0
1131,2022-10-25 06:09:07,25890,24.3,0,74,0.0,0.0,0.0,0.157,15.3,23.6,7.99,0.0,61.22,61.16,0.0,0.0
1132,2022-10-25 06:24:10,31415,24.0,0,74,0.0,0.0,0.0,0.157,15.3,23.6,7.99,0.0,61.22,61.17,0.0,0.0
1133,2022-10-25 06:39:13,29995,23.7,0,75,0.0,0.0,0.0,0.157,15.3,23.6,7.99,0.0,61.22,61.17,0.0,0.0
1134,2022-10-25 06:54:20,31578,23.4,1,76,0.0,0.0,0.0,0.157,15.3,23.6,7.99,0.0,61.25,61.19,0.0,0.0
1135,2022-10-25 07:09:22,30421,23.1,1,77,0.0,0.0,0.0,0.157,15.3,23.6,7.99,0.0,61.28,61.22,0.0,0.0
1136,2022-10-25 07:24:25,34620,22.8,1,77,0.0,0.0,0.0,0.157,15.3,23.6,7.99,0.0,61.31,61.25,0.0,0.0
1137,2022-10-25 07:39:28,28586,22.0,0,78,0.0,0.0,0.0,0.157,15.3,23.6,7.99,0.0,61.34,61.28,0.0,0.0
1138,2022-10-25 07:54:31,30878,21.0,0,81,0.0,0.0,0.0,0.157,15.3,23.6,7.99,0.0,61.36,61.3,0.0,0.0
1139,2022-10-25 08:09:34,31173,20.0,0,85,0.0,0.0,0.0,0.157,15.3,23.6,7.99,0.0,61.36,61.31,0.0,0.0
1140,2022-10-25 08:24:37,27885,19.5,0,86,0.0,0.0,0.0,0.157,15.3,23.6,7.99,0.0,61.36,61.31,0.0,0.0
1141,2022-10-25 08:39:39,30662,19.3,0,88,0.0,0.0,0.0,0.157,15.3,23.6,7.99,0.0,61.37,61.32,0.0,0.0
1142,2022-10-25 08:54:41,32536,19.1,0,88,0.0,0.0,0.0,0.157,15.3,23.6,7.99,0.0,61.37,61.32,0.0,0.0
1143,2022-10-25 09:09:43,30681,19.1,0,88,0.0,0.0,0.0,0.157,15.3,23.6,7.99,0.0,61.37,61.32,0.0,0.0
1144,2022-10-25 09:24:46,28970,19.1,0,88,0.0,0.0,0.0,0.157,15.3,23.6,7.99,0.0,61.38,61.33,0.0,0.0
1145,2022-10-25 09:39:48,33872,19.1,0,88,0.0,0.0,0.0,0.157,15.3,23.6,7.99,0.0,61.38,61.33,0.0,0.0
1146,2022-10-25 09:54:51,30556,19.0,0,88,0.0,0.0,0.0,0.157,15.3,23.6,7.99,0.0,61.39,61.33,0.0,0.0
1147,2022-10-25 10:09:54,36316,19.1,0,88,0.0,0.0,0.0,0.157,15.3,23.6,7.99,0.0,61.39,61.34,61.39,0.0
1148,2022-10-25 10:24:57,31131,19.1,0,88,0.0,0.0,0.0,0.157,15.3,23.6,7.99,0.0,61.39,61.34,0.0,0.0
1149,2022-10-25 10:40:00,32520,19.1,3,88,0.0,0.0,0.0,0.157,15.3,23.6,7.99,0.0,61.4,61.34,0.0,0.0
1150,2022-10-25 10:55:03,28873,19.2,12,88,0.0,0.0,0.0,0.157,15.3,23.6,7.99,0.0,61.43,61.38,0.0,0.0
1151,2022-10-25 11:10:10,29456,19.1,37,88,0.0,0.0,0.0,0.157,15.3,23.6,7.99,0.0,61.46,61.41,0.0,0.0
1152,2022-10-25 11:25:13,29707,19.7,89,87,0.0,0.0,0.0,0.157,15.3,23.6,7.99,0.0,61.49,61.44,0.0,0.0
1153,2022-10-25 11:40:15,33034,20.8,138,84,0.0,0.0,0.0,0.157,15.3,23.6,7.99,0.0,61.53,61.47,0.0,0.0
1154,2022-10-25 11:55:18,28140,22.1,194,80,0.0,0.0,0.0,0.157,15.3,23.6,7.99,0.0,61.57,61.51,0.0,0.0
1155,2022-10-25 12:10:21,33414,23.4,250,77,0.0,0.0,0.0,0.157,15.3,23.6,7.99,0.0,61.61,61.56,0.0,0.0
1156,2022-10-25 12:25:24,37223,24.5,304,74,0.0,0.0,0.0,0.157,15.3,23.6,7.99,0.0,61.65,61.6,0.0,0.0
1157,2022-10-25 12:40:27,28476,25.8,356,71,0.0,0.0,0.0,0.157,15.3,23.6,7.99,0.0,61.7,61.65,0.0,0.0
1158,2022-10-25 12:55:30,31580,26.7,406,69,0.0,0.0,0.0,0.157,15.3,23.6,7.99,0.0,61.75,61.7,0.0,0.0
1159,2022-10-25 13:10:31,32207,26.9,456,66,0.0,0.0,0.0,0.157,15.3,23.6,7.99,0.0,61.81,61.75,0.0,0.0
1160,2022-10-25 13:25:34,30252,27.1,505,67,0.0,0.0,0.0,0.157,15.3,23.6,7.99,0.0,61.86,61.81,0.0,0.0
1161,2022-10-25 13:40:36,30427,26.8,552,67,0.0,0.0,0.0,0.157,15.3,23.6,7.99,0.0,61.91,61.86,0.0,0.0
1162,2022-10-25 13:55:38,33643,26.6,598,66,0.0,0.0,0.0,0.157,15.3,23.6,7.99,0.0,61.97,61.92,0.0,0.0
1163,2022-10-25 14:10:41,25455,26.5,606,65,0.0,0.0,0.0,0.157,15.3,23.6,7.99,0.0,62.03,61.98,0.0,0.0
1164,2022-10-25 14:25:44,33001,27.0,507,65,0.0,0.0,0.0,0.157,15.3,23.6,7.99,0.0,62.08,62.03,0.0,0.0
1165,2022-10-25 14:40:47,29131,27.1,707,64,0.0,0.0,0.0,0.157,15.3,23.6,7.99,0.0,62.14,62.09,0.0,0.0
1166,2022-10-25 14:55:50,30633,26.8,747,64,0.0,0.0,0.0,0.157,15.3,23.6,7.99,0.0,62.2,62.14,0.0,0.0
1167,2022-10-25 15:10:53,28883,27.2,785,65,0.0,0.0,0.0,0.157,15.3,23.6,7.99,0.0,62.25,62.2,0.0,0.0
1168,2022-10-25 15:25:56,34675,27.6,800,65,0.0,0.0,0.0,0.157,15.3,23.6,7.99,0.0,62.31,62.26,0.0,0.0
1169,2022-10-25 15:41:03,36718,27.3,821,64,0.0,0.0,0.0,0.157,15.3,23.6,7.99,0.0,62.37,62.32,0.0,0.0
1170,2022-10-25 15:56:05,34488,27.8,828,64,0.0,0.0,0.0,0.157,15.3,23.6,7.99,0.0,62.43,62.38,0.0,0.0
1171,2022-10-25 16:11:08,29937,27.8,854,65,0.0,0.0,0.0,0.157,15.3,23.6,7.99,0.0,62.49,62.44,0.0,0.0
1172,2022-10-25 16:26:11,33782,28.0,842,65,0.0,0.0,0.0,0.157,15.3,23.6,7.99,0.0,62.55,62.5,0.0,0.0
1173,2022-10-25 16:41:14,34410,27.8,838,65,0.0,0.0,0.0,0.157,15.3,23.6,7.99,0.0,62.61,62.55,0.0,0.0
1174,2022-10-25 16:56:17,28056,27.8,826,65,0.0,0.0,0.0,0.157,15.3,23.6,7.99,0.0,62.66,62.61,0.0,0.0
1175,2022-10-25 17:11:20,31502,27.7,799,65,0.0,0.0,0.0,0.157,15.3,23.6,7.99,0.0,62.72,62.67,0.0,0.0
1176,2022-10-25 17:26:23,28862,27.6,775,64,0.0,0.0,0.0,0.157,15.3,23.6,7.99,0.0,62.78,62.73,0.0,0.0
1177,2022-10-25 17:41:24,32096,27.8,748,65,0.0,0.0,0.0,0.157,15.3,23.6,7.99,0.0,62.84,62.79,0.0,0.0
1178,2022-10-25 17:56:26,29492,27.8,722,63,0.0,0.0,0.0,0.157,15.3,23.6,7.99,0.0,62.89,62.84,0.0,0.0
1179,2022-10-25 18:11:29,33196,27.6,689,63,0.0,0.0,0.0,0.157,15.3,23.6,7.99,0.0,62.95,62.9,0.0,0.0
1180,2022-10-25 18:26:31,32462,27.9,655,63,0.0,0.0,0.0,0.157,15.3,23.6,7.99,0.0,63.01,62.96,0.0,0.0
1181,2022-10-25 18:41:34,30810,28.0,618,65,0.0,0.0,0.0,0.157,15.3,23.6,7.99,0.0,63.06,63.01,0.0,0.0
1182,2022-10-25 18:56:37,29728,27.9,577,65,0.0,0.0,0.0,0.157,15.3,23.6,7.99,0.0,63.12,63.07,0.0,0.0
1183,2022-10-25 19:11:40,31702,28.0,531,65,0.0,0.0,0.0,0.157,15.3,23.6,7.99,0.0,63.17,63.12,0.0,0.0
1184,2022-10-25 19:26:43,29564,27.9,484,65,0.0,0.0,0.0,0.157,15.3,23.6,7.99,0.0,63.22,63.17,0.0,0.0
1185,2022-10-25 19:41:46,32859,27.8,433,64,0.0,0.0,0.0,0.157,15.3,23.6,7.99,0.0,63.28,63.22,0.0,0.0
1186,2022-10-25 19:56:52,30562,27.6,379,65,0.0,0.0,0.0,0.157,15.3,23.6,7.99,0.0,63.33,63.27,0.0,0.0
1187,2022-10-25 20:11:56,30434,27.4,322,66,0.0,0.0,0.0,0.157,15.3,23.6,7.99,0.0,63.37,63.32,0.0,0.0
1188,2022-10-25 20:26:58,26027,27.3,268,67,0.0,0.0,0.0,0.157,15.3,23.6,7.99,0.0,63.42,63.37,0.0,0.0
1189,2022-10-25 20:42:01,32886,27.0,212,68,0.0,0.0,0.0,0.157,15.3,23.6,7.99,0.0,63.46,63.41,0.0,0.0
1190,2022-10-25 20:57:04,31712,26.8,160,69,0.0,0.0,0.0,0.157,15.3,23.6,7.99,0.0,63.5,63.45,0.0,0.0
1191,2022-10-25 21:12:07,33392,26.3,112,69,0.0,0.0,0.0,0.157,15.3,23.6,7.99,0.0,63.54,63.49,0.0,0.0
1192,2022-10-25 21:27:10,32443,25.9,67,70,0.0,0.0,0.0,0.157,15.3,23.6,7.99,0.0,63.58,63.53,0.0,0.0
1193,2022-10-25 21:42:13,32878,25.4,26,71,0.0,0.0,0.0,0.157,15.3,23.6,7.99,0.0,63.61,63.56,0.0,0.0
1194,2022-10-25 21:57:15,35564,24.7,6,72,0.0,0.0,0.0,0.157,15.3,23.6,7.99,0.0,63.64,63.59,0.0,0.0
1195,2022-10-25 22:12:17,32912,24.3,1,73,0.0,0.0,0.0,0.157,15.3,23.6,7.99,0.0,63.66,63.61,0.0,0.0
1196,2022-10-25 22:27:19,32276,23.9,0,75,0.0,0.0,0.0,0.157,15.3,23.6,7.99,0.0,63.69,63.64,0.0,0.0
1197,2022-10-25 22:42:21,34949,23.6,1,75,0.0,0.0,0.0,0.157,15.3,23.6,7.99,0.0,63.7,63.65,0.0,0.0
1198,2022-10-25 22:57:24,30788,23.5,1,76,0.0,0.0,0.0,0.157,15.3,23.6,7.99,0.0,63.73,63.68,0.0,0.0
1199,2022-10-25 23:12:27,29170,23.4,2,75,0.0,0.0,0.0,0.157,15.3,23.6,7.99,0.0,63.76,63.71,0.0,0.0
1200,2022-10-25 23:27:30,31636,23.3,1,76,0.0,0.0,0.0,0.157,15.3,23.6,7.99,0.0,63.78,63.73,0.0,0.0
1201,2022-10-25 23:42:33,34919,23.2,1,76,0.0,0.0,0.0,0.157,15.3,23.6,7.99,0.0,63.81,63.76,0.0,0.0
1202,2022-10-25 23:57:36,33794,23.1,2,75,0.0,0.0,0.0,0.157,15.3,23.8,7.99,0.0,63.84,63.79,0.0,0.0
1203,2022-10-26 00:12:39,31798,23.3,2,75,0.0,0.0,0.0,0.157,15.3,24.0,7.99,0.0,63.87,63.82,0.0,0.0
1204,2022-10-26 00:27:46,31685,23.3,2,75,0.0,0.0,0.0,0.157,15.3,24.0,7.99,0.0,63.89,63.84,0.0,0.0
1205,2022-10-26 00:42:48,37925,23.3,1,74,0.0,0.0,0.0,0.157,15.3,24.0,7.99,0.0,63.92,63.87,0.0,0.0
1206,2022-10-26 00:57:51,34172,23.2,1,75,0.0,0.0,0.0,0.157,15.3,24.0,7.99,0.0,63.95,63.9,0.0,0.0
1207,2022-10-26 01:12:54,34623,23.4,2,73,0.0,0.0,0.0,0.157,15.3,24.0,7.99,0.0,63.97,63.92,0.0,0.0
1208,2022-10-26 01:27:57,33466,23.6,1,74,0.0,0.0,0.0,0.157,15.3,24.0,7.99,0.0,64.0,63.95,0.0,0.0
1209,2022-10-26 01:43:00,30562,23.5,0,73,0.0,0.0,0.0,0.157,15.3,24.0,7.99,0.0,64.03,63.98,0.0,0.0
1210,2022-10-26 01:58:03,31747,23.0,0,75,0.0,0.0,0.0,0.157,15.3,24.0,7.99,0.0,64.05,64.0,0.0,0.0
1211,2022-10-26 02:13:05,31345,22.0,1,78,0.0,0.0,0.0,0.157,15.3,24.0,7.99,0.0,64.05,64.0,0.0,0.0
1212,2022-10-26 02:28:06,31460,21.4,1,80,0.0,0.0,0.0,0.157,15.3,24.0,7.99,0.0,64.08,64.03,0.0,0.0
1213,2022-10-26 02:43:09,35956,20.5,0,81,0.0,0.0,0.0,0.157,15.3,24.0,7.99,0.0,64.1,64.05,0.0,0.0
1214,2022-10-26 02:58:11,32184,20.0,0,83,0.0,0.0,0.0,0.157,15.3,24.0,7.99,0.0,64.11,64.06,0.0,0.0
1215,2022-10-26 03:13:14,35680,19.6,0,85,0.0,0.0,0.0,0.157,15.3,24.0,7.99,0.0,64.12,64.07,0.0,0.0
1216,2022-10-26 03:28:17,30897,19.2,0,87,0.0,0.0,0.0,0.157,15.3,24.0,7.99,0.0,64.13,64.08,0.0,0.0
1217,2022-10-26 03:43:20,33274,19.0,0,87,0.0,0.0,0.0,0.157,15.3,24.0,7.99,0.0,64.15,64.1,0.0,0.0
1218,2022-10-26 03:58:23,33151,18.8,0,88,0.0,0.0,0.0,0.157,15.3,24.0,7.99,0.0,64.15,64.1,0.0,0.0
1219,2022-10-26 04:13:26,36032,18.7,0,87,0.0,0.0,0.0,0.157,15.3,24.0,7.99,0.0,64.15,64.1,0.0,0.0
1220,2022-10-26 04:28:29,33620,18.6,0,88,0.0,0.0,0.0,0.157,15.3,24.0,7.99,0.0,64.15,64.1,0.0,0.0
1221,2022-10-26 04:43:36,30070,18.5,0,87,0.0,0.0,0.0,0.157,15.3,24.0,7.99,0.0,64.16,64.11,0.0,0.0
1222,2022-10-26 04:58:38,34021,18.5,0,87,0.0,0.0,0.0,0.157,15.3,24.0,7.99,0.0,64.16,64.11,0.0,0.0
1223,2022-10-26 05:13:41,32070,18.5,0,88,0.0,0.0,0.0,0.157,15.3,24.0,7.99,0.0,64.16,64.11,0.0,0.0
1224,2022-10-26 05:28:44,30027,18.6,0,87,0.0,0.0,0.0,0.157,15.3,24.0,7.99,0.0,64.17,64.12,0.0,0.0
1225,2022-10-26 05:43:47,33370,18.6,0,88,0.0,0.0,0.0,0.157,15.3,24.0,7.99,0.0,64.17,64.12,0.0,0.0
1226,2022-10-26 05:58:50,34273,18.6,0,89,0.0,0.0,0.0,0.157,15.3,24.0,7.99,0.0,64.17,64.12,0.0,0.0
1227,2022-10-26 06:13:53,33439,18.6,0,89,0.0,0.0,0.0,0.157,15.3,24.0,7.99,0.0,64.17,64.12,0.0,0.0
1228,2022-10-26 06:28:55,31056,18.7,0,89,0.0,0.0,0.0,0.157,15.3,24.0,7.99,0.0,64.18,64.13,0.0,0.0
1229,2022-10-26 06:43:56,27385,18.7,0,89,0.0,0.0,0.0,0.157,15.3,24.0,7.99,0.0,64.18,64.13,0.0,0.0
1230,2022-10-26 06:58:59,31689,18.7,0,89,0.0,0.0,0.0,0.157,15.3,24.0,7.99,0.0,64.18,64.13,0.0,0.0
1231,2022-10-26 07:14:02,30384,18.7,0,90,0.0,0.0,0.0,0.157,15.3,24.0,7.99,0.0,64.19,64.14,0.0,0.0
1232,2022-10-26 07:29:04,34171,18.7,0,90,0.0,0.0,0.0,0.157,15.3,24.0,7.99,0.0,64.19,64.14,0.0,0.0
1233,2022-10-26 07:44:07,33760,18.7,0,90,0.0,0.0,0.0,0.157,15.3,24.0,7.99,0.0,64.19,64.14,0.0,0.0
1234,2022-10-26 07:59:10,34504,18.7,0,89,0.0,0.0,0.0,0.157,15.3,24.0,7.99,0.0,64.19,64.14,0.0,0.0
1235,2022-10-26 08:14:13,31601,18.8,0,89,0.0,0.0,0.0,0.157,15.3,24.0,7.99,0.0,64.2,64.15,0.0,0.0
1236,2022-10-26 08:29:16,35632,18.6,0,89,0.0,0.0,0.0,0.157,15.3,24.0,7.99,0.0,64.2,64.15,0.0,0.0
1237,2022-10-26 08:44:19,33621,18.5,0,89,0.0,0.0,0.0,0.157,15.3,24.0,7.99,0.0,64.2,64.15,0.0,0.0
1238,2022-10-26 08:59:26,33694,18.5,0,89,0.0,0.0,0.0,0.157,15.3,24.0,7.99,0.0,64.21,64.16,0.0,0.0
1239,2022-10-26 09:14:28,36793,18.3,0,90,0.0,0.0,0.0,0.157,15.3,24.0,7.99,0.0,64.21,64.16,0.0,0.0
1240,2022-10-26 09:29:31,34331,18.1,0,90,0.0,0.0,0.0,0.157,15.3,24.0,7.99,0.0,64.21,64.16,0.0,0.0
1241,2022-10-26 09:44:34,30950,18.1,0,90,0.0,0.0,0.0,0.157,15.3,24.0,7.99,0.0,64.21,64.16,0.0,0.0
1242,2022-10-26 09:59:37,31063,18.0,0,91,0.0,0.0,0.0,0.157,15.3,24.0,7.99,0.0,64.23,64.18,0.0,0.0
1243,2022-10-26 10:14:40,32825,18.1,0,91,0.0,0.0,0.0,0.157,15.3,24.0,7.99,0.0,64.23,64.18,64.23,0.0
1244,2022-10-26 10:29:43,35568,18.2,0,90,0.0,0.0,0.0,0.157,15.3,24.0,7.99,0.0,64.23,64.18,0.0,0.0
1245,2022-10-26 10:44:45,28738,18.2,5,90,0.0,0.0,0.0,0.157,15.3,24.0,7.99,0.0,64.25,64.2,0.0,0.0
1246,2022-10-26 10:59:47,30244,18.2,23,90,0.0,0.0,0.0,0.157,15.3,24.0,7.99,0.0,64.28,64.23,0.0,0.0
1247,2022-10-26 11:14:50,30891,18.5,51,90,0.0,0.0,0.0,0.157,15.3,24.0,7.99,0.0,64.3,64.25,0.0,0.0
1248,2022-10-26 11:29:52,31810,19.0,98,89,0.0,0.0,0.0,0.157,15.3,24.0,7.99,0.0,64.33,64.28,0.0,0.0
1249,2022-10-26 11:44:54,29784,19.7,135,87,0.0,0.0,0.0,0.157,15.3,24.0,7.99,0.0,64.37,64.32,0.0,0.0
1250,2022-10-26 11:59:57,32750,20.6,206,85,0.0,0.0,0.0,0.157,15.3,24.0,7.99,0.0,64.4,64.35,0.0,0.0
1251,2022-10-26 12:15:00,34317,21.3,276,81,0.0,0.0,0.0,0.157,15.3,24.0,7.99,0.0,64.44,64.39,0.0,0.0
1252,2022-10-26 12:30:03,27856,22.1,313,78,0.0,0.0,0.0,0.157,15.3,24.0,7.99,0.0,64.48,64.43,0.0,0.0
1253,2022-10-26 12:45:06,31049,22.8,364,77,0.0,0.0,0.0,0.157,15.3,24.0,7.99,0.0,64.53,64.48,0.0,0.0
1254,2022-10-26 13:00:09,29555,23.5,418,75,0.0,0.0,0.0,0.157,15.3,24.0,7.99,0.0,64.57,64.52,0.0,0.0
1255,2022-10-26 13:15:16,35653,24.3,467,72,0.0,0.0,0.0,0.157,15.3,24.0,7.99,0.0,64.62,64.57,0.0,0.0
1256,2022-10-26 13:30:18,35017,25.1,513,71,0.0,0.0,0.0,0.157,15.3,24.0,7.99,0.0,64.67,64.62,0.0,0.0
1257,2022-10-26 13:45:21,31006,25.7,557,68,0.0,0.0,0.0,0.157,15.3,24.0,7.99,0.0,64.72,64.67,0.0,0.0
1258,2022-10-26 14:00:24,29414,25.9,598,67,0.0,0.0,0.0,0.157,15.3,24.0,7.99,0.0,64.77,64.72,0.0,0.0
1259,2022-10-26 14:15:27,31107,26.4,636,65,0.0,0.0,0.0,0.157,15.3,24.0,7.99,0.0,64.82,64.77,0.0,0.0
1260,2022-10-26 14:30:30,35104,26.7,672,62,0.0,0.0,0.0,0.157,15.3,24.0,7.99,0.0,64.87,64.82,0.0,0.0
1261,2022-10-26 14:45:33,30144,27.1,702,62,0.0,0.0,0.0,0.157,15.3,24.0,7.99,0.0,64.92,64.87,0.0,0.0
1262,2022-10-26 15:00:36,31909,27.4,725,60,0.0,0.0,0.0,0.157,15.3,24.0,7.99,0.0,64.97,64.92,0.0,0.0
1263,2022-10-26 15:15:38,30129,27.8,748,59,0.0,0.0,0.0,0.157,15.3,24.0,7.99,0.0,65.02,64.97,0.0,0.0
1264,2022-10-26 15:30:40,33684,27.8,439,60,0.0,0.0,0.0,0.157,15.3,24.0,7.99,0.0,65.08,65.03,0.0,0.0
1265,2022-10-26 15:45:42,24752,28.3,781,57,0.0,0.0,0.0,0.157,15.3,24.0,7.99,0.0,65.12,65.07,0.0,0.0
1266,2022-10-26 16:00:44,31211,28.4,837,57,0.0,0.0,0.0,0.157,15.3,24.0,7.99,0.0,65.17,65.12,0.0,0.0
1267,2022-10-26 16:15:47,34108,28.7,831,56,0.0,0.0,0.0,0.157,15.3,24.0,7.99,0.0,65.22,65.17,0.0,0.0
1268,2022-10-26 16:30:50,34530,28.7,814,55,0.0,0.0,0.0,0.157,15.3,24.0,7.99,0.0,65.28,65.23,0.0,0.0
1269,2022-10-26 16:45:53,33768,29.2,843,54,0.0,0.0,0.0,0.157,15.3,24.0,7.99,0.0,65.33,65.28,0.0,0.0
1270,2022-10-26 17:00:56,34057,29.3,795,53,0.0,0.0,0.0,0.157,15.3,24.0,7.99,0.0,65.38,65.33,0.0,0.0
1271,2022-10-26 17:15:59,33285,29.2,817,54,0.0,0.0,0.0,0.157,15.3,24.0,7.99,0.0,65.43,65.38,0.0,0.0
1272,2022-10-26 17:31:02,31640,29.7,795,52,0.0,0.0,0.0,0.157,15.3,24.0,7.99,0.0,65.48,65.43,0.0,0.0
1273,2022-10-26 17:46:09,30626,29.8,577,52,0.0,0.0,0.0,0.157,15.3,24.0,7.99,0.0,65.53,65.48,0.0,0.0
1274,2022-10-26 18:01:11,32407,29.7,751,53,0.0,0.0,0.0,0.157,15.3,24.0,7.99,0.0,65.58,65.53,0.0,0.0
1275,2022-10-26 18:16:14,28999,29.6,546,53,0.0,0.0,0.0,0.157,15.3,24.0,7.99,0.0,65.63,65.58,0.0,0.0
1276,2022-10-26 18:31:17,34934,29.7,752,51,0.0,0.0,0.0,0.157,15.3,24.0,7.99,0.0,65.68,65.63,0.0,0.0
1277,2022-10-26 18:46:20,34034,30.1,646,54,0.0,0.0,0.0,0.157,15.3,24.0,7.99,0.0,65.73,65.68,0.0,0.0
1278,2022-10-26 19:01:23,32400,28.3,300,65,0.0,0.0,0.0,0.157,15.3,24.0,7.99,0.0,65.78,65.73,0.0,0.0
1279,2022-10-26 19:16:26,36139,27.8,441,66,0.0,0.0,0.0,0.157,15.3,24.0,7.99,0.0,65.81,65.76,0.0,0.0
1280,2022-10-26 19:31:29,31272,27.6,355,67,0.0,0.0,0.0,0.157,15.3,24.0,7.99,0.0,65.86,65.81,0.0,0.0
1281,2022-10-26 19:46:30,31987,27.9,373,66,0.0,0.0,0.0,0.157,15.3,24.0,7.99,0.0,65.9,65.85,0.0,0.0
1282,2022-10-26 20:01:33,30816,27.8,383,67,0.0,0.0,0.0,0.157,15.3,24.0,7.99,0.0,65.94,65.89,0.0,0.0
1283,2022-10-26 20:16:35,32600,27.7,253,66,0.0,0.0,0.0,0.157,15.3,24.0,7.99,0.0,65.98,65.93,0.0,0.0
1284,2022-10-26 20:31:37,38810,27.7,236,68,0.0,0.0,0.0,0.157,15.3,24.0,7.99,0.0,66.02,65.97,0.0,0.0
1285,2022-10-26 20:46:40,30821,27.5,186,67,0.0,0.0,0.0,0.157,15.3,24.0,7.99,0.0,66.06,66.01,0.0,0.0
1286,2022-10-26 21:01:43,29111,27.4,134,67,0.0,0.0,0.0,0.157,15.3,24.0,7.99,0.0,66.1,66.05,0.0,0.0
1287,2022-10-26 21:16:46,31795,27.0,89,69,0.0,0.0,0.0,0.157,15.3,24.0,7.99,0.0,66.13,66.08,0.0,0.0
1288,2022-10-26 21:31:49,30055,26.6,48,70,0.0,0.0,0.0,0.157,15.3,24.0,7.99,0.0,66.16,66.11,0.0,0.0
1289,2022-10-26 21:46:52,31866,26.1,15,72,0.0,0.0,0.0,0.157,15.3,24.0,7.99,0.0,66.18,66.13,0.0,0.0
1290,2022-10-26 22:01:55,31576,25.6,3,73,0.0,0.0,0.0,0.157,15.3,24.0,7.99,0.0,66.21,66.16,0.0,0.0
1291,2022-10-26 22:17:02,34402,25.0,0,74,0.0,0.0,0.0,0.157,15.3,24.0,7.99,0.0,66.23,66.18,0.0,0.0
1292,2022-10-26 22:32:04,31035,24.7,0,76,0.0,0.0,0.0,0.157,15.3,24.0,7.99,0.0,66.24,66.19,0.0,0.0
1293,2022-10-26 22:47:07,31084,24.5,1,77,0.0,0.0,0.0,0.157,15.3,24.0,7.99,0.0,66.26,66.21,0.0,0.0
1294,2022-10-26 23:02:10,28831,24.5,1,77,0.0,0.0,0.0,0.157,15.3,24.0,7.99,0.0,66.28,66.23,0.0,0.0
1295,2022-10-26 23:17:13,35405,24.4,1,77,0.0,0.0,0.0,0.157,15.3001,24.0,7.9899,0.0,66.31,66.26,0.0,0.0
1296,2022-10-26 23:32:16,32645,24.2,1,78,0.0,0.0,0.0,0.1572,15.3024,24.0,7.9886,0.0,66.33,66.28,0.0,0.0
1297,2022-10-26 23:47:19,29644,24.0,1,79,0.0,0.0,0.0,0.1601,15.3422,24.0,7.9647,0.0,66.36,66.31,0.0,0.0
1298,2022-10-27 00:02:21,35436,23.8,1,78,0.0,0.0,0.0,0.179,15.6,21.5,7.81,0.0,66.38,66.33,0.0,0.0
1299,2022-10-27 00:17:22,29651,23.6,1,79,0.0,0.0,0.0,0.179,15.6,21.5,7.81,0.0,66.4,66.35,0.0,0.0
1300,2022-10-27 00:32:25,33997,23.4,1,80,0.0,0.0,0.0,0.179,15.6,21.5,7.81,0.0,66.43,66.38,0.0,0.0
1301,2022-10-27 00:47:28,35230,23.3,1,79,0.0,0.0,0.0,0.179,15.6,21.5,7.81,0.0,66.45,66.4,0.0,0.0
1302,2022-10-27 01:02:30,30614,23.2,1,80,0.0,0.0,0.0,0.179,15.6,21.5,7.81,0.0,66.48,66.43,0.0,0.0
1303,2022-10-27 01:17:33,33512,23.0,2,80,0.0,0.0,0.0,0.179,15.6,21.5,7.81,0.0,66.5,66.45,0.0,0.0
1304,2022-10-27 01:32:36,33627,23.0,1,79,0.0,0.0,0.0,0.179,15.6,21.5,7.81,0.0,66.52,66.47,0.0,0.0
1305,2022-10-27 01:47:39,35205,22.9,1,78,0.0,0.0,0.0,0.179,15.6,21.5,7.81,0.0,66.55,66.5,0.0,0.0
1306,2022-10-27 02:02:42,33595,22.7,1,78,0.0,0.0,0.0,0.179,15.6,21.5,7.81,0.0,66.57,66.52,0.0,0.0
1307,2022-10-27 02:17:45,31763,22.5,1,78,0.0,0.0,0.0,0.179,15.6,21.5,7.81,0.0,66.6,66.55,0.0,0.0
1308,2022-10-27 02:32:52,31202,22.2,1,79,0.0,0.0,0.0,0.179,15.6,21.5,7.81,0.0,66.62,66.57,0.0,0.0
1309,2022-10-27 02:47:54,37004,22.0,1,80,0.0,0.0,0.0,0.179,15.6,21.5,7.81,0.0,66.64,66.59,0.0,0.0
1310,2022-10-27 03:02:57,30662,22.0,1,79,0.0,0.0,0.0,0.179,15.6,21.5,7.81,0.0,66.67,66.62,0.0,0.0
1311,2022-10-27 03:18:00,34747,21.8,0,80,0.0,0.0,0.0,0.179,15.6,21.5,7.81,0.0,66.69,66.64,0.0,0.0
1312,2022-10-27 03:33:03,34298,21.7,0,81,0.0,0.0,0.0,0.179,15.6,21.5,7.81,0.0,66.7,66.65,0.0,0.0
1313,2022-10-27 03:48:06,27972,21.6,0,81,0.0,0.0,0.0,0.179,15.6,21.5,7.81,0.0,66.71,66.66,0.0,0.0
1314,2022-10-27 04:03:09,36842,21.2,0,82,0.0,0.0,0.0,0.179,15.6,21.5,7.81,0.0,66.71,66.66,0.0,0.0
1315,2022-10-27 04:18:11,32653,21.1,0,82,0.0,0.0,0.0,0.179,15.6,21.5,7.81,0.0,66.72,66.66,0.0,0.0
1316,2022-10-27 04:33:12,33871,21.0,0,83,0.0,0.0,0.0,0.179,15.6,21.5,7.81,0.0,66.72,66.67,0.0,0.0
1317,2022-10-27 04:48:15,37991,20.7,0,83,0.0,0.0,0.0,0.179,15.6,21.5,7.81,0.0,66.73,66.67,0.0,0.0
1318,2022-10-27 05:03:18,33109,20.6,0,85,0.0,0.0,0.0,0.179,15.6,21.5,7.81,0.0,66.74,66.68,0.0,0.0
1319,2022-10-27 05:18:20,34819,20.4,0,85,0.0,0.0,0.0,0.179,15.6,21.5,7.81,0.0,66.74,66.69,0.0,0.0
1320,2022-10-27 05:33:23,34845,20.3,1,85,0.0,0.0,0.0,0.179,15.6,21.5,7.81,0.0,66.75,66.7,0.0,0.0
1321,2022-10-27 05:48:26,35319,20.5,1,85,0.0,0.0,0.0,0.179,15.6,21.5,7.81,0.0,66.77,66.72,0.0,0.0
1322,2022-10-27 06:03:29,37268,20.5,0,85,0.0,0.0,0.0,0.179,15.6,21.5,7.81,0.0,66.8,66.74,0.0,0.0
1323,2022-10-27 06:18:32,37220,20.4,0,85,0.0,0.0,0.0,0.179,15.6,21.5,7.81,0.0,66.8,66.74,0.0,0.0
1324,2022-10-27 06:33:35,32567,20.4,0,86,0.0,0.0,0.0,0.179,15.6,21.5,7.81,0.0,66.81,66.76,0.0,0.0
1325,2022-10-27 06:48:42,33013,20.4,1,87,0.0,0.0,0.0,0.179,15.6,21.5,7.81,0.0,66.82,66.77,0.0,0.0
1326,2022-10-27 07:03:44,31118,20.5,0,87,0.0,0.0,0.0,0.179,15.6,21.5,7.81,0.0,66.85,66.79,0.0,0.0
1327,2022-10-27 07:18:47,30786,20.5,0,87,0.0,0.0,0.0,0.179,15.6,21.5,7.81,0.0,66.85,66.8,0.0,0.0
1328,2022-10-27 07:33:50,32028,20.4,0,87,0.0,0.0,0.0,0.179,15.6,21.5,7.81,0.0,66.87,66.81,0.0,0.0
1329,2022-10-27 07:48:53,33568,20.2,0,88,0.0,0.0,0.0,0.179,15.6,21.5,7.81,0.0,66.88,66.82,0.0,0.0
1330,2022-10-27 08:03:56,34826,20.3,0,88,0.0,0.0,0.0,0.179,15.6,21.5,7.81,0.0,66.88,66.82,0.0,0.0
1331,2022-10-27 08:18:59,33683,20.3,0,88,0.0,0.0,0.0,0.179,15.6,21.5,7.81,0.0,66.88,66.83,0.0,0.0
1332,2022-10-27 08:34:01,30287,20.3,0,89,0.0,0.0,0.0,0.179,15.6,21.5,7.81,0.0,66.88,66.83,0.0,0.0
1333,2022-10-27 08:49:02,28776,20.3,0,89,0.0,0.0,0.0,0.179,15.6,21.5,7.81,0.0,66.9,66.84,0.0,0.0
1334,2022-10-27 09:04:05,34064,20.3,0,88,0.0,0.0,0.0,0.179,15.6,21.5,7.81,0.0,66.92,66.86,0.0,0.0
1335,2022-10-27 09:19:08,32004,20.2,0,89,0.0,0.0,0.0,0.179,15.6,21.5,7.81,0.0,66.92,66.87,0.0,0.0
1336,2022-10-27 09:34:10,32968,20.1,0,89,0.0,0.0,0.0,0.179,15.6,21.5,7.81,0.0,66.93,66.87,0.0,0.0
1337,2022-10-27 09:49:13,32982,20.1,0,89,0.0,0.0,0.0,0.179,15.6,21.5,7.81,0.0,66.93,66.87,0.0,0.0
1338,2022-10-27 10:04:16,23582,20.2,0,89,0.0,0.0,0.0,0.179,15.6,21.5,7.81,25.0,41.93,41.88,41.93,41.93
1339,2022-10-27 10:19:19,23570,20.1,0,89,0.0,0.0,0.0,0.179,15.6,21.5,7.81,0.0,41.94,41.88,0.0,0.0
1340,2022-10-27 10:34:22,21584,19.9,1,89,0.0,0.0,0.0,0.179,15.6,21.5,7.81,0.0,41.95,41.89,0.0,0.0
1341,2022-10-27 10:49:25,18657,19.8,7,90,0.0,0.0,0.0,0.179,15.6,21.5,7.81,0.0,41.99,41.93,0.0,0.0
1342,2022-10-27 11:04:32,24053,19.9,22,90,0.0,0.0,0.0,0.179,15.6,21.5,7.81,0.0,42.04,41.98,0.0,0.0
1343,2022-10-27 11:19:34,25468,20.3,54,90,0.0,0.0,0.0,0.179,15.6,21.5,7.81,0.0,42.1,42.04,0.0,0.0
1344,2022-10-27 11:34:37,21155,21.1,77,88,0.0,0.0,0.0,0.179,15.6,21.5,7.81,0.0,42.16,42.1,0.0,0.0
1345,2022-10-27 11:49:40,19953,21.8,98,87,0.0,0.0,0.0,0.179,15.6,21.5,7.81,0.0,42.22,42.16,0.0,0.0
1346,2022-10-27 12:04:43,22466,22.5,170,85,0.0,0.0,0.0,0.179,15.6,21.5,7.81,0.0,42.28,42.22,0.0,0.0
1347,2022-10-27 12:19:46,20460,23.7,299,82,0.0,0.0,0.0,0.179,15.6,21.5,7.81,0.0,42.36,42.3,0.0,0.0
1348,2022-10-27 12:34:49,24195,25.5,315,76,0.0,0.0,0.0,0.179,15.6,21.5,7.81,0.0,42.44,42.38,0.0,0.0
1349,2022-10-27 12:49:51,20562,27.2,361,72,0.0,0.0,0.0,0.179,15.6,21.5,7.81,0.0,42.53,42.47,0.0,0.0
1350,2022-10-27 13:04:53,24359,27.6,409,69,0.0,0.0,0.0,0.179,15.6,21.5,7.81,0.0,42.61,42.55,0.0,0.0
1351,2022-10-27 13:19:55,24189,28.4,363,69,0.0,0.0,0.0,0.179,15.6,21.5,7.81,0.0,42.71,42.64,0.0,0.0
1352,2022-10-27 13:34:58,21612,28.9,498,66,0.0,0.0,0.0,0.179,15.6,21.5,7.81,0.0,42.79,42.73,0.0,0.0
1353,2022-10-27 13:50:00,19790,28.7,545,66,0.0,0.0,0.0,0.179,15.6,21.5,7.81,0.0,42.89,42.83,0.0,0.0
1354,2022-10-27 14:05:03,16699,28.1,587,67,0.0,0.0,0.0,0.179,15.6,21.5,7.81,0.0,42.99,42.92,0.0,0.0
1355,2022-10-27 14:20:06,21857,28.7,623,66,0.0,0.0,0.0,0.179,15.6,21.5,7.81,0.0,43.09,43.02,0.0,0.0
1356,2022-10-27 14:35:09,14481,28.3,660,66,0.0,0.0,0.0,0.179,15.6,21.5,7.81,0.0,43.19,43.12,0.0,0.0
1357,2022-10-27 14:50:12,21303,28.1,689,67,0.0,0.0,0.0,0.179,15.6,21.5,7.81,0.0,43.29,43.22,0.0,0.0
1358,2022-10-27 15:05:15,21551,28.0,714,68,0.0,0.0,0.0,0.179,15.6,21.5,7.81,0.0,43.39,43.32,0.0,0.0
1359,2022-10-27 15:20:18,22795,28.6,734,66,0.0,0.0,0.0,0.179,15.6,21.5,7.81,0.0,43.49,43.42,0.0,0.0
1360,2022-10-27 15:35:25,18626,29.0,748,63,0.0,0.0,0.0,0.179,15.6,21.5,7.81,0.0,43.59,43.52,0.0,0.0
1361,2022-10-27 15:50:27,22014,28.9,760,67,0.0,0.0,0.0,0.179,15.6,21.5,7.81,0.0,43.69,43.62,0.0,0.0
1362,2022-10-27 16:05:30,20833,28.5,769,68,0.0,0.0,0.0,0.179,15.6,21.5,7.81,0.0,43.79,43.72,0.0,0.0
1363,2022-10-27 16:20:33,19092,28.6,774,67,0.0,0.0,0.0,0.179,15.6,21.5,7.81,0.0,43.89,43.82,0.0,0.0
1364,2022-10-27 16:35:36,22970,28.4,774,67,0.0,0.0,0.0,0.179,15.6,21.5,7.81,0.0,43.99,43.92,0.0,0.0
1365,2022-10-27 16:50:39,24149,28.5,767,66,0.0,0.0,0.0,0.179,15.6,21.5,7.81,0.0,44.09,44.02,0.0,0.0
1366,2022-10-27 17:05:42,21515,28.7,757,66,0.0,0.0,0.0,0.179,15.6,21.5,7.81,0.0,44.19,44.12,0.0,0.0
1367,2022-10-27 17:20:44,18727,28.5,741,65,0.0,0.0,0.0,0.179,15.6,21.5,7.81,0.0,44.29,44.22,0.0,0.0
1368,2022-10-27 17:35:46,23661,28.4,721,67,0.0,0.0,0.0,0.179,15.6,21.5,7.81,0.0,44.39,44.32,0.0,0.0
1369,2022-10-27 17:50:48,22698,28.3,699,68,0.0,0.0,0.0,0.179,15.6,21.5,7.81,0.0,44.49,44.41,0.0,0.0
1370,2022-10-27 18:05:51,26083,28.3,671,68,0.0,0.0,0.0,0.179,15.6,21.5,7.81,0.0,44.59,44.51,0.0,0.0
1371,2022-10-27 18:20:53,20208,28.1,636,69,0.0,0.0,0.0,0.179,15.6,21.5,7.81,0.0,44.69,44.61,0.0,0.0
1372,2022-10-27 18:35:56,23689,28.1,602,68,0.0,0.0,0.0,0.179,15.6,21.5,7.81,0.0,44.78,44.7,0.0,0.0
1373,2022-10-27 18:50:59,20039,28.3,562,69,0.0,0.0,0.0,0.179,15.6,21.5,7.81,0.0,44.88,44.8,0.0,0.0
1374,2022-10-27 19:06:02,18047,28.7,539,69,0.0,0.0,0.0,0.179,15.6,21.5,7.81,0.0,44.97,44.89,0.0,0.0
1375,2022-10-27 19:21:05,21322,28.3,370,70,0.0,0.0,0.0,0.179,15.6,21.5,7.81,0.0,45.07,44.98,0.0,0.0
1376,2022-10-27 19:36:08,24679,27.6,334,73,0.0,0.0,0.0,0.179,15.6,21.5,7.81,0.0,45.15,45.07,0.0,0.0
1377,2022-10-27 19:51:11,16303,27.8,239,72,0.0,0.0,0.0,0.179,15.6,21.5,7.81,0.0,45.23,45.14,0.0,0.0
1378,2022-10-27 20:06:18,26388,27.6,293,72,0.0,0.0,0.0,0.179,15.6,21.5,7.81,0.0,45.3,45.22,0.0,0.0
1379,2022-10-27 20:21:20,25473,27.9,286,72,0.0,0.0,0.0,0.179,15.6,21.5,7.81,0.0,45.38,45.3,0.0,0.0
1380,2022-10-27 20:36:23,19308,27.4,105,73,0.0,0.0,0.0,0.179,15.6,21.5,7.81,0.0,45.46,45.37,0.0,0.0
1381,2022-10-27 20:51:31,26129,27.0,167,75,0.0,0.0,0.0,0.179,15.6,21.5,7.81,0.0,45.52,45.43,0.0,0.0
1382,2022-10-27 21:06:29,23519,26.9,117,75,0.0,0.0,0.0,0.179,15.6,21.5,7.81,0.0,45.59,45.5,0.0,0.0
1383,2022-10-27 21:21:32,22335,26.8,66,77,0.0,0.0,0.0,0.179,15.6,21.5,7.81,0.0,45.65,45.56,0.0,0.0
1384,2022-10-27 21:36:35,25548,26.4,19,78,0.0,0.0,0.0,0.179,15.6,21.5,7.81,0.0,45.71,45.62,0.0,0.0
1385,2022-10-27 21:51:36,23793,26.0,8,80,0.0,0.0,0.0,0.179,15.6,21.5,7.81,0.0,45.76,45.67,0.0,0.0
1386,2022-10-27 22:06:39,23572,25.8,2,81,0.0,0.0,0.0,0.179,15.6,21.5,7.81,0.0,45.81,45.72,0.0,0.0
1387,2022-10-27 22:21:41,26142,25.7,0,81,0.0,0.0,0.0,0.179,15.6,21.5,7.81,0.0,45.86,45.77,0.0,0.0
1388,2022-10-27 22:36:44,21051,25.6,0,81,0.0,0.0,0.0,0.179,15.6,21.5,7.81,0.0,45.86,45.77,0.0,0.0
1389,2022-10-27 22:51:46,23728,25.5,0,81,0.0,0.0,0.0,0.179,15.6,21.5,7.81,0.0,45.87,45.78,0.0,0.0
1390,2022-10-27 23:06:49,26096,25.6,0,81,0.0,0.0,0.0,0.179,15.6,21.5,7.81,0.0,45.89,45.8,0.0,0.0
1391,2022-10-27 23:21:52,26464,25.6,0,82,0.0,0.0,0.0,0.179,15.6,21.5,7.81,0.0,45.91,45.83,0.0,0.0
1392,2022-10-27 23:36:55,23565,25.6,0,82,0.0,0.0,0.0,0.179,15.6,21.5,7.81,0.0,45.92,45.83,0.0,0.0
1393,2022-10-27 23:51:58,22495,25.5,0,83,0.0,0.0,0.0,0.1793,17.1667,21.9,7.8267,0.0,45.96,45.87,0.0,0.0
1394,2022-10-28 00:07:01,22506,25.5,0,83,0.0,0.0,0.0,0.18,20.3,22.6,7.86,0.0,45.99,45.9,0.0,0.0
1395,2022-10-28 00:22:08,25900,25.5,0,83,0.0,0.0,0.0,0.18,20.3,22.6,7.86,0.0,46.03,45.94,0.0,0.0
1396,2022-10-28 00:37:10,22873,25.4,1,84,0.0,0.0,0.0,0.18,20.3,22.6,7.86,0.0,46.04,45.95,0.0,0.0
1397,2022-10-28 00:52:13,22889,25.5,1,83,0.0,0.0,0.0,0.18,20.3,22.6,7.86,0.0,46.09,45.99,0.0,0.0
1398,2022-10-28 01:07:16,24494,25.4,0,84,0.0,0.0,0.0,0.18,20.3,22.6,7.86,0.0,46.13,46.04,0.0,0.0
1399,2022-10-28 01:22:19,25757,25.3,0,84,0.0,0.0,0.0,0.18,20.3,22.6,7.86,0.0,46.16,46.06,0.0,0.0
1400,2022-10-28 01:37:22,25574,25.2,0,84,0.0,0.0,0.0,0.18,20.3,22.6,7.86,0.0,46.19,46.1,0.0,0.0
1401,2022-10-28 01:52:25,23283,24.3,0,85,0.0,0.0,0.0,0.18,20.3,22.6,7.86,0.0,46.21,46.12,0.0,0.0
1402,2022-10-28 02:07:27,22242,23.9,0,87,0.0,0.0,0.0,0.18,20.3,22.6,7.86,0.0,46.22,46.13,0.0,0.0
1403,2022-10-28 02:22:28,21989,23.8,0,88,0.0,0.0,0.0,0.18,20.3,22.6,7.86,0.0,46.26,46.16,0.0,0.0
1404,2022-10-28 02:37:31,24874,23.4,0,88,0.0,0.0,0.0,0.18,20.3,22.6,7.86,0.0,46.29,46.2,0.0,0.0
1405,2022-10-28 02:52:34,23400,23.5,1,88,0.0,0.0,0.0,0.18,20.3,22.6,7.86,0.0,46.3,46.2,0.0,0.0
1406,2022-10-28 03:07:36,24052,23.7,0,88,0.0,0.0,0.0,0.18,20.3,22.6,7.86,0.0,46.35,46.25,0.0,0.0
1407,2022-10-28 03:22:39,22473,23.8,0,87,0.0,0.0,0.0,0.18,20.3,22.6,7.86,0.0,46.38,46.29,0.0,0.0
1408,2022-10-28 03:37:42,19711,23.6,0,87,0.0,0.0,0.0,0.18,20.3,22.6,7.86,0.0,46.39,46.3,0.0,0.0
1409,2022-10-28 03:52:45,26388,23.5,1,88,0.0,0.0,0.0,0.18,20.3,22.6,7.86,0.0,46.41,46.32,0.0,0.0
1410,2022-10-28 04:07:48,23626,23.3,0,88,0.0,0.0,0.0,0.18,20.3,22.6,7.86,0.0,46.46,46.36,0.0,0.0
1411,2022-10-28 04:22:51,24533,23.0,0,88,0.0,0.0,0.0,0.18,20.3,22.6,7.86,0.0,46.47,46.37,0.0,0.0
1412,2022-10-28 04:37:58,24937,22.7,0,88,0.0,0.0,0.0,0.18,20.3,22.6,7.86,0.0,46.48,46.38,0.0,0.0
1413,2022-10-28 04:53:00,25655,22.6,0,88,0.0,0.0,0.0,0.18,20.3,22.6,7.86,0.0,46.5,46.4,0.0,0.0
1414,2022-10-28 05:08:03,21962,22.4,1,89,0.0,0.0,0.0,0.18,20.3,22.6,7.86,0.0,46.52,46.42,0.0,0.0
1415,2022-10-28 05:23:06,21887,22.3,0,90,0.0,0.0,0.0,0.18,20.3,22.6,7.86,0.0,46.57,46.47,0.0,0.0
1416,2022-10-28 05:38:09,19018,22.1,0,90,0.0,0.0,0.0,0.18,20.3,22.6,7.86,0.0,46.6,46.5,0.0,0.0
1417,2022-10-28 05:53:12,25838,22.0,1,90,0.0,0.0,0.0,0.18,20.3,22.6,7.86,0.0,46.64,46.54,0.0,0.0
1418,2022-10-28 06:08:15,22298,21.8,0,90,0.0,0.0,0.0,0.18,20.3,22.6,7.86,0.0,46.69,46.59,0.0,0.0
1419,2022-10-28 06:23:17,22689,21.7,0,90,0.0,0.0,0.0,0.18,20.3,22.6,7.86,0.0,46.72,46.62,0.0,0.0
1420,2022-10-28 06:38:18,26310,21.6,1,90,0.0,0.0,0.0,0.18,20.3,22.6,7.86,0.0,46.75,46.65,0.0,0.0
1421,2022-10-28 06:53:21,23156,21.4,0,91,0.0,0.0,0.0,0.18,20.3,22.6,7.86,0.0,46.8,46.7,0.0,0.0
1422,2022-10-28 07:08:24,24477,21.4,0,91,0.0,0.0,0.0,0.18,20.3,22.6,7.86,0.0,46.82,46.72,0.0,0.0
1423,2022-10-28 07:23:26,21406,21.3,0,91,0.0,0.0,0.0,0.18,20.3,22.6,7.86,0.0,46.86,46.76,0.0,0.0
1424,2022-10-28 07:38:29,23774,21.2,0,91,0.0,0.0,0.0,0.18,20.3,22.6,7.86,0.0,46.89,46.79,0.0,0.0
1425,2022-10-28 07:53:32,23833,21.3,0,91,0.0,0.0,0.0,0.18,20.3,22.6,7.86,0.0,46.93,46.83,0.0,0.0
1426,2022-10-28 08:08:35,20529,21.2,0,91,0.0,0.0,0.0,0.18,20.3,22.6,7.86,0.0,46.95,46.85,0.0,0.0
1427,2022-10-28 08:23:38,26422,21.3,1,91,0.0,0.0,0.0,0.18,20.3,22.6,7.86,0.0,46.98,46.88,0.0,0.0
1428,2022-10-28 08:38:41,25338,21.4,0,92,0.0,0.0,0.0,0.18,20.3,22.6,7.86,0.0,47.03,46.93,0.0,0.0
1429,2022-10-28 08:53:48,24607,21.4,0,91,0.0,0.0,0.0,0.18,20.3,22.6,7.86,0.0,47.07,46.96,0.0,0.0
1430,2022-10-28 09:08:50,20815,21.4,0,91,0.0,0.0,0.0,0.18,20.3,22.6,7.86,0.0,47.09,46.98,0.0,0.0
1431,2022-10-28 09:23:53,20978,21.4,0,92,0.0,0.0,0.0,0.18,20.3,22.6,7.86,0.0,47.11,47.0,0.0,0.0
1432,2022-10-28 09:38:56,24580,21.4,0,92,0.0,0.0,0.0,0.18,20.3,22.6,7.86,0.0,47.14,47.04,0.0,0.0
1433,2022-10-28 09:53:59,23863,21.4,0,92,0.0,0.0,0.0,0.18,20.3,22.6,7.86,0.0,47.15,47.04,0.0,0.0
1434,2022-10-28 10:09:02,23250,21.4,0,92,0.0,0.0,0.0,0.18,20.3,22.6,7.86,0.0,47.17,47.06,47.17,0.0
1435,2022-10-28 10:24:05,29234,21.3,0,92,0.0,0.0,0.0,0.18,20.3,22.6,7.86,0.0,47.18,47.07,0.0,0.0
1436,2022-10-28 10:39:07,23006,21.3,2,92,0.0,0.0,0.0,0.18,20.3,22.6,7.86,0.0,47.19,47.08,0.0,0.0
1437,2022-10-28 10:54:09,20962,21.4,11,92,0.0,0.0,0.0,0.18,20.3,22.6,7.86,0.0,47.23,47.13,0.0,0.0
1438,2022-10-28 11:09:11,24902,21.6,30,92,0.0,0.0,0.0,0.18,20.3,22.6,7.86,0.0,47.28,47.17,0.0,0.0
1439,2022-10-28 11:24:14,21486,22.0,104,91,0.0,0.0,0.0,0.18,20.3,22.6,7.86,0.0,47.33,47.22,0.0,0.0
1440,2022-10-28 11:39:16,21132,22.5,203,90,0.0,0.0,0.0,0.18,20.3,22.6,7.86,0.0,47.39,47.28,0.0,0.0
1441,2022-10-28 11:54:19,24866,23.3,249,88,0.0,0.0,0.0,0.18,20.3,22.6,7.86,0.0,47.46,47.35,0.0,0.0
1442,2022-10-28 12:09:22,20695,24.1,258,86,0.0,0.0,0.0,0.18,20.3,22.6,7.86,0.0,47.53,47.42,0.0,0.0
1443,2022-10-28 12:24:25,25528,24.6,261,85,0.0,0.0,0.0,0.18,20.3,22.6,7.86,0.0,47.6,47.49,0.0,0.0
1444,2022-10-28 12:39:28,22859,25.4,297,83,0.0,0.0,0.0,0.18,20.3,22.6,7.86,0.0,47.68,47.56,0.0,0.0
1445,2022-10-28 12:54:31,25332,26.4,359,80,0.0,0.0,0.0,0.18,20.3,22.6,7.86,0.0,47.75,47.64,0.0,0.0
1446,2022-10-28 13:09:38,22494,26.8,422,79,0.0,0.0,0.0,0.18,20.3,22.6,7.86,0.0,47.83,47.72,0.0,0.0
1447,2022-10-28 13:24:40,25575,27.0,475,78,0.0,0.0,0.0,0.18,20.3,22.6,7.86,0.0,47.91,47.8,0.0,0.0
1448,2022-10-28 13:39:43,25803,27.0,523,78,0.0,0.0,0.0,0.18,20.3,22.6,7.86,0.0,48.0,47.88,0.0,0.0
1449,2022-10-28 13:54:46,24358,27.4,581,77,0.0,0.0,0.0,0.18,20.3,22.6,7.86,0.0,48.08,47.97,0.0,0.0
1450,2022-10-28 14:09:49,20250,27.6,612,77,0.0,0.0,0.0,0.18,20.3,22.6,7.86,0.0,48.17,48.05,0.0,0.0
1451,2022-10-28 14:24:52,29872,27.5,678,77,0.0,0.0,0.0,0.18,20.3,22.6,7.86,0.0,48.26,48.14,0.0,0.0
1452,2022-10-28 14:39:55,25072,27.9,586,76,0.0,0.0,0.0,0.18,20.3,22.6,7.86,0.0,48.35,48.23,0.0,0.0
1453,2022-10-28 14:54:58,19947,28.2,699,75,0.0,0.0,0.0,0.18,20.3,22.6,7.86,0.0,48.44,48.31,0.0,0.0
1454,2022-10-28 15:09:59,25237,28.8,720,73,0.0,0.0,0.0,0.18,20.3,22.6,7.86,0.0,48.53,48.4,0.0,0.0
1455,2022-10-28 15:25:02,28015,28.8,736,73,0.0,0.0,0.0,0.18,20.3,22.6,7.86,0.0,48.62,48.49,0.0,0.0
1456,2022-10-28 15:40:04,24201,29.2,754,73,0.0,0.0,0.0,0.18,20.3,22.6,7.86,0.0,48.71,48.58,0.0,0.0
1457,2022-10-28 15:55:06,20719,29.3,763,72,0.0,0.0,0.0,0.18,20.3,22.6,7.86,0.0,48.8,48.67,0.0,0.0
1458,2022-10-28 16:10:09,26217,29.2,768,73,0.0,0.0,0.0,0.18,20.3,22.6,7.86,0.0,48.89,48.76,0.0,0.0
1459,2022-10-28 16:25:12,16815,29.7,772,72,0.0,0.0,0.0,0.18,20.3,22.6,7.86,0.0,48.98,48.85,0.0,0.0
1460,2022-10-28 16:40:15,22943,29.5,802,71,0.0,0.0,0.0,0.18,20.3,22.6,7.86,0.0,49.07,48.94,0.0,0.0
1461,2022-10-28 16:55:18,22943,29.5,590,71,0.0,0.0,0.0,0.18,20.3,22.6,7.86,0.0,49.16,49.02,0.0,0.0
1462,2022-10-28 17:10:21,24770,29.1,777,72,0.0,0.0,0.0,0.18,20.3,22.6,7.86,0.0,49.24,49.1,0.0,0.0
1463,2022-10-28 17:25:24,25871,29.0,376,71,0.0,0.0,0.0,0.18,20.3,22.6,7.86,0.0,49.33,49.19,0.0,0.0
1464,2022-10-28 17:40:31,19747,29.2,750,69,0.0,0.0,0.0,0.18,20.3,22.6,7.86,0.0,49.4,49.26,0.0,0.0
1465,2022-10-28 17:55:33,25784,29.1,702,69,0.0,0.0,0.0,0.18,20.3,22.6,7.86,0.0,49.48,49.35,0.0,0.0
1466,2022-10-28 18:10:36,21318,28.8,674,68,0.0,0.0,0.0,0.18,20.3,22.6,7.86,0.0,49.57,49.44,0.0,0.0
1467,2022-10-28 18:25:39,26490,28.7,666,68,0.0,0.0,0.0,0.18,20.3,22.6,7.86,0.0,49.66,49.52,0.0,0.0
1468,2022-10-28 18:40:42,22882,28.9,599,67,0.0,0.0,0.0,0.18,20.3,22.6,7.86,0.0,49.75,49.61,0.0,0.0
1469,2022-10-28 18:55:45,22901,28.8,560,67,0.0,0.0,0.0,0.18,20.3,22.6,7.86,0.0,49.83,49.69,0.0,0.0
1470,2022-10-28 19:10:48,24153,28.8,512,67,0.0,0.0,0.0,0.18,20.3,22.6,7.86,0.0,49.91,49.77,0.0,0.0
1471,2022-10-28 19:25:51,27826,28.5,465,67,0.0,0.0,0.0,0.18,20.3,22.6,7.86,0.0,50.0,49.85,0.0,0.0
1472,2022-10-28 19:40:52,24876,28.5,415,69,0.0,0.0,0.0,0.18,20.3,22.6,7.86,0.0,50.08,49.93,0.0,0.0
1473,2022-10-28 19:55:55,24743,28.3,364,69,0.0,0.0,0.0,0.18,20.3,22.6,7.86,0.0,50.15,50.01,0.0,0.0
1474,2022-10-28 20:10:57,25742,28.4,310,69,0.0,0.0,0.0,0.18,20.3,22.6,7.86,0.0,50.23,50.08,0.0,0.0
1475,2022-10-28 20:25:59,24515,28.0,258,70,0.0,0.0,0.0,0.18,20.3,22.6,7.86,0.0,50.3,50.15,0.0,0.0
1476,2022-10-28 20:41:02,22833,28.1,205,70,0.0,0.0,0.0,0.18,20.3,22.6,7.86,0.0,50.37,50.22,0.0,0.0
1477,2022-10-28 20:56:05,29884,27.9,153,70,0.0,0.0,0.0,0.18,20.3,22.6,7.86,0.0,50.43,50.28,0.0,0.0
1478,2022-10-28 21:11:08,24480,28.0,109,70,0.0,0.0,0.0,0.18,20.3,22.6,7.86,0.0,50.49,50.34,0.0,0.0
1479,2022-10-28 21:26:11,22877,27.5,64,71,0.0,0.0,0.0,0.18,20.3,22.6,7.86,0.0,50.54,50.39,0.0,0.0
1480,2022-10-28 21:41:14,25991,27.0,24,72,0.0,0.0,0.0,0.18,20.3,22.6,7.86,0.0,50.59,50.44,0.0,0.0
1481,2022-10-28 21:56:17,24785,26.6,5,74,0.0,0.0,0.0,0.18,20.3,22.6,7.86,0.0,50.64,50.49,0.0,0.0
1482,2022-10-28 22:11:24,25795,26.2,1,74,0.0,0.0,0.0,0.18,20.3,22.6,7.86,0.0,50.68,50.53,0.0,0.0
1483,2022-10-28 22:26:26,24381,25.9,0,76,0.0,0.0,0.0,0.18,20.3,22.6,7.86,0.0,50.72,50.57,0.0,0.0
1484,2022-10-28 22:41:29,25470,25.9,1,75,0.0,0.0,0.0,0.18,20.3,22.6,7.86,0.0,50.76,50.6,0.0,0.0
1485,2022-10-28 22:56:32,21945,25.8,1,75,0.0,0.0,0.0,0.18,20.3,22.6,7.86,0.0,50.8,50.65,0.0,0.0
1486,2022-10-28 23:11:35,26010,25.8,0,76,0.0,0.0,0.0,0.18,20.3,22.6,7.86,0.0,50.84,50.69,0.0,0.0
1487,2022-10-28 23:26:38,23088,25.8,0,76,0.0,0.0,0.0,0.18,20.3,22.6,7.86,0.0,50.87,50.72,0.0,0.0
1488,2022-10-28 23:41:41,20739,25.7,1,77,0.0,0.0,0.0,0.18,20.3,22.6,7.86,0.0,50.89,50.74,0.0,0.0
1489,2022-10-28 23:56:43,27517,25.7,1,77,0.0,0.0,0.0,0.18,20.3,21.6,7.86,0.0,50.93,50.78,0.0,0.0
1490,2022-10-29 00:11:44,25636,25.7,1,76,0.0,0.0,0.0,0.18,20.3,21.1,7.86,0.0,50.98,50.82,0.0,0.0
1491,2022-10-29 00:26:47,23094,25.8,0,76,0.0,0.0,0.0,0.18,20.3,21.1,7.86,0.0,51.02,50.87,0.0,0.0
1492,2022-10-29 00:41:50,27186,25.7,0,76,0.0,0.0,0.0,0.18,20.3,21.1,7.86,0.0,51.05,50.9,0.0,0.0
1493,2022-10-29 00:56:52,25696,25.7,0,75,0.0,0.0,0.0,0.18,20.3,21.1,7.86,0.0,51.08,50.93,0.0,0.0
1494,2022-10-29 01:11:55,26021,25.8,0,75,0.0,0.0,0.0,0.18,20.3,21.1,7.86,0.0,51.1,50.95,0.0,0.0
1495,2022-10-29 01:26:58,23508,25.7,0,76,0.0,0.0,0.0,0.18,20.3,21.1,7.86,0.0,51.12,50.96,0.0,0.0
1496,2022-10-29 01:42:01,25595,25.7,1,77,0.0,0.0,0.0,0.18,20.3,21.1,7.86,0.0,51.14,50.98,0.0,0.0
1497,2022-10-29 01:57:04,26565,25.8,0,77,0.0,0.0,0.0,0.18,20.3,21.1,7.86,0.0,51.18,51.03,0.0,0.0
1498,2022-10-29 02:12:07,24821,25.8,0,75,0.0,0.0,0.0,0.18,20.3,21.1,7.86,0.0,51.2,51.04,0.0,0.0
1499,2022-10-29 02:27:14,25703,25.8,0,75,0.0,0.0,0.0,0.18,20.3,21.1,7.86,0.0,51.22,51.06,0.0,0.0
1500,2022-10-29 02:42:16,27884,25.8,0,76,0.0,0.0,0.0,0.18,20.3,21.1,7.86,0.0,51.22,51.07,0.0,0.0
1501,2022-10-29 02:57:19,25392,25.7,0,75,0.0,0.0,0.0,0.18,20.3,21.1,7.86,0.0,51.23,51.08,0.0,0.0
1502,2022-10-29 03:12:22,29878,25.7,0,75,0.0,0.0,0.0,0.18,20.3,21.1,7.86,0.0,51.26,51.11,0.0,0.0
1503,2022-10-29 03:27:25,24175,25.7,0,75,0.0,0.0,0.0,0.18,20.3,21.1,7.86,0.0,51.27,51.11,0.0,0.0
1504,2022-10-29 03:42:28,26778,25.6,0,76,0.0,0.0,0.0,0.18,20.3,21.1,7.86,0.0,51.27,51.12,0.0,0.0
1505,2022-10-29 03:57:31,25601,25.5,1,75,0.0,0.0,0.0,0.18,20.3,21.1,7.86,0.0,51.28,51.12,0.0,0.0
1506,2022-10-29 04:12:33,19535,25.6,0,75,0.0,0.0,0.0,0.18,20.3,21.1,7.86,0.0,51.32,51.17,0.0,0.0
1507,2022-10-29 04:27:34,25811,25.5,0,76,0.0,0.0,0.0,0.18,20.3,21.1,7.86,0.0,51.35,51.2,0.0,0.0
1508,2022-10-29 04:42:37,22111,25.5,0,76,0.0,0.0,0.0,0.18,20.3,21.1,7.86,0.0,51.36,51.2,0.0,0.0
1509,2022-10-29 04:57:40,26091,25.5,0,76,0.0,0.0,0.0,0.18,20.3,21.1,7.86,0.0,51.38,51.22,0.0,0.0
1510,2022-10-29 05:12:42,23486,25.4,0,77,0.0,0.0,0.0,0.18,20.3,21.1,7.86,0.0,51.41,51.25,0.0,0.0
1511,2022-10-29 05:27:45,28659,25.4,0,78,0.0,0.0,0.0,0.18,20.3,21.1,7.86,0.0,51.43,51.27,0.0,0.0
1512,2022-10-29 05:42:48,25863,25.4,0,77,0.0,0.0,0.0,0.18,20.3,21.1,7.86,0.0,51.43,51.28,0.0,0.0
1513,2022-10-29 05:57:51,21618,25.2,0,76,0.0,0.0,0.0,0.18,20.3,21.1,7.86,0.0,51.45,51.3,0.0,0.0
1514,2022-10-29 06:12:54,22416,25.2,0,77,0.0,0.0,0.0,0.18,20.3,21.1,7.86,0.0,51.48,51.33,0.0,0.0
1515,2022-10-29 06:27:57,21533,25.2,0,77,0.0,0.0,0.0,0.18,20.3,21.1,7.86,0.0,51.51,51.36,0.0,0.0
1516,2022-10-29 06:43:04,27092,25.1,0,78,0.0,0.0,0.0,0.18,20.3,21.1,7.86,0.0,51.53,51.37,0.0,0.0
1517,2022-10-29 06:58:06,26622,25.0,0,79,0.0,0.0,0.0,0.18,20.3,21.1,7.86,0.0,51.55,51.39,0.0,0.0
1518,2022-10-29 07:13:09,21943,24.9,1,80,0.0,0.0,0.0,0.18,20.3,21.1,7.86,0.0,51.58,51.42,0.0,0.0
1519,2022-10-29 07:28:12,25718,24.9,1,79,0.0,0.0,0.0,0.18,20.3,21.1,7.86,0.0,51.62,51.46,0.0,0.0
1520,2022-10-29 07:43:15,24737,25.0,1,79,0.0,0.0,0.0,0.18,20.3,21.1,7.86,0.0,51.67,51.51,0.0,0.0
1521,2022-10-29 07:58:18,27637,25.1,0,79,0.0,0.0,0.0,0.18,20.3,21.1,7.86,0.0,51.71,51.55,0.0,0.0
1522,2022-10-29 08:13:20,27494,25.1,1,79,0.0,0.0,0.0,0.18,20.3,21.1,7.86,0.0,51.74,51.58,0.0,0.0
1523,2022-10-29 08:28:23,25004,25.1,0,79,0.0,0.0,0.0,0.18,20.3,21.1,7.86,0.0,51.78,51.62,0.0,0.0
1524,2022-10-29 08:43:24,27053,25.0,0,80,0.0,0.0,0.0,0.18,20.3,21.1,7.86,0.0,51.81,51.65,0.0,0.0
1525,2022-10-29 08:58:27,27268,24.9,1,80,0.0,0.0,0.0,0.18,20.3,21.1,7.86,0.0,51.84,51.68,0.0,0.0
1526,2022-10-29 09:13:30,23681,24.9,1,81,0.0,0.0,0.0,0.18,20.3,21.1,7.86,0.0,51.88,51.72,0.0,0.0
1527,2022-10-29 09:28:32,27584,25.0,1,81,0.0,0.0,0.0,0.18,20.3,21.1,7.86,0.0,51.92,51.76,0.0,0.0
1528,2022-10-29 09:43:35,27906,25.2,1,81,0.0,0.0,0.0,0.18,20.3,21.1,7.86,0.0,51.97,51.8,0.0,0.0
1529,2022-10-29 09:58:38,23618,25.2,1,81,0.0,0.0,0.0,0.18,20.3,21.1,7.86,0.0,52.01,51.84,0.0,0.0
1530,2022-10-29 10:13:41,22740,25.4,0,81,0.0,0.0,0.0,0.18,20.3,21.1,7.86,0.0,52.05,51.89,52.05,0.0
1531,2022-10-29 10:28:44,28024,25.4,0,81,0.0,0.0,0.0,0.18,20.3,21.1,7.86,0.0,52.07,51.9,0.0,0.0
1532,2022-10-29 10:43:47,23620,25.4,3,81,0.0,0.0,0.0,0.18,20.3,21.1,7.86,0.0,52.1,51.93,0.0,0.0
1533,2022-10-29 10:58:54,26475,25.5,10,81,0.0,0.0,0.0,0.18,20.3,21.1,7.86,0.0,52.14,51.97,0.0,0.0
1534,2022-10-29 11:13:56,27501,25.4,15,82,0.0,0.0,0.0,0.18,20.3,21.1,7.86,0.0,52.18,52.02,0.0,0.0
1535,2022-10-29 11:28:59,26242,25.1,31,81,0.0,0.0,0.0,0.18,20.3,21.1,7.86,0.0,52.22,52.06,0.0,0.0
1536,2022-10-29 11:44:02,21677,25.3,65,81,0.0,0.0,0.0,0.18,20.3,21.1,7.86,0.0,52.27,52.1,0.0,0.0
1537,2022-10-29 11:59:05,28346,25.2,53,80,0.0,0.0,0.0,0.18,20.3,21.1,7.86,0.0,52.32,52.15,0.0,0.0
1538,2022-10-29 12:14:08,29921,24.9,50,82,0.0,0.0,0.0,0.18,20.3,21.1,7.86,0.0,52.36,52.2,0.0,0.0
1539,2022-10-29 12:29:11,25172,24.6,167,82,0.0,0.0,0.0,0.18,20.3,21.1,7.86,0.0,52.41,52.24,0.0,0.0
1540,2022-10-29 12:44:13,25603,25.7,274,79,0.0,0.0,0.0,0.18,20.3,21.1,7.86,0.0,52.46,52.3,0.0,0.0
1541,2022-10-29 12:59:15,25362,26.9,349,75,0.0,0.0,0.0,0.18,20.3,21.1,7.86,0.0,52.53,52.36,0.0,0.0
1542,2022-10-29 13:14:17,27770,27.9,420,73,0.0,0.0,0.0,0.18,20.3,21.1,7.86,0.0,52.6,52.43,0.0,0.0
1543,2022-10-29 13:29:19,27989,27.1,87,76,0.4,0.4,0.0,0.18,20.3,21.1,7.86,0.0,52.67,52.5,0.0,0.0
1544,2022-10-29 13:44:22,26153,25.9,288,84,2.2,2.2,0.0,0.18,20.3,21.1,7.86,0.0,52.72,52.55,0.0,0.0
1545,2022-10-29 13:59:25,25859,25.5,242,84,2.2,2.2,0.0,0.18,20.3,21.1,7.86,0.0,52.78,52.61,0.0,0.0
1546,2022-10-29 14:14:28,28357,26.6,680,83,2.2,2.2,0.0,0.18,20.3,21.1,7.86,0.0,52.84,52.67,0.0,0.0
1547,2022-10-29 14:29:31,26478,27.2,729,81,1.8,2.2,0.0,0.18,20.3,21.1,7.86,0.0,52.92,52.75,0.0,0.0
1548,2022-10-29 14:44:34,26777,28.4,771,74,0.0,2.2,0.0,0.18,20.3,21.1,7.86,0.0,53.0,52.83,0.0,0.0
1549,2022-10-29 14:59:37,27826,28.4,339,73,0.0,2.2,0.0,0.18,20.3,21.1,7.86,0.0,53.08,52.91,0.0,0.0
1550,2022-10-29 15:14:44,26748,28.0,472,75,0.0,2.2,0.0,0.18,20.3,21.1,7.86,0.0,53.14,52.97,0.0,0.0
1551,2022-10-29 15:29:46,28009,27.6,163,75,0.0,2.2,0.0,0.18,20.3,21.1,7.86,0.0,53.21,53.04,0.0,0.0
1552,2022-10-29 15:44:49,26660,27.1,460,78,0.07,2.27,0.0,0.18,20.3,21.1,7.86,0.0,53.27,53.09,0.0,0.0
1553,2022-10-29 15:59:52,25301,27.6,879,74,0.2,2.4,0.0,0.18,20.3,21.1,7.86,0.0,53.33,53.16,0.0,0.0
1554,2022-10-29 16:14:55,30054,28.0,800,72,0.2,2.4,0.0,0.18,20.3,21.1,7.86,0.0,53.41,53.23,0.0,0.0
1555,2022-10-29 16:29:58,23126,29.1,648,70,0.2,2.4,0.0,0.18,20.3,21.1,7.86,0.0,53.49,53.31,0.0,0.0
1556,2022-10-29 16:45:01,31444,29.0,807,71,0.13,2.4,0.0,0.18,20.3,21.1,7.86,0.0,53.57,53.39,0.0,0.0
1557,2022-10-29 17:00:04,30581,27.7,353,75,0.0,2.6,0.0,0.18,20.3,21.1,7.86,0.0,53.65,53.47,0.0,0.0
1558,2022-10-29 17:15:05,26631,24.0,188,85,3.93,6.47,0.0,0.18,20.3,21.1,7.86,0.0,53.71,53.53,0.0,0.0
1559,2022-10-29 17:30:08,31032,24.2,326,88,5.6,8.0,0.0,0.18,20.3,21.1,7.86,0.0,53.76,53.58,0.0,0.0
1560,2022-10-29 17:45:10,27789,24.2,206,87,5.6,8.0,0.0,0.18,20.3,21.1,7.86,0.0,53.83,53.65,0.0,0.0
1561,2022-10-29 18:00:12,28163,24.0,99,89,7.0,9.73,0.0,0.18,20.3,21.1,7.86,0.0,53.88,53.7,0.0,0.0
1562,2022-10-29 18:15:15,28566,23.5,105,89,12.27,18.73,0.0,0.18,20.3,21.1,7.86,0.0,53.93,53.75,0.0,0.0
1563,2022-10-29 18:30:18,23069,23.7,127,89,11.8,19.8,0.0,0.18,20.3,21.1,7.86,0.0,53.98,53.8,0.0,0.0
1564,2022-10-29 18:45:21,29321,24.0,126,87,11.8,19.8,0.0,0.18,20.3,21.1,7.86,0.0,54.03,53.85,0.0,0.0
1565,2022-10-29 19:00:24,25366,24.6,179,88,10.07,19.8,0.0,0.18,20.3,21.1,7.86,0.0,54.08,53.9,0.0,0.0
1566,2022-10-29 19:15:27,30524,25.2,173,85,1.0,19.8,0.0,0.18,20.3,21.1,7.86,0.0,54.14,53.95,0.0,0.0
1567,2022-10-29 19:30:34,25652,25.9,179,82,0.0,19.8,0.0,0.18,20.3,21.1,7.86,0.0,54.19,54.01,0.0,0.0
1568,2022-10-29 19:45:37,26790,26.3,236,79,0.0,19.8,0.0,0.18,20.3,21.1,7.86,0.0,54.25,54.06,0.0,0.0
1569,2022-10-29 20:00:39,24897,26.7,315,77,0.0,19.8,0.0,0.18,20.3,21.1,7.86,0.0,54.3,54.12,0.0,0.0
1570,2022-10-29 20:15:42,24833,26.9,287,76,0.0,19.8,0.0,0.18,20.3,21.1,7.86,0.0,54.37,54.18,0.0,0.0
1571,2022-10-29 20:30:45,29570,27.2,227,75,0.0,19.8,0.0,0.18,20.3,21.1,7.86,0.0,54.43,54.24,0.0,0.0
1572,2022-10-29 20:45:48,27899,27.2,168,74,0.0,19.8,0.0,0.18,20.3,21.1,7.86,0.0,54.49,54.3,0.0,0.0
1573,2022-10-29 21:00:51,23549,27.1,151,74,0.0,19.8,0.0,0.18,20.3,21.1,7.86,0.0,54.54,54.35,0.0,0.0
1574,2022-10-29 21:15:54,26939,26.9,60,75,0.0,19.8,0.0,0.18,20.3,21.1,7.86,0.0,54.59,54.4,0.0,0.0
1575,2022-10-29 21:30:56,26972,26.5,24,76,0.0,19.8,0.0,0.18,20.3,21.1,7.86,0.0,54.63,54.45,0.0,0.0
1576,2022-10-29 21:45:58,27220,26.3,11,76,0.0,19.8,0.0,0.18,20.3,21.1,7.86,0.0,54.67,54.49,0.0,0.0
1577,2022-10-29 22:01:00,28958,26.1,3,77,0.0,19.8,0.0,0.18,20.3,21.1,7.86,0.0,54.71,54.53,0.0,0.0
1578,2022-10-29 22:16:02,26880,26.0,0,76,0.0,19.8,0.0,0.18,20.3,21.1,7.86,0.0,54.75,54.56,0.0,0.0
1579,2022-10-29 22:31:05,29984,26.0,0,76,0.0,19.8,0.0,0.18,20.3,21.1,7.86,0.0,54.76,54.57,0.0,0.0
1580,2022-10-29 22:46:08,26757,26.0,0,76,0.0,19.8,0.0,0.18,20.3,21.1,7.86,0.0,54.76,54.57,0.0,0.0
1581,2022-10-29 23:01:11,25727,26.0,0,76,0.0,19.8,0.0,0.18,20.3,21.1,7.86,0.0,54.77,54.58,0.0,0.0
1582,2022-10-29 23:16:14,25488,26.0,0,75,0.0,19.8,0.0,0.18,20.3,21.1,7.86,0.0,54.78,54.59,0.0,0.0
1583,2022-10-29 23:31:17,29989,25.9,0,75,0.0,19.8,0.0,0.18,20.3,21.1,7.86,0.0,54.78,54.59,0.0,0.0
1584,2022-10-29 23:46:20,26006,25.9,0,76,0.0,19.8,0.0,0.18,20.3,21.1,7.86,0.0,54.79,54.6,0.0,0.0
1585,2022-10-30 00:01:27,27410,25.8,0,76,0.0,0.0,0.0,0.18,20.3,23.6,7.86,0.0,54.79,54.6,0.0,0.0
1586,2022-10-30 00:16:29,28720,25.9,0,76,0.0,0.0,0.0,0.18,20.3,23.6,7.86,0.0,54.81,54.62,0.0,0.0
1587,2022-10-30 00:31:32,28989,25.9,0,75,0.0,0.0,0.0,0.18,20.3,23.6,7.86,0.0,54.81,54.62,0.0,0.0
1588,2022-10-30 00:46:35,25675,25.8,0,77,0.0,0.0,0.0,0.18,20.3,23.6,7.86,0.0,54.82,54.63,0.0,0.0
1589,2022-10-30 01:01:38,29780,25.8,0,77,0.0,0.0,0.0,0.18,20.3,23.6,7.86,0.0,54.83,54.64,0.0,0.0
1590,2022-10-30 01:16:41,30202,25.8,0,75,0.0,0.0,0.0,0.18,20.3,23.6,7.86,0.0,54.83,54.64,0.0,0.0
1591,2022-10-30 01:31:43,23719,25.8,0,75,0.0,0.0,0.0,0.18,20.3,23.6,7.86,0.0,54.84,54.65,0.0,0.0
1592,2022-10-30 01:46:46,25712,25.8,0,75,0.0,0.0,0.0,0.18,20.3,23.6,7.86,0.0,54.84,54.65,0.0,0.0
1593,2022-10-30 02:01:47,26859,25.8,0,74,0.0,0.0,0.0,0.18,20.3,23.6,7.86,0.0,54.85,54.66,0.0,0.0
1594,2022-10-30 02:16:50,28050,25.8,0,74,0.0,0.0,0.0,0.18,20.3,23.6,7.86,0.0,54.85,54.66,0.0,0.0
1595,2022-10-30 02:31:52,28608,25.7,0,75,0.0,0.0,0.0,0.18,20.3,23.6,7.86,0.0,54.86,54.67,0.0,0.0
1596,2022-10-30 02:46:55,26780,25.8,0,75,0.0,0.0,0.0,0.18,20.3,23.6,7.86,0.0,54.86,54.67,0.0,0.0
1597,2022-10-30 03:01:58,27677,25.7,0,75,0.0,0.0,0.0,0.18,20.3,23.6,7.86,0.0,54.87,54.68,0.0,0.0
1598,2022-10-30 03:17:01,25021,25.7,0,75,0.0,0.0,0.0,0.18,20.3,23.6,7.86,0.0,54.88,54.68,0.0,0.0
1599,2022-10-30 03:32:04,30573,25.7,0,76,0.0,0.0,0.0,0.18,20.3,23.6,7.86,0.0,54.88,54.69,0.0,0.0
1600,2022-10-30 03:47:07,27031,25.6,0,75,0.0,0.0,0.0,0.18,20.3,23.6,7.86,0.0,54.89,54.7,0.0,0.0
1601,2022-10-30 04:02:12,27924,25.6,0,74,0.0,0.0,0.0,0.18,20.3,23.6,7.86,0.0,54.89,54.7,0.0,0.0
1602,2022-10-30 04:17:17,28511,25.7,0,74,0.0,0.0,0.0,0.18,20.3,23.6,7.86,0.0,54.9,54.71,0.0,0.0
1603,2022-10-30 04:32:19,27963,25.7,0,74,0.0,0.0,0.0,0.18,20.3,23.6,7.86,0.0,54.9,54.71,0.0,0.0
1604,2022-10-30 04:47:22,21180,25.7,0,74,0.0,0.0,0.0,0.18,20.3,23.6,7.86,0.0,54.92,54.73,0.0,0.0
1605,2022-10-30 05:02:25,26353,25.5,0,75,0.0,0.0,0.0,0.18,20.3,23.6,7.86,0.0,54.93,54.73,0.0,0.0
1606,2022-10-30 05:17:28,25035,25.5,0,74,0.0,0.0,0.0,0.18,20.3,23.6,7.86,0.0,54.93,54.74,0.0,0.0
1607,2022-10-30 05:32:31,25693,25.5,0,74,0.0,0.0,0.0,0.18,20.3,23.6,7.86,0.0,54.94,54.75,0.0,0.0
1608,2022-10-30 05:47:33,25879,25.5,0,74,0.0,0.0,0.0,0.18,20.3,23.6,7.86,0.0,54.94,54.75,0.0,0.0
1609,2022-10-30 06:02:35,27959,25.5,0,74,0.0,0.0,0.0,0.18,20.3,23.6,7.86,0.0,54.95,54.76,0.0,0.0
1610,2022-10-30 06:17:37,30244,25.6,0,74,0.0,0.0,0.0,0.18,20.3,23.6,7.86,0.0,54.95,54.76,0.0,0.0
1611,2022-10-30 06:32:40,29668,25.6,0,74,0.0,0.0,0.0,0.18,20.3,23.6,7.86,0.0,54.98,54.79,0.0,0.0
1612,2022-10-30 06:47:42,27260,25.6,0,73,0.0,0.0,0.0,0.18,20.3,23.6,7.86,0.0,54.99,54.79,0.0,0.0
1613,2022-10-30 07:02:45,27295,25.6,0,74,0.0,0.0,0.0,0.18,20.3,23.6,7.86,0.0,54.99,54.8,0.0,0.0
1614,2022-10-30 07:17:48,25766,25.4,0,76,0.0,0.0,0.0,0.18,20.3,23.6,7.86,0.0,55.0,54.81,0.0,0.0
1615,2022-10-30 07:32:51,27480,25.4,0,75,0.0,0.0,0.0,0.18,20.3,23.6,7.86,0.0,55.0,54.81,0.0,0.0
1616,2022-10-30 07:47:54,28822,25.4,0,75,0.0,0.0,0.0,0.18,20.3,23.6,7.86,0.0,55.01,54.82,0.0,0.0
1617,2022-10-30 08:02:57,28701,25.4,0,76,0.0,0.0,0.0,0.18,20.3,23.6,7.86,0.0,55.01,54.82,0.0,0.0
1618,2022-10-30 08:18:04,24534,25.4,0,75,0.0,0.0,0.0,0.18,20.3,23.6,7.86,0.0,55.03,54.84,0.0,0.0
1619,2022-10-30 08:33:07,25869,25.4,0,76,0.0,0.0,0.0,0.18,20.3,23.6,7.86,0.0,55.06,54.86,0.0,0.0
1620,2022-10-30 08:48:09,25080,25.2,0,77,0.0,0.0,0.0,0.18,20.3,23.6,7.86,0.0,55.06,54.87,0.0,0.0
1621,2022-10-30 09:03:12,29901,25.2,0,77,0.0,0.0,0.0,0.18,20.3,23.6,7.86,0.0,55.07,54.88,0.0,0.0
1622,2022-10-30 09:18:15,30070,25.0,0,78,0.0,0.0,0.0,0.18,20.3,23.6,7.86,0.0,55.07,54.88,0.0,0.0
1623,2022-10-30 09:33:18,33373,24.9,0,79,0.0,0.0,0.0,0.18,20.3,23.6,7.86,0.0,55.08,54.89,0.0,0.0
1624,2022-10-30 09:48:21,28177,24.8,1,79,0.0,0.0,0.0,0.18,20.3,23.6,7.86,0.0,55.11,54.91,0.0,0.0
1625,2022-10-30 10:03:23,29302,24.7,1,80,0.0,0.0,0.0,0.18,20.3,23.6,7.86,0.0,55.14,54.95,55.14,55.14
1626,2022-10-30 10:18:25,25621,24.9,1,79,0.0,0.0,0.0,0.18,20.3,23.6,7.86,0.0,55.18,54.99,0.0,0.0
1627,2022-10-30 10:33:27,27436,25.0,1,80,0.0,0.0,0.0,0.18,20.3,23.6,7.86,0.0,55.22,55.03,0.0,0.0
1628,2022-10-30 10:48:30,26814,25.3,6,76,0.0,0.0,0.0,0.18,20.3,23.6,7.86,0.0,55.26,55.06,0.0,0.0
1629,2022-10-30 11:03:35,28341,25.4,26,76,0.0,0.0,0.0,0.18,20.3,23.6,7.86,0.0,55.3,55.1,0.0,0.0
1630,2022-10-30 11:18:35,27155,25.7,77,75,0.0,0.0,0.0,0.18,20.3,23.6,7.86,0.0,55.34,55.14,0.0,0.0
1631,2022-10-30 11:33:38,26563,26.2,103,74,0.0,0.0,0.0,0.18,20.3,23.6,7.86,0.0,55.38,55.19,0.0,0.0
1632,2022-10-30 11:48:41,26298,25.6,148,79,0.0,0.0,0.0,0.18,20.3,23.6,7.86,0.0,55.43,55.23,0.0,0.0
1633,2022-10-30 12:03:44,22682,26.2,204,77,0.0,0.0,0.0,0.18,20.3,23.6,7.86,0.0,55.48,55.28,0.0,0.0
1634,2022-10-30 12:18:47,26855,26.6,230,76,0.0,0.0,0.0,0.18,20.3,23.6,7.86,0.0,55.53,55.33,0.0,0.0
1635,2022-10-30 12:33:54,28284,26.8,266,74,0.0,0.0,0.0,0.18,20.3,23.6,7.86,0.0,55.59,55.39,0.0,0.0
1636,2022-10-30 12:48:56,27891,27.0,360,75,0.0,0.0,0.0,0.18,20.3,23.6,7.86,0.0,55.65,55.45,0.0,0.0
1637,2022-10-30 13:03:59,27630,27.2,411,73,0.0,0.0,0.0,0.18,20.3,23.6,7.86,0.0,55.71,55.51,0.0,0.0
1638,2022-10-30 13:19:02,26408,27.4,455,73,0.0,0.0,0.0,0.18,20.3,23.6,7.86,0.0,55.78,55.58,0.0,0.0
1639,2022-10-30 13:34:05,25334,27.6,490,72,0.0,0.0,0.0,0.18,20.3,23.6,7.86,0.0,55.84,55.64,0.0,0.0
1640,2022-10-30 13:49:08,33658,27.7,384,72,0.0,0.0,0.0,0.18,20.3,23.6,7.86,0.0,55.91,55.71,0.0,0.0
1641,2022-10-30 14:04:11,28534,27.5,465,73,0.0,0.0,0.0,0.18,20.3,23.6,7.86,0.0,55.97,55.77,0.0,0.0
1642,2022-10-30 14:19:14,26412,27.9,627,73,0.0,0.0,0.0,0.18,20.3,23.6,7.86,0.0,56.04,55.84,0.0,0.0
1643,2022-10-30 14:34:16,24893,27.8,659,73,0.0,0.0,0.0,0.18,20.3,23.6,7.86,0.0,56.11,55.91,0.0,0.0
1644,2022-10-30 14:49:18,23063,27.9,688,73,0.0,0.0,0.0,0.18,20.3,23.6,7.86,0.0,56.18,55.98,0.0,0.0
1645,2022-10-30 15:04:20,30460,28.1,734,72,0.0,0.0,0.0,0.18,20.3,23.6,7.86,0.0,56.25,56.05,0.0,0.0
1646,2022-10-30 15:19:23,29070,28.3,710,73,0.0,0.0,0.0,0.18,20.3,23.6,7.86,0.0,56.33,56.12,0.0,0.0
1647,2022-10-30 15:34:25,27978,28.1,469,73,0.0,0.0,0.0,0.18,20.3,23.6,7.86,0.0,56.4,56.19,0.0,0.0
1648,2022-10-30 15:49:28,27144,27.2,343,76,0.0,0.0,0.0,0.18,20.3,23.6,7.86,0.0,56.46,56.26,0.0,0.0
1649,2022-10-30 16:04:31,23859,26.8,527,77,0.0,0.0,0.0,0.18,20.3,23.6,7.86,0.0,56.52,56.32,0.0,0.0
1650,2022-10-30 16:19:34,23984,27.2,505,77,0.0,0.0,0.0,0.18,20.3,23.6,7.86,0.0,56.59,56.38,0.0,0.0
1651,2022-10-30 16:34:37,31952,27.6,813,76,0.0,0.0,0.0,0.18,20.3,23.6,7.86,0.0,56.65,56.44,0.0,0.0
1652,2022-10-30 16:49:40,29310,27.8,765,74,0.0,0.0,0.0,0.18,20.3,23.6,7.86,0.0,56.72,56.52,0.0,0.0
1653,2022-10-30 17:04:47,28917,27.8,754,73,0.0,0.0,0.0,0.18,20.3,23.6,7.86,0.0,56.8,56.59,0.0,0.0
1654,2022-10-30 17:19:49,33910,27.8,739,72,0.0,0.0,0.0,0.18,20.3,23.6,7.86,0.0,56.87,56.66,0.0,0.0
1655,2022-10-30 17:34:52,30292,27.7,734,76,0.0,0.0,0.0,0.18,20.3,23.6,7.86,0.0,56.94,56.73,0.0,0.0
1656,2022-10-30 17:49:55,28319,27.8,698,74,0.0,0.0,0.0,0.18,20.3,23.6,7.86,0.0,57.01,56.8,0.0,0.0
1657,2022-10-30 18:04:58,30468,27.9,671,73,0.0,0.0,0.0,0.18,20.3,23.6,7.86,0.0,57.08,56.87,0.0,0.0
1658,2022-10-30 18:20:01,28553,28.0,694,73,0.0,0.0,0.0,0.18,20.3,23.6,7.86,0.0,57.15,56.94,0.0,0.0
1659,2022-10-30 18:35:04,30641,28.0,643,73,0.0,0.0,0.0,0.18,20.3,23.6,7.86,0.0,57.22,57.01,0.0,0.0
1660,2022-10-30 18:50:07,30456,27.9,526,73,0.0,0.0,0.0,0.18,20.3,23.6,7.86,0.0,57.29,57.08,0.0,0.0
1661,2022-10-30 19:05:09,29554,27.9,496,73,0.0,0.0,0.0,0.18,20.3,23.6,7.86,0.0,57.36,57.14,0.0,0.0
1662,2022-10-30 19:20:11,27824,27.9,473,73,0.0,0.0,0.0,0.18,20.3,23.6,7.86,0.0,57.42,57.21,0.0,0.0
1663,2022-10-30 19:35:13,25791,27.8,421,74,0.0,0.0,0.0,0.18,20.3,23.6,7.86,0.0,57.49,57.27,0.0,0.0
1664,2022-10-30 19:50:15,28263,27.8,363,76,0.0,0.0,0.0,0.18,20.3,23.6,7.86,0.0,57.55,57.33,0.0,0.0
1665,2022-10-30 20:05:18,23610,27.5,319,76,0.0,0.0,0.0,0.18,20.3,23.6,7.86,0.0,57.61,57.39,0.0,0.0
1666,2022-10-30 20:20:21,26309,27.3,265,77,0.0,0.0,0.0,0.18,20.3,23.6,7.86,0.0,57.67,57.45,0.0,0.0
1667,2022-10-30 20:35:24,27095,27.3,212,76,0.0,0.0,0.0,0.18,20.3,23.6,7.86,0.0,57.72,57.5,0.0,0.0
1668,2022-10-30 20:50:27,28648,27.2,161,76,0.0,0.0,0.0,0.18,20.3,23.6,7.86,0.0,57.77,57.55,0.0,0.0
1669,2022-10-30 21:05:30,29608,27.2,111,77,0.0,0.0,0.0,0.18,20.3,23.6,7.86,0.0,57.82,57.6,0.0,0.0
1670,2022-10-30 21:20:33,27168,26.7,74,77,0.0,0.0,0.0,0.18,20.3,23.6,7.86,0.0,57.86,57.64,0.0,0.0
1671,2022-10-30 21:35:40,26635,26.4,35,80,0.0,0.0,0.0,0.18,20.3,23.6,7.86,0.0,57.9,57.68,0.0,0.0
1672,2022-10-30 21:50:42,33962,26.1,9,79,0.0,0.0,0.0,0.18,20.3,23.6,7.86,0.0,57.94,57.72,0.0,0.0
1673,2022-10-30 22:05:45,32630,25.7,1,83,0.0,0.0,0.0,0.18,20.3,23.6,7.86,0.0,57.98,57.76,0.0,0.0
1674,2022-10-30 22:20:48,29675,25.8,0,79,0.0,0.0,0.0,0.18,20.3,23.6,7.86,0.0,58.01,57.79,0.0,0.0
1675,2022-10-30 22:35:51,28510,25.5,0,80,0.0,0.0,0.0,0.18,20.3,23.6,7.86,0.0,58.01,57.79,0.0,0.0
1676,2022-10-30 22:50:54,27977,25.6,0,79,0.0,0.0,0.0,0.18,20.3,23.6,7.86,0.0,58.02,57.8,0.0,0.0
1677,2022-10-30 23:05:57,28676,25.7,0,79,0.0,0.0,0.0,0.18,20.3,23.6,7.86,0.0,58.04,57.82,0.0,0.0
1678,2022-10-30 23:20:59,30312,25.5,0,80,0.0,0.0,0.0,0.18,20.3,23.6,7.86,0.0,58.06,57.84,0.0,0.0
1679,2022-10-30 23:36:01,31813,25.2,0,81,0.0,0.0,0.0,0.18,20.3,23.6,7.86,0.0,58.07,57.85,0.0,0.0
1680,2022-10-30 23:51:03,27442,24.8,0,82,0.0,0.0,0.0,0.18,20.3,23.9,7.86,0.0,58.1,57.87,0.0,0.0
1681,2022-10-31 00:06:06,27127,24.3,0,84,0.0,0.0,0.0,0.18,20.3,24.4,7.86,0.0,58.12,57.9,0.0,0.0
1682,2022-10-31 00:21:08,30565,23.9,0,85,0.0,0.0,0.0,0.18,20.3,24.4,7.86,0.0,58.13,57.91,0.0,0.0
1683,2022-10-31 00:36:11,27242,24.1,1,86,0.0,0.0,0.0,0.18,20.3,24.4,7.86,0.0,58.15,57.93,0.0,0.0
1684,2022-10-31 00:51:14,29557,24.1,0,87,0.0,0.0,0.0,0.18,20.3,24.4,7.86,0.0,58.2,57.98,0.0,0.0
1685,2022-10-31 01:06:17,29660,24.0,0,87,0.0,0.0,0.0,0.18,20.3,24.4,7.86,0.0,58.21,57.99,0.0,0.0
1686,2022-10-31 01:21:20,28235,24.2,0,87,0.0,0.0,0.0,0.18,20.3,24.4,7.86,0.0,58.23,58.01,0.0,0.0
1687,2022-10-31 01:36:23,28402,24.2,0,87,0.0,0.0,0.0,0.18,20.3,24.4,7.86,0.0,58.24,58.02,0.0,0.0
1688,2022-10-31 01:51:30,28609,24.1,0,87,0.0,0.0,0.0,0.18,20.3,24.4,7.86,0.0,58.28,58.06,0.0,0.0
1689,2022-10-31 02:06:32,27934,24.1,0,87,0.0,0.0,0.0,0.18,20.3,24.4,7.86,0.0,58.32,58.09,0.0,0.0
1690,2022-10-31 02:21:35,28496,24.3,0,86,0.0,0.0,0.0,0.18,20.3,24.4,7.86,0.0,58.34,58.11,0.0,0.0
1691,2022-10-31 02:36:38,30210,24.5,0,86,0.0,0.0,0.0,0.18,20.3,24.4,7.86,0.0,58.34,58.12,0.0,0.0
1692,2022-10-31 02:51:41,26727,24.6,1,86,0.0,0.0,0.0,0.18,20.3,24.4,7.86,0.0,58.37,58.15,0.0,0.0
1693,2022-10-31 03:06:44,30065,24.7,1,85,0.0,0.0,0.0,0.18,20.3,24.4,7.86,0.0,58.41,58.19,0.0,0.0
1694,2022-10-31 03:21:47,26410,24.6,0,84,0.0,0.0,0.0,0.18,20.3,24.4,7.86,0.0,58.47,58.25,0.0,0.0
1695,2022-10-31 03:36:49,27840,24.2,0,86,0.0,0.0,0.0,0.18,20.3,24.4,7.86,0.0,58.5,58.27,0.0,0.0
1696,2022-10-31 03:51:50,29473,24.2,0,86,0.0,0.0,0.0,0.18,20.3,24.4,7.86,0.0,58.5,58.28,0.0,0.0
1697,2022-10-31 04:06:53,30605,24.6,2,84,0.0,0.0,0.0,0.18,20.3,24.4,7.86,0.0,58.52,58.3,0.0,0.0
1698,2022-10-31 04:21:56,31299,25.0,1,84,0.0,0.0,0.0,0.18,20.3,24.4,7.86,0.0,58.56,58.33,0.0,0.0
1699,2022-10-31 04:36:58,31887,25.1,1,83,0.0,0.0,0.0,0.18,20.3,24.4,7.86,0.0,58.59,58.37,0.0,0.0
1700,2022-10-31 04:52:01,30354,25.4,1,83,0.0,0.0,0.0,0.18,20.3,24.4,7.86,0.0,58.63,58.4,0.0,0.0
1701,2022-10-31 05:07:04,30234,25.6,0,83,0.0,0.0,0.0,0.18,20.3,24.4,7.86,0.0,58.66,58.44,0.0,0.0
1702,2022-10-31 05:22:07,27389,25.7,0,82,0.0,0.0,0.0,0.18,20.3,24.4,7.86,0.0,58.68,58.46,0.0,0.0
1703,2022-10-31 05:37:10,34540,25.6,0,83,0.0,0.0,0.0,0.18,20.3,24.4,7.86,0.0,58.69,58.46,0.0,0.0
1704,2022-10-31 05:52:13,29495,25.4,0,84,0.0,0.0,0.0,0.18,20.3,24.4,7.86,0.0,58.69,58.47,0.0,0.0
1705,2022-10-31 06:07:20,26987,25.3,0,83,0.0,0.0,0.0,0.18,20.3,24.4,7.86,0.0,58.7,58.47,0.0,0.0
1706,2022-10-31 06:22:22,31173,25.5,1,82,0.0,0.0,0.0,0.18,20.3,24.4,7.86,0.0,58.72,58.5,0.0,0.0
1707,2022-10-31 06:37:25,26360,25.5,1,82,0.0,0.0,0.0,0.18,20.3,24.4,7.86,0.0,58.75,58.53,0.0,0.0
1708,2022-10-31 06:52:28,29048,25.5,1,82,0.0,0.0,0.0,0.18,20.3,24.4,7.86,0.0,58.79,58.56,0.0,0.0
1709,2022-10-31 07:07:31,32381,25.3,0,83,0.0,0.0,0.0,0.18,20.3,24.4,7.86,0.0,58.82,58.6,0.0,0.0
1710,2022-10-31 07:22:34,29517,25.0,0,84,0.0,0.0,0.0,0.18,20.3,24.4,7.86,0.0,58.83,58.6,0.0,0.0
1711,2022-10-31 07:37:37,25217,24.8,1,86,0.0,0.0,0.0,0.18,20.3,24.4,7.86,0.0,58.85,58.62,0.0,0.0
1712,2022-10-31 07:52:39,28849,24.4,0,86,0.0,0.0,0.0,0.18,20.3,24.4,7.86,0.0,58.88,58.66,0.0,0.0
1713,2022-10-31 08:07:41,25833,24.1,0,87,0.0,0.0,0.0,0.18,20.3,24.4,7.86,0.0,58.91,58.68,0.0,0.0
1714,2022-10-31 08:22:43,27942,24.0,0,87,0.0,0.0,0.0,0.18,20.3,24.4,7.86,0.0,58.92,58.69,0.0,0.0
1715,2022-10-31 08:37:46,27880,23.4,0,87,0.0,0.0,0.0,0.18,20.3,24.4,7.86,0.0,58.94,58.72,0.0,0.0
1716,2022-10-31 08:52:48,30699,23.0,0,88,0.0,0.0,0.0,0.18,20.3,24.4,7.86,0.0,58.95,58.72,0.0,0.0
1717,2022-10-31 09:07:51,28913,22.7,0,89,0.0,0.0,0.0,0.18,20.3,24.4,7.86,0.0,58.95,58.73,0.0,0.0
1718,2022-10-31 09:22:54,28464,22.5,0,89,0.0,0.0,0.0,0.18,20.3,24.4,7.86,0.0,58.98,58.75,0.0,0.0
1719,2022-10-31 09:37:57,29411,22.3,1,90,0.0,0.0,0.0,0.18,20.3,24.4,7.86,0.0,59.0,58.77,0.0,0.0
1720,2022-10-31 09:53:00,24376,22.2,1,90,0.0,0.0,0.0,0.18,20.3,24.4,7.86,0.0,59.03,58.81,0.0,0.0
1721,2022-10-31 10:08:03,29883,22.2,0,90,0.0,0.0,0.0,0.18,20.3,24.4,7.86,0.0,59.07,58.84,59.07,0.0
1722,2022-10-31 10:23:10,31332,22.2,0,90,0.0,0.0,0.0,0.18,20.3,24.4,7.86,0.0,59.08,58.85,0.0,0.0
1723,2022-10-31 10:38:12,31223,22.1,1,90,0.0,0.0,0.0,0.18,20.3,24.4,7.86,0.0,59.1,58.87,0.0,0.0
1724,2022-10-31 10:53:15,27482,22.1,8,90,0.0,0.0,0.0,0.18,20.3,24.4,7.86,0.0,59.13,58.9,0.0,0.0
1725,2022-10-31 11:08:18,28142,22.2,21,91,0.0,0.0,0.0,0.18,20.3,24.4,7.86,0.0,59.16,58.93,0.0,0.0
1726,2022-10-31 11:23:21,31585,22.7,63,91,0.0,0.0,0.0,0.18,20.3,24.4,7.86,0.0,59.2,58.97,0.0,0.0
1727,2022-10-31 11:38:24,26187,23.2,65,90,0.0,0.0,0.0,0.18,20.3,24.4,7.86,0.0,59.23,59.01,0.0,0.0
1728,2022-10-31 11:53:27,33220,23.7,86,89,0.0,0.0,0.0,0.18,20.3,24.4,7.86,0.0,59.27,59.04,0.0,0.0
1729,2022-10-31 12:08:30,32746,24.9,200,87,0.0,0.0,0.0,0.18,20.3,24.4,7.86,0.0,59.31,59.08,0.0,0.0
1730,2022-10-31 12:23:31,27874,27.1,155,81,0.0,0.0,0.0,0.18,20.3,24.4,7.86,0.0,59.36,59.13,0.0,0.0
1731,2022-10-31 12:38:33,30522,27.8,316,78,0.0,0.0,0.0,0.18,20.3,24.4,7.86,0.0,59.4,59.17,0.0,0.0
1732,2022-10-31 12:53:36,33681,28.3,330,77,0.0,0.0,0.0,0.18,20.3,24.4,7.86,0.0,59.46,59.23,0.0,0.0
1733,2022-10-31 13:08:38,31438,28.5,390,76,0.0,0.0,0.0,0.18,20.3,24.4,7.86,0.0,59.51,59.28,0.0,0.0
1734,2022-10-31 13:23:41,31869,28.6,477,75,0.0,0.0,0.0,0.18,20.3,24.4,7.86,0.0,59.57,59.34,0.0,0.0
1735,2022-10-31 13:38:44,25579,28.5,430,75,0.0,0.0,0.0,0.18,20.3,24.4,7.86,0.0,59.63,59.4,0.0,0.0
1736,2022-10-31 13:53:47,35381,28.6,568,75,0.0,0.0,0.0,0.18,20.3,24.4,7.86,0.0,59.69,59.45,0.0,0.0
1737,2022-10-31 14:08:50,31766,29.0,601,73,0.0,0.0,0.0,0.18,20.3,24.4,7.86,0.0,59.75,59.51,0.0,0.0
1738,2022-10-31 14:23:53,31241,29.0,644,73,0.0,0.0,0.0,0.18,20.3,24.4,7.86,0.0,59.81,59.58,0.0,0.0
1739,2022-10-31 14:39:00,31178,28.9,694,74,0.0,0.0,0.0,0.18,20.3,24.4,7.86,0.0,59.87,59.64,0.0,0.0
1740,2022-10-31 14:54:03,34168,28.6,663,74,0.0,0.0,0.0,0.18,20.3,24.4,7.86,0.0,59.94,59.7,0.0,0.0
1741,2022-10-31 15:09:05,34448,28.7,730,74,0.0,0.0,0.0,0.18,20.3,24.4,7.86,0.0,60.0,59.77,0.0,0.0
1742,2022-10-31 15:24:08,30409,28.8,750,75,0.0,0.0,0.0,0.18,20.3,24.4,7.86,0.0,60.06,59.83,0.0,0.0
1743,2022-10-31 15:39:11,31040,28.8,715,74,0.0,0.0,0.0,0.18,20.3,24.4,7.86,0.0,60.13,59.89,0.0,0.0
1744,2022-10-31 15:54:14,33239,28.7,739,74,0.0,0.0,0.0,0.18,20.3,24.4,7.86,0.0,60.19,59.96,0.0,0.0
1745,2022-10-31 16:09:17,26570,28.6,516,74,0.0,0.0,0.0,0.18,20.3,24.4,7.86,0.0,60.26,60.02,0.0,0.0
1746,2022-10-31 16:24:20,29638,28.6,267,75,0.0,0.0,0.0,0.18,20.3,24.4,7.86,0.0,60.31,60.07,0.0,0.0
1747,2022-10-31 16:39:23,33143,28.6,619,75,0.0,0.0,0.0,0.18,20.3,24.4,7.86,0.0,60.36,60.12,0.0,0.0
1748,2022-10-31 16:54:24,32399,28.9,819,75,0.0,0.0,0.0,0.18,20.3,24.4,7.86,0.0,60.42,60.18,0.0,0.0
1749,2022-10-31 17:09:26,29416,28.7,801,75,0.0,0.0,0.0,0.18,20.3,24.4,7.86,0.0,60.49,60.25,0.0,0.0
1750,2022-10-31 17:24:29,28197,28.6,647,76,0.0,0.0,0.0,0.18,20.3,24.4,7.86,0.0,60.55,60.31,0.0,0.0
1751,2022-10-31 17:39:31,30425,28.6,711,75,0.0,0.0,0.0,0.18,20.3,24.4,7.86,0.0,60.61,60.37,0.0,0.0
1752,2022-10-31 17:54:34,32861,28.9,688,76,0.0,0.0,0.0,0.18,20.3,24.4,7.86,0.0,60.67,60.43,0.0,0.0
1753,2022-10-31 18:09:37,32231,28.9,623,76,0.0,0.0,0.0,0.18,20.3,24.4,7.86,0.0,60.74,60.49,0.0,0.0
1754,2022-10-31 18:24:40,30789,28.8,617,74,0.0,0.0,0.0,0.18,20.3,24.4,7.86,0.0,60.8,60.55,0.0,0.0
1755,2022-10-31 18:39:43,30559,29.0,577,75,0.0,0.0,0.0,0.18,20.3,24.4,7.86,0.0,60.86,60.61,0.0,0.0
1756,2022-10-31 18:54:46,27880,28.8,535,74,0.0,0.0,0.0,0.18,20.3,24.4,7.86,0.0,60.92,60.67,0.0,0.0
1757,2022-10-31 19:09:49,32932,28.9,490,75,0.0,0.0,0.0,0.18,20.3,24.4,7.86,0.0,60.98,60.73,0.0,0.0
1758,2022-10-31 19:24:56,32829,28.7,354,76,0.0,0.0,0.0,0.18,20.3,24.4,7.86,0.0,61.03,60.79,0.0,0.0
1759,2022-10-31 19:39:58,31336,28.4,393,77,0.0,0.0,0.0,0.18,20.3,24.4,7.86,0.0,61.08,60.84,0.0,0.0
1760,2022-10-31 19:55:01,28908,28.4,374,77,0.0,0.0,0.0,0.18,20.3,24.4,7.86,0.0,61.14,60.89,0.0,0.0
1761,2022-10-31 20:10:04,30295,28.4,300,75,0.0,0.0,0.0,0.18,20.3,24.4,7.86,0.0,61.19,60.95,0.0,0.0
1762,2022-10-31 20:25:07,32990,28.4,255,75,0.0,0.0,0.0,0.18,20.3,24.4,7.86,0.0,61.24,61.0,0.0,0.0
1763,2022-10-31 20:40:10,36144,28.2,198,75,0.0,0.0,0.0,0.18,20.3,24.4,7.86,0.0,61.29,61.04,0.0,0.0
1764,2022-10-31 20:55:13,32345,27.9,146,78,0.0,0.0,0.0,0.18,20.3,24.4,7.86,0.0,61.33,61.09,0.0,0.0
1765,2022-10-31 21:10:16,31564,27.8,91,78,0.0,0.0,0.0,0.18,20.3,24.4,7.86,0.0,61.37,61.13,0.0,0.0
1766,2022-10-31 21:25:17,34232,27.4,48,79,0.0,0.0,0.0,0.18,20.3,24.4,7.86,0.0,61.41,61.16,0.0,0.0
1767,2022-10-31 21:40:20,28263,27.1,16,81,0.0,0.0,0.0,0.18,20.3,24.4,7.86,0.0,61.44,61.2,0.0,0.0
1768,2022-10-31 21:55:27,35492,26.8,4,82,0.0,0.0,0.0,0.18,20.3,24.4,7.86,0.0,61.48,61.23,0.0,0.0
1769,2022-10-31 22:10:24,31935,26.7,0,83,0.0,0.0,0.0,0.18,20.3,24.4,7.86,0.0,61.51,61.26,0.0,0.0
1770,2022-10-31 22:25:27,34741,26.6,0,84,0.0,0.0,0.0,0.18,20.3,24.4,7.86,0.0,61.53,61.28,0.0,0.0
1771,2022-10-31 22:40:30,33243,26.6,0,84,0.0,0.0,0.0,0.18,20.3,24.4,7.86,0.0,61.53,61.28,0.0,0.0
1772,2022-10-31 22:55:33,36584,26.6,0,84,0.0,0.0,0.0,0.18,20.3,24.4,7.86,0.0,61.55,61.3,0.0,0.0
1773,2022-10-31 23:10:36,31438,26.7,0,83,0.0,0.0,0.0,0.18,20.3,24.4,7.86,0.0,61.56,61.31,0.0,0.0
1774,2022-10-31 23:25:39,31364,26.6,0,84,0.0,0.0,0.0,0.18,20.3,24.4,7.86,0.0,58.06,57.84,0.0,0.0
1775,2022-10-31 23:40:46,30373,26.6,0,84,0.0,0.0,0.0,0.18,20.3,24.4,7.86,0.0,58.07,57.85,0.0,0.0
1776,2022-10-31 23:55:48,25266,26.6,0,85,0.0,0.0,0.0,0.18,20.3,18.8,7.86,0.0,58.11,57.89,0.0,0.0
1777,2022-11-01 00:10:51,26545,26.5,0,85,0.0,0.0,0.0,0.18,20.3,16.0,7.86,0.0,58.13,57.91,0.0,0.0
1778,2022-11-01 00:25:54,33176,26.5,0,85,0.0,0.0,0.0,0.18,20.3,16.0,7.86,0.0,58.14,57.91,0.0,0.0
1779,2022-11-01 00:40:57,28151,26.5,0,85,0.0,0.0,0.0,0.18,20.3,16.0,7.86,0.0,58.16,57.94,0.0,0.0
1780,2022-11-01 00:56:00,30001,26.4,0,85,0.0,0.0,0.0,0.18,20.3,16.0,7.86,0.0,58.2,57.98,0.0,0.0
1781,2022-11-01 01:11:03,27890,26.2,0,86,0.0,0.0,0.0,0.18,20.3,16.0,7.86,0.0,58.21,57.99,0.0,0.0
1782,2022-11-01 01:26:05,28113,25.9,0,86,0.0,0.0,0.0,0.18,20.3,16.0,7.86,0.0,58.23,58.01,0.0,0.0
1783,2022-11-01 01:41:07,29924,25.8,1,87,0.0,0.0,0.0,0.18,20.3,16.0,7.86,0.0,58.24,58.02,0.0,0.0
1784,2022-11-01 01:56:09,28128,25.8,1,88,0.0,0.0,0.0,0.18,20.3,16.0,7.86,0.0,58.28,58.06,0.0,0.0
1785,2022-11-01 02:11:12,31611,25.8,0,88,0.0,0.0,0.0,0.18,20.3,16.0,7.86,0.0,58.32,58.1,0.0,0.0
1786,2022-11-01 02:26:14,29221,25.9,0,88,0.0,0.0,0.0,0.18,20.3,16.0,7.86,0.0,58.34,58.12,0.0,0.0
1787,2022-11-01 02:41:17,31642,26.0,0,87,0.0,0.0,0.0,0.18,20.3,16.0,7.86,0.0,58.35,58.12,0.0,0.0
1788,2022-11-01 02:56:20,30512,26.1,0,87,0.0,0.0,0.0,0.18,20.3,16.0,7.86,0.0,58.38,58.16,0.0,0.0
1789,2022-11-01 03:11:23,28098,26.1,0,87,0.0,0.0,0.0,0.18,20.3,16.0,7.86,0.0,58.42,58.2,0.0,0.0
1790,2022-11-01 03:26:26,27600,26.2,1,88,0.0,0.0,0.0,0.18,20.3,16.0,7.86,0.0,58.48,58.26,0.0,0.0
1791,2022-11-01 03:41:29,28941,26.3,0,88,0.0,0.0,0.0,0.18,20.3,16.0,7.86,0.0,61.58,61.33,0.0,0.0
1792,2022-11-01 03:56:36,31493,26.3,0,88,0.0,0.0,0.0,0.18,20.3,16.0,7.86,0.0,61.58,61.34,0.0,0.0
1793,2022-11-01 04:11:38,33062,26.4,0,87,0.0,0.0,0.0,0.18,20.3,16.0,7.86,0.0,61.59,61.34,0.0,0.0
1794,2022-11-01 04:26:41,29110,26.4,0,86,0.0,0.0,0.0,0.18,20.3,16.0,7.86,0.0,61.6,61.35,0.0,0.0
1795,2022-11-01 04:41:44,33284,26.1,0,87,0.0,0.0,0.0,0.18,20.3,16.0,7.86,0.0,61.6,61.36,0.0,0.0
1796,2022-11-01 04:56:47,31749,25.6,0,87,0.0,0.0,0.0,0.18,20.3,16.0,7.86,0.0,61.61,61.36,0.0,0.0
1797,2022-11-01 05:11:50,30387,25.3,0,88,0.0,0.0,0.0,0.18,20.3,16.0,7.86,0.0,61.61,61.36,0.0,0.0
1798,2022-11-01 05:26:53,29131,24.9,0,88,0.0,0.0,0.0,0.18,20.3,16.0,7.86,0.0,61.63,61.39,0.0,0.0
1799,2022-11-01 05:41:55,35828,24.7,0,89,0.0,0.0,0.0,0.18,20.3,16.0,7.86,0.0,61.65,61.41,0.0,0.0
1800,2022-11-01 05:56:57,26556,24.5,0,90,0.0,0.0,0.0,0.18,20.3,16.0,7.86,0.0,61.67,61.43,0.0,0.0
1801,2022-11-01 06:11:59,31285,24.3,0,90,0.0,0.0,0.0,0.18,20.3,16.0,7.86,0.0,61.68,61.43,0.0,0.0
1802,2022-11-01 06:27:02,34694,24.2,1,90,0.0,0.0,0.0,0.18,20.3,16.0,7.86,0.0,61.69,61.44,0.0,0.0
1803,2022-11-01 06:42:04,32604,23.8,0,90,0.0,0.0,0.0,0.18,20.3,16.0,7.86,0.0,61.72,61.47,0.0,0.0
1804,2022-11-01 06:57:07,29846,23.7,1,90,0.0,0.0,0.0,0.18,20.3,16.0,7.86,0.0,61.74,61.49,0.0,0.0
1805,2022-11-01 07:12:10,30238,23.6,1,90,0.0,0.0,0.0,0.18,20.3,16.0,7.86,0.0,61.77,61.52,0.0,0.0
1806,2022-11-01 07:27:13,30198,23.5,1,90,0.0,0.0,0.0,0.18,20.3,16.0,7.86,0.0,61.8,61.55,0.0,0.0
1807,2022-11-01 07:42:16,34469,23.4,0,90,0.0,0.0,0.0,0.18,20.3,16.0,7.86,0.0,61.83,61.58,0.0,0.0
1808,2022-11-01 07:57:19,34661,23.3,0,91,0.0,0.0,0.0,0.18,20.3,16.0,7.86,0.0,61.85,61.6,0.0,0.0
1809,2022-11-01 08:12:26,33633,23.3,1,91,0.0,0.0,0.0,0.18,20.3,16.0,7.86,0.0,61.86,61.62,0.0,0.0
1810,2022-11-01 08:27:28,32582,23.2,0,91,0.0,0.0,0.0,0.18,20.3,16.0,7.86,0.0,61.89,61.65,0.0,0.0
1811,2022-11-01 08:42:31,31946,23.1,0,91,0.0,0.0,0.0,0.18,20.3,16.0,7.86,0.0,61.91,61.66,0.0,0.0
1812,2022-11-01 08:57:34,25199,23.1,1,91,0.0,0.0,0.0,0.18,20.3,16.0,7.86,0.0,61.91,61.66,0.0,0.0
1813,2022-11-01 09:12:37,28010,23.0,1,91,0.0,0.0,0.0,0.18,20.3,16.0,7.86,0.0,61.94,61.69,0.0,0.0
1814,2022-11-01 09:27:40,35329,23.0,0,91,0.0,0.0,0.0,0.18,20.3,16.0,7.86,0.0,61.97,61.72,0.0,0.0
1815,2022-11-01 09:42:43,32291,23.1,1,91,0.0,0.0,0.0,0.18,20.3,16.0,7.86,0.0,61.99,61.74,0.0,0.0
1816,2022-11-01 09:57:45,29387,23.2,1,91,0.0,0.0,0.0,0.18,20.3,16.0,7.86,0.0,62.02,61.77,0.0,0.0
1817,2022-11-01 10:12:47,33243,23.0,0,91,0.0,0.0,0.0,0.18,20.3,16.0,7.86,0.0,62.05,61.8,62.05,0.0
1818,2022-11-01 10:27:49,31998,22.9,0,91,0.0,0.0,0.0,0.18,20.3,16.0,7.86,0.0,62.07,61.82,0.0,0.0
1819,2022-11-01 10:42:52,31955,22.8,3,91,0.0,0.0,0.0,0.18,20.3,16.0,7.86,0.0,62.09,61.84,0.0,0.0
1820,2022-11-01 10:57:54,33193,22.7,11,91,0.0,0.0,0.0,0.18,20.3,16.0,7.86,0.0,62.12,61.87,0.0,0.0
1821,2022-11-01 11:12:57,31532,22.9,32,91,0.0,0.0,0.0,0.18,20.3,16.0,7.86,0.0,62.15,61.9,0.0,0.0
1822,2022-11-01 11:28:00,35056,23.5,68,91,0.0,0.0,0.0,0.18,20.3,16.0,7.86,0.0,62.18,61.93,0.0,0.0
1823,2022-11-01 11:43:03,30458,25.1,130,91,0.0,0.0,0.0,0.18,20.3,16.0,7.86,0.0,62.21,61.97,0.0,0.0
1824,2022-11-01 11:58:06,31608,26.5,189,88,0.0,0.0,0.0,0.18,20.3,16.0,7.86,0.0,62.25,62.01,0.0,0.0
1825,2022-11-01 12:13:09,30799,27.5,233,85,0.0,0.0,0.0,0.18,20.3,16.0,7.86,0.0,62.29,62.05,0.0,0.0
1826,2022-11-01 12:28:16,26174,28.3,268,81,0.0,0.0,0.0,0.18,20.3,16.0,7.86,0.0,62.34,62.09,0.0,0.0
1827,2022-11-01 12:43:18,29600,29.1,315,79,0.0,0.0,0.0,0.18,20.3,16.0,7.86,0.0,62.38,62.14,0.0,0.0
1828,2022-11-01 12:58:21,32607,29.8,374,77,0.0,0.0,0.0,0.18,20.3,16.0,7.86,0.0,62.43,62.19,0.0,0.0
1829,2022-11-01 13:13:24,34625,29.7,133,77,0.0,0.0,0.0,0.18,20.3,16.0,7.86,0.0,62.48,62.24,0.0,0.0
1830,2022-11-01 13:28:27,31246,29.7,448,78,0.0,0.0,0.0,0.18,20.3,16.0,7.86,0.0,62.52,62.27,0.0,0.0
1831,2022-11-01 13:43:30,28911,29.9,552,76,0.0,0.0,0.0,0.18,20.3,16.0,7.86,0.0,62.57,62.33,0.0,0.0
1832,2022-11-01 13:58:33,31236,29.8,273,75,0.0,0.0,0.0,0.18,20.3,16.0,7.86,0.0,62.63,62.38,0.0,0.0
1833,2022-11-01 14:13:36,27772,30.0,639,75,0.0,0.0,0.0,0.18,20.3,16.0,7.86,0.0,62.67,62.42,0.0,0.0
1834,2022-11-01 14:28:37,33828,30.1,457,74,0.0,0.0,0.0,0.18,20.3,16.0,7.86,0.0,62.73,62.48,0.0,0.0
1835,2022-11-01 14:43:40,30951,29.5,647,76,0.0,0.0,0.0,0.18,20.3,16.0,7.86,0.0,62.78,62.53,0.0,0.0
1836,2022-11-01 14:58:42,31698,30.0,741,74,0.0,0.0,0.0,0.18,20.3,16.0,7.86,0.0,62.83,62.59,0.0,0.0
1837,2022-11-01 15:13:45,35515,30.1,759,74,0.0,0.0,0.0,0.18,20.3,16.0,7.86,0.0,62.89,62.64,0.0,0.0
1838,2022-11-01 15:28:47,26797,30.1,597,74,0.0,0.0,0.0,0.18,20.3,16.0,7.86,0.0,62.95,62.7,0.0,0.0
1839,2022-11-01 15:43:50,29345,29.8,737,74,0.0,0.0,0.0,0.18,20.3,16.0,7.86,0.0,63.0,62.75,0.0,0.0
1840,2022-11-01 15:58:53,34071,29.9,745,75,0.0,0.0,0.0,0.18,20.3,16.0,7.86,0.0,63.06,62.81,0.0,0.0
1841,2022-11-01 16:13:56,27603,30.0,750,74,0.0,0.0,0.0,0.18,20.3,16.0,7.86,0.0,63.11,62.87,0.0,0.0
1842,2022-11-01 16:28:59,32690,29.8,760,75,0.0,0.0,0.0,0.18,20.3,16.0,7.86,0.0,63.17,62.92,0.0,0.0
1843,2022-11-01 16:44:02,34560,30.2,633,75,0.0,0.0,0.0,0.18,20.3,16.0,7.86,0.0,63.23,62.98,0.0,0.0
1844,2022-11-01 16:59:05,31419,30.2,735,74,0.0,0.0,0.0,0.18,20.3,16.0,7.86,0.0,63.28,63.04,0.0,0.0
1845,2022-11-01 17:14:12,32472,29.8,722,76,0.0,0.0,0.0,0.18,20.3,16.0,7.86,0.0,63.34,63.09,0.0,0.0
1846,2022-11-01 17:29:14,27406,29.9,694,76,0.0,0.0,0.0,0.18,20.3,16.0,7.86,0.0,63.39,63.15,0.0,0.0
1847,2022-11-01 17:44:17,29218,30.0,712,76,0.0,0.0,0.0,0.18,20.3,16.0,7.86,0.0,63.45,63.2,0.0,0.0
1848,2022-11-01 17:59:20,34890,30.1,531,76,0.0,0.0,0.0,0.18,20.3,16.0,7.86,0.0,63.5,63.26,0.0,0.0
1849,2022-11-01 18:14:23,29700,29.8,530,76,0.0,0.0,0.0,0.18,20.3,16.0,7.86,0.0,63.56,63.31,0.0,0.0
1850,2022-11-01 18:29:26,32045,29.6,617,77,0.0,0.0,0.0,0.18,20.3,16.0,7.86,0.0,63.61,63.36,0.0,0.0
1851,2022-11-01 18:44:29,34716,29.9,567,75,0.0,0.0,0.0,0.18,20.3,16.0,7.86,0.0,63.66,63.42,0.0,0.0
1852,2022-11-01 18:59:32,32457,29.6,487,76,0.0,0.0,0.0,0.18,20.3,16.0,7.86,0.0,63.72,63.47,0.0,0.0
1853,2022-11-01 19:14:33,28332,29.5,469,77,0.0,0.0,0.0,0.18,20.3,16.0,7.86,0.0,63.77,63.52,0.0,0.0
1854,2022-11-01 19:29:36,27700,29.8,365,76,0.0,0.0,0.0,0.18,20.3,16.0,7.86,0.0,63.82,63.57,0.0,0.0
1855,2022-11-01 19:44:38,29250,29.4,380,77,0.0,0.0,0.0,0.18,20.3,16.0,7.86,0.0,63.86,63.62,0.0,0.0
1856,2022-11-01 19:59:40,31024,29.3,320,77,0.0,0.0,0.0,0.18,20.3,16.0,7.86,0.0,63.91,63.67,0.0,0.0
1857,2022-11-01 20:14:43,30994,29.4,267,76,0.0,0.0,0.0,0.18,20.3,16.0,7.86,0.0,63.96,63.71,0.0,0.0
1858,2022-11-01 20:29:46,27506,29.1,215,77,0.0,0.0,0.0,0.18,20.3,16.0,7.86,0.0,64.0,63.75,0.0,0.0
1859,2022-11-01 20:44:49,29371,28.9,164,77,0.0,0.0,0.0,0.18,20.3,16.0,7.86,0.0,64.04,63.79,0.0,0.0
1860,2022-11-01 20:59:52,30878,28.5,99,78,0.0,0.0,0.0,0.18,20.3,16.0,7.86,0.0,64.08,63.83,0.0,0.0
1861,2022-11-01 21:14:55,34013,28.1,74,79,0.0,0.0,0.0,0.18,20.3,16.0,7.86,0.0,64.11,63.86,0.0,0.0
1862,2022-11-01 21:29:58,32486,27.6,31,81,0.0,0.0,0.0,0.18,20.3,16.0,7.86,0.0,64.14,63.9,0.0,0.0
1863,2022-11-01 21:45:05,32273,27.2,9,83,0.0,0.0,0.0,0.18,20.3,16.0,7.86,0.0,64.17,63.92,0.0,0.0
1864,2022-11-01 22:00:10,30984,27.1,2,84,0.0,0.0,0.0,0.18,20.3,16.0,7.86,0.0,64.2,63.95,0.0,0.0
1865,2022-11-01 22:15:10,32818,26.9,0,85,0.0,0.0,0.0,0.18,20.3,16.0,7.86,0.0,64.22,63.98,0.0,0.0
1866,2022-11-01 22:30:13,31012,26.8,0,85,0.0,0.0,0.0,0.18,20.3,16.0,7.86,0.0,64.23,63.98,0.0,0.0
1867,2022-11-01 22:45:16,32033,26.8,0,85,0.0,0.0,0.0,0.18,20.3,16.0,7.86,0.0,64.24,63.99,0.0,0.0
1868,2022-11-01 23:00:19,35862,26.7,0,86,0.0,0.0,0.0,0.18,20.3,16.0,7.86,0.0,64.25,64.0,0.0,0.0
1869,2022-11-01 23:15:22,36203,26.6,0,87,0.0,0.0,0.0,0.18,20.3,16.0,7.86,0.0,64.26,64.01,0.0,0.0
1870,2022-11-01 23:30:24,31838,26.6,0,87,0.0,0.0,0.0,0.18,20.3,16.0,7.86,0.0,64.27,64.03,0.0,0.0
1871,2022-11-01 23:45:25,30214,26.6,0,87,0.0,0.0,0.0,0.18,20.3,16.0,7.86,0.0,64.29,64.04,0.0,0.0
1872,2022-11-02 00:00:28,30258,26.6,0,86,0.0,0.0,0.0,0.18,20.3,21.4,7.86,0.0,64.3,64.06,0.0,0.0
1873,2022-11-02 00:15:31,32588,26.6,1,86,0.0,0.0,0.0,0.18,20.3,21.4,7.86,0.0,64.3,64.06,0.0,0.0
1874,2022-11-02 00:30:33,32408,26.7,1,86,0.0,0.0,0.0,0.18,20.3,21.4,7.86,0.0,64.33,64.09,0.0,0.0
1875,2022-11-02 00:45:36,31883,26.7,0,86,0.0,0.0,0.0,0.18,20.3,21.4,7.86,0.0,64.36,64.11,0.0,0.0
1876,2022-11-02 01:00:39,31589,26.6,1,86,0.0,0.0,0.0,0.18,20.3,21.4,7.86,0.0,64.37,64.12,0.0,0.0
1877,2022-11-02 01:15:42,30620,26.6,1,87,0.0,0.0,0.0,0.18,20.3,21.4,7.86,0.0,64.39,64.15,0.0,0.0
1878,2022-11-02 01:30:45,31984,26.6,1,87,0.0,0.0,0.0,0.18,20.3,21.4,7.86,0.0,64.42,64.18,0.0,0.0
1879,2022-11-02 01:45:48,31619,26.6,0,86,0.0,0.0,0.0,0.18,20.3,21.4,7.86,0.0,64.45,64.2,0.0,0.0
1880,2022-11-02 02:00:55,29001,26.6,0,86,0.0,0.0,0.0,0.18,20.3,21.4,7.86,0.0,64.47,64.22,0.0,0.0
1881,2022-11-02 02:15:57,35860,26.6,0,86,0.0,0.0,0.0,0.18,20.3,21.4,7.86,0.0,64.48,64.23,0.0,0.0
1882,2022-11-02 02:31:00,33390,26.5,1,87,0.0,0.0,0.0,0.18,20.3,21.4,7.86,0.0,64.49,64.24,0.0,0.0
1883,2022-11-02 02:46:03,32842,26.5,0,87,0.0,0.0,0.0,0.18,20.3,21.4,7.86,0.0,64.52,64.27,0.0,0.0
1884,2022-11-02 03:01:06,32821,26.5,0,88,0.0,0.0,0.0,0.18,20.3,21.4,7.86,0.0,64.53,64.28,0.0,0.0
1885,2022-11-02 03:16:09,32382,26.5,0,88,0.0,0.0,0.0,0.18,20.3,21.4,7.86,0.0,64.54,64.29,0.0,0.0
1886,2022-11-02 03:31:12,31014,26.6,0,87,0.0,0.0,0.0,0.18,20.3,21.4,7.86,0.0,64.54,64.29,0.0,0.0
1887,2022-11-02 03:46:14,25840,26.7,0,88,0.0,0.0,0.0,0.18,20.3,21.4,7.86,0.0,64.56,64.31,0.0,0.0
1888,2022-11-02 04:01:15,35346,26.6,0,88,0.0,0.0,0.0,0.18,20.3,21.4,7.86,0.0,64.56,64.31,0.0,0.0
1889,2022-11-02 04:16:18,27715,26.6,0,87,0.0,0.0,0.0,0.18,20.3,21.4,7.86,0.0,64.56,64.32,0.0,0.0
1890,2022-11-02 04:31:21,34585,26.6,0,88,0.0,0.0,0.0,0.18,20.3,21.4,7.86,0.0,64.57,64.32,0.0,0.0
1891,2022-11-02 04:46:23,32053,26.5,0,88,0.0,0.0,0.0,0.18,20.3,21.4,7.86,0.0,64.57,64.32,0.0,0.0
1892,2022-11-02 05:01:26,30746,26.3,0,89,0.0,0.0,0.0,0.18,20.3,21.4,7.86,0.0,64.57,64.33,0.0,0.0
1893,2022-11-02 05:16:29,32019,26.3,0,89,0.0,0.0,0.0,0.18,20.3,21.4,7.86,0.0,64.58,64.33,0.0,0.0
1894,2022-11-02 05:31:32,31774,26.2,0,89,0.0,0.0,0.0,0.18,20.3,21.4,7.86,0.0,64.58,64.33,0.0,0.0
1895,2022-11-02 05:46:35,30179,26.1,1,89,0.0,0.0,0.0,0.18,20.3,21.4,7.86,0.0,64.59,64.34,0.0,0.0
1896,2022-11-02 06:01:38,30665,25.9,1,89,0.0,0.0,0.0,0.18,20.3,21.4,7.86,0.0,64.62,64.37,0.0,0.0
1897,2022-11-02 06:16:45,30325,25.9,0,90,0.0,0.0,0.0,0.18,20.3,21.4,7.86,0.0,64.64,64.4,0.0,0.0
1898,2022-11-02 06:31:47,30879,25.9,0,90,0.0,0.0,0.0,0.18,20.3,21.4,7.86,0.0,64.66,64.41,0.0,0.0
1899,2022-11-02 06:46:50,29888,25.7,0,89,0.0,0.0,0.0,0.18,20.3,21.4,7.86,0.0,64.68,64.43,0.0,0.0
1900,2022-11-02 07:01:53,32219,24.9,0,88,0.0,0.0,0.0,0.18,20.3,21.4,7.86,0.0,64.69,64.44,0.0,0.0
1901,2022-11-02 07:16:56,32349,24.6,0,89,0.0,0.0,0.0,0.18,20.3,21.4,7.86,0.0,64.69,64.45,0.0,0.0
1902,2022-11-02 07:31:59,25970,24.4,0,89,0.0,0.0,0.0,0.18,20.3,21.4,7.86,0.0,64.7,64.46,0.0,0.0
1903,2022-11-02 07:47:02,31221,24.2,0,90,0.0,0.0,0.0,0.18,20.3,21.4,7.86,0.0,64.72,64.47,0.0,0.0
1904,2022-11-02 08:02:04,29060,24.0,0,90,0.0,0.0,0.0,0.18,20.3,21.4,7.86,0.0,64.74,64.49,0.0,0.0
1905,2022-11-02 08:17:05,28980,23.9,0,90,0.0,0.0,0.0,0.18,20.3,21.4,7.86,0.0,64.76,64.51,0.0,0.0
1906,2022-11-02 08:32:08,33864,24.0,0,91,0.0,0.0,0.0,0.18,20.3,21.4,7.86,0.0,64.77,64.52,0.0,0.0
1907,2022-11-02 08:47:11,31732,24.2,0,91,0.0,0.0,0.0,0.18,20.3,21.4,7.86,0.0,64.79,64.54,0.0,0.0
1908,2022-11-02 09:02:13,31686,24.4,0,91,0.0,0.0,0.0,0.18,20.3,21.4,7.86,0.0,64.8,64.55,0.0,0.0
1909,2022-11-02 09:17:16,30293,24.3,0,90,0.0,0.0,0.0,0.18,20.3,21.4,7.86,0.0,64.8,64.55,0.0,0.0
1910,2022-11-02 09:32:19,29158,24.3,0,91,0.0,0.0,0.0,0.18,20.3,21.4,7.86,0.0,64.8,64.56,0.0,0.0
1911,2022-11-02 09:47:22,33464,24.0,0,91,0.0,0.0,0.0,0.18,20.3,21.4,7.86,0.0,64.81,64.57,0.0,0.0
1912,2022-11-02 10:02:25,33484,23.9,0,91,0.0,0.0,0.0,0.18,20.3,21.4,7.86,0.0,64.83,64.58,64.83,0.0
1913,2022-11-02 10:17:28,34982,23.8,0,91,0.0,0.0,0.0,0.18,20.3,21.4,7.86,0.0,64.84,64.59,0.0,0.0
1914,2022-11-02 10:32:35,30311,23.8,1,91,0.0,0.0,0.0,0.18,20.3,21.4,7.86,0.0,64.85,64.6,0.0,0.0
1915,2022-11-02 10:47:37,30803,23.6,4,91,0.0,0.0,0.0,0.18,20.3,21.4,7.86,0.0,64.87,64.62,0.0,0.0
1916,2022-11-02 11:02:40,34844,23.7,12,92,0.0,0.0,0.0,0.18,20.3,21.4,7.86,0.0,64.9,64.65,0.0,0.0
1917,2022-11-02 11:17:43,30477,23.8,37,92,0.0,0.0,0.0,0.18,20.3,21.4,7.86,0.0,64.93,64.68,0.0,0.0
1918,2022-11-02 11:32:46,32900,24.3,87,92,0.0,0.0,0.0,0.18,20.3,21.4,7.86,0.0,64.95,64.71,0.0,0.0
1919,2022-11-02 11:47:49,30729,25.4,163,92,0.0,0.0,0.0,0.18,20.3,21.4,7.86,0.0,64.99,64.74,0.0,0.0
1920,2022-11-02 12:02:52,31620,26.6,204,91,0.0,0.0,0.0,0.18,20.3,21.4,7.86,0.0,65.02,64.77,0.0,0.0
1921,2022-11-02 12:17:54,34274,27.8,229,87,0.0,0.0,0.0,0.18,20.3,21.4,7.86,0.0,65.06,64.81,0.0,0.0
1922,2022-11-02 12:32:56,30861,28.4,211,84,0.0,0.0,0.0,0.18,20.3,21.4,7.86,0.0,65.1,64.85,0.0,0.0
1923,2022-11-02 12:47:58,32226,28.7,348,84,0.0,0.0,0.0,0.18,20.3,21.4,7.86,0.0,65.14,64.89,0.0,0.0
1924,2022-11-02 13:03:01,31963,29.2,431,80,0.0,0.0,0.0,0.18,20.3,21.4,7.86,0.0,65.18,64.93,0.0,0.0
1925,2022-11-02 13:18:03,36529,29.5,461,78,0.0,0.0,0.0,0.18,20.3,21.4,7.86,0.0,65.23,64.98,0.0,0.0
1926,2022-11-02 13:33:06,30462,29.2,385,77,0.0,0.0,0.0,0.18,20.3,21.4,7.86,0.0,65.28,65.03,0.0,0.0
1927,2022-11-02 13:48:09,34944,29.1,526,78,0.0,0.0,0.0,0.18,20.3,21.4,7.86,0.0,65.32,65.07,0.0,0.0
1928,2022-11-02 14:03:12,33042,29.0,573,77,0.0,0.0,0.0,0.18,20.3,21.4,7.86,0.0,65.37,65.12,0.0,0.0
1929,2022-11-02 14:18:15,31317,28.8,612,77,0.0,0.0,0.0,0.18,20.3,21.4,7.86,0.0,65.42,65.17,0.0,0.0
1930,2022-11-02 14:33:18,30219,29.0,633,77,0.0,0.0,0.0,0.18,20.3,21.4,7.86,0.0,65.47,65.22,0.0,0.0
1931,2022-11-02 14:48:25,36958,29.2,669,77,0.0,0.0,0.0,0.18,20.3,21.4,7.86,0.0,65.52,65.27,0.0,0.0
1932,2022-11-02 15:03:28,32624,29.2,691,76,0.0,0.0,0.0,0.18,20.3,21.4,7.86,0.0,65.57,65.32,0.0,0.0
1933,2022-11-02 15:18:30,32820,28.9,707,78,0.0,0.0,0.0,0.18,20.3,21.4,7.86,0.0,65.62,65.37,0.0,0.0
1934,2022-11-02 15:33:33,36118,28.9,734,77,0.0,0.0,0.0,0.18,20.3,21.4,7.86,0.0,65.67,65.42,0.0,0.0
1935,2022-11-02 15:48:36,31142,29.3,778,76,0.0,0.0,0.0,0.18,20.3,21.4,7.86,0.0,65.72,65.47,0.0,0.0
1936,2022-11-02 16:03:39,29469,29.8,690,75,0.0,0.0,0.0,0.18,20.3,21.4,7.86,0.0,65.77,65.52,0.0,0.0
1937,2022-11-02 16:18:42,36918,29.9,692,74,0.0,0.0,0.0,0.18,20.3,21.4,7.86,0.0,65.82,65.57,0.0,0.0
1938,2022-11-02 16:33:45,33029,29.8,737,74,0.0,0.0,0.0,0.18,20.3,21.4,7.86,0.0,65.87,65.62,0.0,0.0
1939,2022-11-02 16:48:48,34108,29.7,739,74,0.0,0.0,0.0,0.18,20.3,21.4,7.86,0.0,65.92,65.67,0.0,0.0
1940,2022-11-02 17:03:49,33149,29.3,750,75,0.0,0.0,0.0,0.18,20.3,21.4,7.86,0.0,65.98,65.72,0.0,0.0
1941,2022-11-02 17:18:51,35919,29.3,773,76,0.0,0.0,0.0,0.18,20.3,21.4,7.86,0.0,66.03,65.77,0.0,0.0
1942,2022-11-02 17:33:54,33110,29.3,684,76,0.0,0.0,0.0,0.18,20.3,21.4,7.86,0.0,66.08,65.82,0.0,0.0
1943,2022-11-02 17:48:56,35392,29.3,734,75,0.0,0.0,0.0,0.18,20.3,21.4,7.86,0.0,66.13,65.87,0.0,0.0
1944,2022-11-02 18:03:59,29835,29.8,725,75,0.0,0.0,0.0,0.18,20.3,21.4,7.86,0.0,66.18,65.92,0.0,0.0
1945,2022-11-02 18:19:02,35421,29.5,197,76,0.0,0.0,0.0,0.18,20.3,21.4,7.86,0.0,66.23,65.97,0.0,0.0
1946,2022-11-02 18:34:05,32244,29.1,243,77,0.0,0.0,0.0,0.18,20.3,21.4,7.86,0.0,66.26,66.01,0.0,0.0
1947,2022-11-02 18:49:08,32410,28.8,589,77,0.0,0.0,0.0,0.18,20.3,21.4,7.86,0.0,66.3,66.04,0.0,0.0
1948,2022-11-02 19:04:11,33332,29.2,563,75,0.0,0.0,0.0,0.18,20.3,21.4,7.86,0.0,66.35,66.09,0.0,0.0
1949,2022-11-02 19:19:14,30939,29.3,338,73,0.0,0.0,0.0,0.18,20.3,21.4,7.86,0.0,66.39,66.14,0.0,0.0
1950,2022-11-02 19:34:21,36141,29.3,414,75,0.0,0.0,0.0,0.18,20.3,21.4,7.86,0.0,66.43,66.18,0.0,0.0
1951,2022-11-02 19:49:23,34690,28.4,49,77,0.0,0.0,0.0,0.18,20.3,21.4,7.86,0.0,66.48,66.22,0.0,0.0
1952,2022-11-02 20:04:26,34108,27.7,57,80,0.0,0.0,0.0,0.18,20.3,21.4,7.86,0.0,66.51,66.25,0.0,0.0
1953,2022-11-02 20:19:29,36748,27.7,89,80,0.0,0.0,0.0,0.18,20.3,21.4,7.86,0.0,66.53,66.28,0.0,0.0
1954,2022-11-02 20:34:32,36433,27.6,64,80,0.0,0.0,0.0,0.18,20.3,21.4,7.86,0.0,66.56,66.31,0.0,0.0
1955,2022-11-02 20:49:35,29882,27.4,60,80,0.0,0.0,0.0,0.18,20.3,21.4,7.86,0.0,66.59,66.33,0.0,0.0
1956,2022-11-02 21:04:38,31176,27.3,50,82,0.0,0.0,0.0,0.18,20.3,21.4,7.86,0.0,66.62,66.36,0.0,0.0
1957,2022-11-02 21:19:41,34276,27.3,55,80,0.0,0.0,0.0,0.18,20.3,21.4,7.86,0.0,66.65,66.39,0.0,0.0
1958,2022-11-02 21:34:42,33343,27.3,30,80,0.0,0.0,0.0,0.18,20.3,21.4,7.86,0.0,66.67,66.42,0.0,0.0
1959,2022-11-02 21:49:44,31234,27.2,7,81,0.0,0.0,0.0,0.18,20.3,21.4,7.86,0.0,66.7,66.44,0.0,0.0
1960,2022-11-02 22:04:47,29228,27.1,1,81,0.0,0.0,0.0,0.18,20.3,21.4,7.86,0.0,66.72,66.47,0.0,0.0
1961,2022-11-02 22:19:49,34692,26.9,0,82,0.0,0.0,0.0,0.18,20.3,21.4,7.86,0.0,66.74,66.48,0.0,0.0
1962,2022-11-02 22:34:52,32686,27.0,0,80,0.0,0.0,0.0,0.18,20.3,21.4,7.86,0.0,66.74,66.48,0.0,0.0
1963,2022-11-02 22:49:55,32184,27.0,0,80,0.0,0.0,0.0,0.18,20.3,21.4,7.86,0.0,66.74,66.49,0.0,0.0
1964,2022-11-02 23:04:58,33996,27.0,0,79,0.0,0.0,0.0,0.18,20.2999,21.4,7.86,0.0,66.75,66.5,0.0,0.0
1965,2022-11-02 23:20:01,31499,27.0,0,80,0.0,0.0,0.0,0.18,20.2981,21.4,7.8601,0.0,66.76,66.5,0.0,0.0
1966,2022-11-02 23:35:04,34353,27.0,0,79,0.0,0.0,0.0,0.1803,20.2651,21.4,7.8618,0.0,66.76,66.5,0.0,0.0
1967,2022-11-02 23:50:11,32893,27.0,0,79,0.0,0.0,0.0,0.1878,19.5169,21.8,7.9015,0.0,66.76,66.5,0.0,0.0
1968,2022-11-03 00:05:13,33913,27.1,0,78,0.0,0.0,0.0,0.197,18.6,22.8,7.95,0.0,66.76,66.51,0.0,0.0
1969,2022-11-03 00:20:16,35923,27.1,0,78,0.0,0.0,0.0,0.197,18.6,22.8,7.95,0.0,66.76,66.51,0.0,0.0
1970,2022-11-03 00:35:19,37304,27.1,0,78,0.0,0.0,0.0,0.197,18.6,22.8,7.95,0.0,66.77,66.51,0.0,0.0
1971,2022-11-03 00:50:22,34529,27.1,0,78,0.0,0.0,0.0,0.197,18.6,22.8,7.95,0.0,66.77,66.51,0.0,0.0
1972,2022-11-03 01:05:25,36710,27.1,0,78,0.0,0.0,0.0,0.197,18.6,22.8,7.95,0.0,66.77,66.51,0.0,0.0
1973,2022-11-03 01:20:28,32209,27.0,0,79,0.0,0.0,0.0,0.197,18.6,22.8,7.95,0.0,66.77,66.52,0.0,0.0
1974,2022-11-03 01:35:30,32425,26.9,0,80,0.0,0.0,0.0,0.197,18.6,22.8,7.95,0.0,66.78,66.52,0.0,0.0
1975,2022-11-03 01:50:32,34161,27.0,0,80,0.0,0.0,0.0,0.197,18.6,22.8,7.95,0.0,66.78,66.52,0.0,0.0
1976,2022-11-03 02:05:34,39961,26.9,0,80,0.0,0.0,0.0,0.197,18.6,22.8,7.95,0.0,66.78,66.52,0.0,0.0
1977,2022-11-03 02:20:37,32505,26.9,0,79,0.0,0.0,0.0,0.197,18.6,22.8,7.95,0.0,66.78,66.53,0.0,0.0
1978,2022-11-03 02:35:39,35625,26.9,0,79,0.0,0.0,0.0,0.197,18.6,22.8,7.95,0.0,66.78,66.53,0.0,0.0
1979,2022-11-03 02:50:42,33676,26.9,0,78,0.0,0.0,0.0,0.197,18.6,22.8,7.95,0.0,66.79,66.53,0.0,0.0
1980,2022-11-03 03:05:45,36641,26.8,0,78,0.0,0.0,0.0,0.197,18.6,22.8,7.95,0.0,66.79,66.53,0.0,0.0
1981,2022-11-03 03:20:48,32461,26.7,0,79,0.0,0.0,0.0,0.197,18.6,22.8,7.95,0.0,66.79,66.53,0.0,0.0
1982,2022-11-03 03:35:51,34931,26.7,0,79,0.0,0.0,0.0,0.197,18.6,22.8,7.95,0.0,66.79,66.54,0.0,0.0
1983,2022-11-03 03:50:54,35293,26.6,0,80,0.0,0.0,0.0,0.197,18.6,22.8,7.95,0.0,66.8,66.54,0.0,0.0
1984,2022-11-03 04:06:01,31840,26.7,0,79,0.0,0.0,0.0,0.197,18.6,22.8,7.95,0.0,66.8,66.55,0.0,0.0
1985,2022-11-03 04:21:03,32319,26.7,0,80,0.0,0.0,0.0,0.197,18.6,22.8,7.95,0.0,66.81,66.56,0.0,0.0
1986,2022-11-03 04:36:06,36772,26.7,0,80,0.0,0.0,0.0,0.197,18.6,22.8,7.95,0.0,66.82,66.56,0.0,0.0
1987,2022-11-03 04:51:09,36161,26.6,0,81,0.0,0.0,0.0,0.197,18.6,22.8,7.95,0.0,66.83,66.57,0.0,0.0
1988,2022-11-03 05:06:12,33357,26.5,0,80,0.0,0.0,0.0,0.197,18.6,22.8,7.95,0.0,66.83,66.57,0.0,0.0
1989,2022-11-03 05:21:15,34470,26.3,0,80,0.0,0.0,0.0,0.197,18.6,22.8,7.95,0.0,66.83,66.57,0.0,0.0
1990,2022-11-03 05:36:18,34772,26.3,1,80,0.0,0.0,0.0,0.197,18.6,22.8,7.95,0.0,66.85,66.59,0.0,0.0
1991,2022-11-03 05:51:20,30838,26.4,1,80,0.0,0.0,0.0,0.197,18.6,22.8,7.95,0.0,66.87,66.61,0.0,0.0
1992,2022-11-03 06:06:22,31973,26.5,0,80,0.0,0.0,0.0,0.197,18.6,22.8,7.95,0.0,66.89,66.64,0.0,0.0
1993,2022-11-03 06:21:24,35737,26.5,0,79,0.0,0.0,0.0,0.197,18.6,22.8,7.95,0.0,66.9,66.64,0.0,0.0
1994,2022-11-03 06:36:27,34585,26.4,0,79,0.0,0.0,0.0,0.197,18.6,22.8,7.95,0.0,66.9,66.64,0.0,0.0
1995,2022-11-03 06:51:29,34177,26.0,0,80,0.0,0.0,0.0,0.197,18.6,22.8,7.95,0.0,66.9,66.64,0.0,0.0
1996,2022-11-03 07:06:32,33663,26.1,0,81,0.0,0.0,0.0,0.197,18.6,22.8,7.95,0.0,66.9,66.65,0.0,0.0
1997,2022-11-03 07:21:35,28756,26.3,0,80,0.0,0.0,0.0,0.197,18.6,22.8,7.95,0.0,66.91,66.66,0.0,0.0
1998,2022-11-03 07:36:38,29658,26.4,0,79,0.0,0.0,0.0,0.197,18.6,22.8,7.95,0.0,66.93,66.67,0.0,0.0
1999,2022-11-03 07:51:41,32472,26.4,0,79,0.0,0.0,0.0,0.197,18.6,22.8,7.95,0.0,66.93,66.67,0.0,0.0
2000,2022-11-03 08:06:44,35445,26.3,0,79,0.0,0.0,0.0,0.197,18.6,22.8,7.95,0.0,66.94,66.68,0.0,0.0
2001,2022-11-03 08:21:51,36402,26.3,0,79,0.0,0.0,0.0,0.197,18.6,22.8,7.95,0.0,66.94,66.69,0.0,0.0
2002,2022-11-03 08:36:53,29926,26.3,0,79,0.0,0.0,0.0,0.197,18.6,22.8,7.95,0.0,66.94,66.69,0.0,0.0
2003,2022-11-03 08:51:56,38880,26.3,0,79,0.0,0.0,0.0,0.197,18.6,22.8,7.95,0.0,66.95,66.69,0.0,0.0
2004,2022-11-03 09:06:59,35160,26.3,0,79,0.0,0.0,0.0,0.197,18.6,22.8,7.95,0.0,66.96,66.7,0.0,0.0
2005,2022-11-03 09:22:02,32450,26.1,0,79,0.0,0.0,0.0,0.197,18.6,22.8,7.95,0.0,66.96,66.7,0.0,0.0
2006,2022-11-03 09:37:05,36244,25.9,0,80,0.0,0.0,0.0,0.197,18.6,22.8,7.95,0.0,66.96,66.7,0.0,0.0
2007,2022-11-03 09:52:08,31370,25.8,0,80,0.0,0.0,0.0,0.197,18.6,22.8,7.95,0.0,66.96,66.71,0.0,0.0
2008,2022-11-03 10:07:10,36741,25.7,1,80,0.0,0.0,0.0,0.197,18.6,22.8,7.95,0.0,66.98,66.72,66.98,66.98
2009,2022-11-03 10:22:12,33839,25.7,1,80,0.0,0.0,0.0,0.197,18.6,22.8,7.95,0.0,67.0,66.75,0.0,0.0
2010,2022-11-03 10:37:14,32550,25.5,2,82,0.0,0.0,0.0,0.197,18.6,22.8,7.95,0.0,67.02,66.77,0.0,0.0
2011,2022-11-03 10:52:17,34297,25.5,6,81,0.0,0.0,0.0,0.197,18.6,22.8,7.95,0.0,67.05,66.79,0.0,0.0
2012,2022-11-03 11:07:22,33402,25.7,24,80,0.0,0.0,0.0,0.197,18.6,22.8,7.95,0.0,67.07,66.82,0.0,0.0
2013,2022-11-03 11:22:22,32210,25.9,50,80,0.0,0.0,0.0,0.197,18.6,22.8,7.95,0.0,67.1,66.84,0.0,0.0
2014,2022-11-03 11:37:25,35656,26.4,97,78,0.0,0.0,0.0,0.197,18.6,22.8,7.95,0.0,67.12,66.87,0.0,0.0
2015,2022-11-03 11:52:28,37480,27.0,133,75,0.0,0.0,0.0,0.197,18.6,22.8,7.95,0.0,67.15,66.9,0.0,0.0
2016,2022-11-03 12:07:31,36790,27.6,185,74,0.0,0.0,0.0,0.197,18.6,22.8,7.95,0.0,67.18,66.93,0.0,0.0
2017,2022-11-03 12:22:34,29985,28.2,259,73,0.0,0.0,0.0,0.197,18.6,22.8,7.95,0.0,67.22,66.96,0.0,0.0
2018,2022-11-03 12:37:41,37712,28.2,256,72,0.0,0.0,0.0,0.197,18.6,22.8,7.95,0.0,67.25,67.0,0.0,0.0
2019,2022-11-03 12:52:43,31420,28.2,325,72,0.0,0.0,0.0,0.197,18.6,22.8,7.95,0.0,67.29,67.03,0.0,0.0
2020,2022-11-03 13:07:46,33577,28.9,349,71,0.0,0.0,0.0,0.197,18.6,22.8,7.95,0.0,67.33,67.07,0.0,0.0
2021,2022-11-03 13:22:49,25741,29.1,420,70,0.0,0.0,0.0,0.197,18.6,22.8,7.95,0.0,67.37,67.11,0.0,0.0
2022,2022-11-03 13:37:52,32360,29.5,622,69,0.0,0.0,0.0,0.197,18.6,22.8,7.95,0.0,67.41,67.15,0.0,0.0
2023,2022-11-03 13:52:55,34530,29.5,496,70,0.0,0.0,0.0,0.197,18.6,22.8,7.95,0.0,67.45,67.2,0.0,0.0
2024,2022-11-03 14:07:58,36776,29.9,698,70,0.0,0.0,0.0,0.197,18.6,22.8,7.95,0.0,67.5,67.24,0.0,0.0
2025,2022-11-03 14:23:01,32271,29.6,646,70,0.0,0.0,0.0,0.197,18.6,22.8,7.95,0.0,67.54,67.29,0.0,0.0
2026,2022-11-03 14:38:03,37372,29.5,487,71,0.0,0.0,0.0,0.197,18.6,22.8,7.95,0.0,67.59,67.33,0.0,0.0
2027,2022-11-03 14:53:05,36114,29.2,512,71,0.0,0.0,0.0,0.197,18.6,22.8,7.95,0.0,67.63,67.37,0.0,0.0
2028,2022-11-03 15:08:07,34992,29.2,682,71,0.0,0.0,0.0,0.197,18.6,22.8,7.95,0.0,67.67,67.42,0.0,0.0
2029,2022-11-03 15:23:10,34770,29.2,611,72,0.0,0.0,0.0,0.197,18.6,22.8,7.95,0.0,67.71,67.46,0.0,0.0
2030,2022-11-03 15:38:12,36704,29.0,687,72,0.0,0.0,0.0,0.197,18.6,22.8,7.95,0.0,67.76,67.5,0.0,0.0
2031,2022-11-03 15:53:15,33444,29.2,859,71,0.0,0.0,0.0,0.197,18.6,22.8,7.95,0.0,67.8,67.55,0.0,0.0
2032,2022-11-03 16:08:18,32811,29.5,651,70,0.0,0.0,0.0,0.197,18.6,22.8,7.95,0.0,67.85,67.59,0.0,0.0
2033,2022-11-03 16:23:21,35663,29.2,300,72,0.0,0.0,0.0,0.197,18.6,22.8,7.95,0.0,67.89,67.64,0.0,0.0
2034,2022-11-03 16:38:24,33520,29.1,855,72,0.0,0.0,0.0,0.197,18.6,22.8,7.95,0.0,67.93,67.68,0.0,0.0
2035,2022-11-03 16:53:27,33938,28.9,813,71,0.0,0.0,0.0,0.197,18.6,22.8,7.95,0.0,67.97,67.72,0.0,0.0
2036,2022-11-03 17:08:34,36489,28.3,285,72,0.0,0.0,0.0,0.197,18.6,22.8,7.95,0.0,68.02,67.77,0.0,0.0
2037,2022-11-03 17:23:37,34412,28.2,488,74,0.0,0.0,0.0,0.197,18.6,22.8,7.95,0.0,68.06,67.8,0.0,0.0
2038,2022-11-03 17:38:39,34108,27.9,633,72,0.0,0.0,0.0,0.197,18.6,22.8,7.95,0.0,68.1,67.85,0.0,0.0
2039,2022-11-03 17:53:42,34450,28.3,667,70,0.0,0.0,0.0,0.197,18.6,22.8,7.95,0.0,68.14,67.89,0.0,0.0
2040,2022-11-03 18:08:45,35901,28.3,632,71,0.0,0.0,0.0,0.197,18.6,22.8,7.95,0.0,68.19,67.93,0.0,0.0
2041,2022-11-03 18:23:48,35938,28.3,602,71,0.0,0.0,0.0,0.197,18.6,22.8,7.95,0.0,68.23,67.98,0.0,0.0
2042,2022-11-03 18:38:51,33510,28.3,570,71,0.0,0.0,0.0,0.197,18.6,22.8,7.95,0.0,68.27,68.02,0.0,0.0
2043,2022-11-03 18:53:54,32364,28.1,550,73,0.0,0.0,0.0,0.197,18.6,22.8,7.95,0.0,68.32,68.07,0.0,0.0
2044,2022-11-03 19:08:56,32820,28.1,513,73,0.0,0.0,0.0,0.197,18.6,22.8,7.95,0.0,68.36,68.11,0.0,0.0
2045,2022-11-03 19:23:58,31104,28.1,467,73,0.0,0.0,0.0,0.197,18.6,22.8,7.95,0.0,68.4,68.15,0.0,0.0
2046,2022-11-03 19:39:00,31543,27.7,374,72,0.0,0.0,0.0,0.197,18.6,22.8,7.95,0.0,68.44,68.19,0.0,0.0
2047,2022-11-03 19:54:03,35949,27.8,321,70,0.0,0.0,0.0,0.197,18.6,22.8,7.95,0.0,68.48,68.23,0.0,0.0
2048,2022-11-03 20:09:05,35200,28.0,288,70,0.0,0.0,0.0,0.197,18.6,22.8,7.95,0.0,68.52,68.27,0.0,0.0
2049,2022-11-03 20:24:08,35735,27.7,245,70,0.0,0.0,0.0,0.197,18.6,22.8,7.95,0.0,68.55,68.3,0.0,0.0
2050,2022-11-03 20:39:11,35484,27.2,149,73,0.0,0.0,0.0,0.197,18.6,22.8,7.95,0.0,68.59,68.34,0.0,0.0
2051,2022-11-03 20:54:14,34236,26.8,113,74,0.0,0.0,0.0,0.197,18.6,22.8,7.95,0.0,68.62,68.37,0.0,0.0
2052,2022-11-03 21:09:17,34444,26.6,93,73,0.0,0.0,0.0,0.197,18.6,22.8,7.95,0.0,68.64,68.39,0.0,0.0
2053,2022-11-03 21:24:20,37234,26.3,51,74,0.0,0.0,0.0,0.197,18.6,22.8,7.95,0.0,68.67,68.42,0.0,0.0
2054,2022-11-03 21:39:27,32010,25.9,18,73,0.0,0.0,0.0,0.197,18.6,22.8,7.95,0.0,68.69,68.44,0.0,0.0
2055,2022-11-03 21:54:29,35223,25.6,4,75,0.0,0.0,0.0,0.197,18.6,22.8,7.95,0.0,68.72,68.47,0.0,0.0
2056,2022-11-03 22:09:32,34169,25.4,0,75,0.0,0.0,0.0,0.197,18.6,22.8,7.95,0.0,68.74,68.49,0.0,0.0
2057,2022-11-03 22:24:35,32077,25.2,0,75,0.0,0.0,0.0,0.197,18.6,22.8,7.95,0.0,68.75,68.5,0.0,0.0
2058,2022-11-03 22:39:38,36488,25.2,0,75,0.0,0.0,0.0,0.197,18.6,22.8,7.95,0.0,68.75,68.5,0.0,0.0
2059,2022-11-03 22:54:41,36163,25.1,0,74,0.0,0.0,0.0,0.197,18.6,22.8,7.95,0.0,68.75,68.5,0.0,0.0
2060,2022-11-03 23:09:44,37251,25.0,0,76,0.0,0.0,0.0,0.197,18.6,22.8,7.95,0.0,68.75,68.5,0.0,0.0
2061,2022-11-03 23:24:46,35966,24.8,0,77,0.0,0.0,0.0,0.197,18.6,22.8,7.95,0.0,68.75,68.5,0.0,0.0
2062,2022-11-03 23:39:48,33578,24.7,0,77,0.0,0.0,0.0,0.197,18.6,22.8,7.95,0.0,68.75,68.5,0.0,0.0
2063,2022-11-03 23:54:50,33465,24.6,0,78,0.0,0.0,0.0,0.197,18.6,22.7,7.95,0.0,68.76,68.51,0.0,0.0
2064,2022-11-04 00:09:53,34143,24.5,0,79,0.0,0.0,0.0,0.197,18.6,22.5,7.95,0.0,68.76,68.51,0.0,0.0
2065,2022-11-04 00:24:55,32530,24.4,0,79,0.0,0.0,0.0,0.197,18.6,22.5,7.95,0.0,68.76,68.51,0.0,0.0
2066,2022-11-04 00:39:58,36366,24.1,0,81,0.0,0.0,0.0,0.197,18.6,22.5,7.95,0.0,68.76,68.51,0.0,0.0
2067,2022-11-04 00:55:01,33703,24.0,0,82,0.0,0.0,0.0,0.197,18.6,22.5,7.95,0.0,68.76,68.51,0.0,0.0
2068,2022-11-04 01:10:04,34446,23.9,0,83,0.0,0.0,0.0,0.197,18.6,22.5,7.95,0.0,68.76,68.51,0.0,0.0
2069,2022-11-04 01:25:07,38037,23.8,0,84,0.0,0.0,0.0,0.197,18.6,22.5,7.95,0.0,68.77,68.52,0.0,0.0
2070,2022-11-04 01:40:10,32178,23.8,0,84,0.0,0.0,0.0,0.197,18.6,22.5,7.95,0.0,68.77,68.52,0.0,0.0
2071,2022-11-04 01:55:17,32293,23.8,0,84,0.0,0.0,0.0,0.197,18.6,22.5,7.95,0.0,68.77,68.52,0.0,0.0
2072,2022-11-04 02:10:19,34516,23.6,0,85,0.0,0.0,0.0,0.197,18.6,22.5,7.95,0.0,68.77,68.52,0.0,0.0
2073,2022-11-04 02:25:22,35974,23.3,0,86,0.0,0.0,0.0,0.197,18.6,22.5,7.95,0.0,68.77,68.52,0.0,0.0
2074,2022-11-04 02:40:25,37005,22.9,0,86,0.0,0.0,0.0,0.197,18.6,22.5,7.95,0.0,68.77,68.52,0.0,0.0
2075,2022-11-04 02:55:28,29282,22.3,0,87,0.0,0.0,0.0,0.197,18.6,22.5,7.95,0.0,68.78,68.53,0.0,0.0
2076,2022-11-04 03:10:31,35061,22.0,0,88,0.0,0.0,0.0,0.197,18.6,22.5,7.95,0.0,68.78,68.53,0.0,0.0
2077,2022-11-04 03:25:34,33303,21.8,0,89,0.0,0.0,0.0,0.197,18.6,22.5,7.95,0.0,68.78,68.53,0.0,0.0
2078,2022-11-04 03:40:36,38811,21.8,0,90,0.0,0.0,0.0,0.197,18.6,22.5,7.95,0.0,68.78,68.53,0.0,0.0
2079,2022-11-04 03:55:38,33037,21.8,0,90,0.0,0.0,0.0,0.197,18.6,22.5,7.95,0.0,68.78,68.53,0.0,0.0
2080,2022-11-04 04:10:40,30700,21.6,0,90,0.0,0.0,0.0,0.197,18.6,22.5,7.95,0.0,68.78,68.54,0.0,0.0
2081,2022-11-04 04:25:43,31754,21.6,0,90,0.0,0.0,0.0,0.197,18.6,22.5,7.95,0.0,68.79,68.54,0.0,0.0
2082,2022-11-04 04:40:45,36550,21.7,0,90,0.0,0.0,0.0,0.197,18.6,22.5,7.95,0.0,68.79,68.54,0.0,0.0
2083,2022-11-04 04:55:48,35090,24.0,0,81,0.0,0.0,0.0,0.197,18.6,22.5,7.95,0.0,68.8,68.55,0.0,0.0
2084,2022-11-04 05:10:51,32224,25.0,1,76,0.0,0.0,0.0,0.197,18.6,22.5,7.95,0.0,68.8,68.55,0.0,0.0
2085,2022-11-04 05:25:54,34557,25.3,1,76,0.0,0.0,0.0,0.197,18.6,22.5,7.95,0.0,68.83,68.58,0.0,0.0
2086,2022-11-04 05:40:57,34060,25.4,0,75,0.0,0.0,0.0,0.197,18.6,22.5,7.95,0.0,68.85,68.6,0.0,0.0
2087,2022-11-04 05:56:00,36875,25.3,1,74,0.0,0.0,0.0,0.197,18.6,22.5,7.95,0.0,68.85,68.61,0.0,0.0
2088,2022-11-04 06:11:07,32706,25.3,0,74,0.0,0.0,0.0,0.197,18.6,22.5,7.95,0.0,68.88,68.63,0.0,0.0
2089,2022-11-04 06:26:09,31545,25.4,0,73,0.0,0.0,0.0,0.197,18.6,22.5,7.95,0.0,68.89,68.64,0.0,0.0
2090,2022-11-04 06:41:12,33755,25.5,1,74,0.0,0.0,0.0,0.197,18.6,22.5,7.95,0.0,68.91,68.66,0.0,0.0
2091,2022-11-04 06:56:15,40919,25.5,0,74,0.0,0.0,0.0,0.197,18.6,22.5,7.95,0.0,68.93,68.68,0.0,0.0
2092,2022-11-04 07:11:18,31267,25.5,0,74,0.0,0.0,0.0,0.197,18.6,22.5,7.95,0.0,68.94,68.69,0.0,0.0
2093,2022-11-04 07:26:21,33550,25.4,0,74,0.0,0.0,0.0,0.197,18.6,22.5,7.95,0.0,68.95,68.7,0.0,0.0
2094,2022-11-04 07:41:24,35559,25.4,0,72,0.0,0.0,0.0,0.197,18.6,22.5,7.95,0.0,68.96,68.71,0.0,0.0
2095,2022-11-04 07:56:26,35638,25.3,0,72,0.0,0.0,0.0,0.197,18.6,22.5,7.95,0.0,68.97,68.72,0.0,0.0
2096,2022-11-04 08:11:27,34065,25.4,0,72,0.0,0.0,0.0,0.197,18.6,22.5,7.95,0.0,68.97,68.72,0.0,0.0
2097,2022-11-04 08:26:30,32311,25.3,0,72,0.0,0.0,0.0,0.197,18.6,22.5,7.95,0.0,68.97,68.73,0.0,0.0
2098,2022-11-04 08:41:33,38137,25.3,0,73,0.0,0.0,0.0,0.197,18.6,22.5,7.95,0.0,68.98,68.73,0.0,0.0
2099,2022-11-04 08:56:35,36375,25.2,0,72,0.0,0.0,0.0,0.197,18.6,22.5,7.95,0.0,68.99,68.74,0.0,0.0
2100,2022-11-04 09:11:38,34921,25.3,0,72,0.0,0.0,0.0,0.197,18.6,22.5,7.95,0.0,69.01,68.76,0.0,0.0
2101,2022-11-04 09:26:41,37459,25.2,0,72,0.0,0.0,0.0,0.197,18.6,22.5,7.95,0.0,69.01,68.76,0.0,0.0
2102,2022-11-04 09:41:44,32765,25.2,0,72,0.0,0.0,0.0,0.197,18.6,22.5,7.95,0.0,69.01,68.76,0.0,0.0
2103,2022-11-04 09:56:47,35243,25.2,0,73,0.0,0.0,0.0,0.197,18.6,22.5,7.95,0.0,69.02,68.78,0.0,0.0
2104,2022-11-04 10:11:50,31686,25.2,0,74,0.0,0.0,0.0,0.197,18.6,22.5,7.95,0.0,69.03,68.78,69.03,0.0
2105,2022-11-04 10:26:57,35667,25.2,1,72,0.0,0.0,0.0,0.197,18.6,22.5,7.95,0.0,69.03,68.79,0.0,0.0
2106,2022-11-04 10:41:59,35500,25.2,2,71,0.0,0.0,0.0,0.197,18.6,22.5,7.95,0.0,69.05,68.81,0.0,0.0
2107,2022-11-04 10:57:02,32066,25.2,9,71,0.0,0.0,0.0,0.197,18.6,22.5,7.95,0.0,69.08,68.83,0.0,0.0
2108,2022-11-04 11:12:05,36528,25.3,25,72,0.0,0.0,0.0,0.197,18.6,22.5,7.95,0.0,69.1,68.85,0.0,0.0
2109,2022-11-04 11:27:08,37760,25.4,34,73,0.0,0.0,0.0,0.197,18.6,22.5,7.95,0.0,69.12,68.87,0.0,0.0
2110,2022-11-04 11:42:11,37326,25.9,166,71,0.0,0.0,0.0,0.197,18.6,22.5,7.95,0.0,69.14,68.89,0.0,0.0
2111,2022-11-04 11:57:14,32485,26.8,234,72,0.0,0.0,0.0,0.197,18.6,22.5,7.95,0.0,69.17,68.92,0.0,0.0
2112,2022-11-04 12:12:17,35765,25.3,176,77,0.0,0.0,0.0,0.197,18.6,22.5,7.95,0.0,69.2,68.96,0.0,0.0
2113,2022-11-04 12:27:18,34407,26.0,279,71,0.0,0.0,0.0,0.197,18.6,22.5,7.95,0.0,69.23,68.98,0.0,0.0
2114,2022-11-04 12:42:20,38906,26.5,297,69,0.0,0.0,0.0,0.197,18.6,22.5,7.95,0.0,69.27,69.02,0.0,0.0
2115,2022-11-04 12:57:23,32193,27.0,381,69,0.0,0.0,0.0,0.197,18.6,22.5,7.95,0.0,69.3,69.05,0.0,0.0
2116,2022-11-04 13:12:25,34976,27.2,429,67,0.0,0.0,0.0,0.197,18.6,22.5,7.95,0.0,69.34,69.09,0.0,0.0
2117,2022-11-04 13:27:28,34496,27.6,482,65,0.0,0.0,0.0,0.197,18.6,22.5,7.95,0.0,69.37,69.13,0.0,0.0
2118,2022-11-04 13:42:31,35956,27.7,572,67,0.0,0.0,0.0,0.197,18.6,22.5,7.95,0.0,69.41,69.17,0.0,0.0
2119,2022-11-04 13:57:34,36044,27.8,449,66,0.0,0.0,0.0,0.197,18.6,22.5,7.95,0.0,69.45,69.21,0.0,0.0
2120,2022-11-04 14:12:37,36815,27.9,606,64,0.0,0.0,0.0,0.197,18.6,22.5,7.95,0.0,69.49,69.25,0.0,0.0
2121,2022-11-04 14:27:40,31545,28.1,640,64,0.0,0.0,0.0,0.197,18.6,22.5,7.95,0.0,69.53,69.29,0.0,0.0
2122,2022-11-04 14:42:47,34930,28.3,662,64,0.0,0.0,0.0,0.197,18.6,22.5,7.95,0.0,69.57,69.33,0.0,0.0
2123,2022-11-04 14:57:50,37065,28.1,541,64,0.0,0.0,0.0,0.197,18.6,22.5,7.95,0.0,69.61,69.37,0.0,0.0
2124,2022-11-04 15:12:52,29577,28.3,580,66,0.0,0.0,0.0,0.197,18.6,22.5,7.95,0.0,69.65,69.41,0.0,0.0
2125,2022-11-04 15:27:55,34444,28.5,782,65,0.0,0.0,0.0,0.197,18.6,22.5,7.95,0.0,69.69,69.45,0.0,0.0
2126,2022-11-04 15:42:58,33832,28.4,746,62,0.0,0.0,0.0,0.197,18.6,22.5,7.95,0.0,69.73,69.49,0.0,0.0
2127,2022-11-04 15:58:01,40200,28.5,780,65,0.0,0.0,0.0,0.197,18.6,22.5,7.95,0.0,69.77,69.53,0.0,0.0
2128,2022-11-04 16:13:04,32859,28.5,560,66,0.0,0.0,0.0,0.197,18.6,22.5,7.95,0.0,69.82,69.57,0.0,0.0
2129,2022-11-04 16:28:07,34953,28.2,594,67,0.0,0.0,0.0,0.197,18.6,22.5,7.95,0.0,69.85,69.61,0.0,0.0
2130,2022-11-04 16:43:10,36591,28.4,596,66,0.0,0.0,0.0,0.197,18.6,22.5,7.95,0.0,69.89,69.65,0.0,0.0
2131,2022-11-04 16:58:11,35165,27.7,551,68,0.0,0.0,0.0,0.197,18.6,22.5,7.95,0.0,69.93,69.68,0.0,0.0
2132,2022-11-04 17:13:13,28917,28.3,720,66,0.0,0.0,0.0,0.197,18.6,22.5,7.95,0.0,69.96,69.72,0.0,0.0
2133,2022-11-04 17:28:16,32877,28.4,622,65,0.0,0.0,0.0,0.197,18.6,22.5,7.95,0.0,70.01,69.76,0.0,0.0
2134,2022-11-04 17:43:18,29776,27.6,415,68,0.0,0.0,0.0,0.197,18.6,22.5,7.95,0.0,70.04,69.8,0.0,0.0
2135,2022-11-04 17:58:21,38728,28.1,695,66,0.0,0.0,0.0,0.197,18.6,22.5,7.95,0.0,70.08,69.84,0.0,0.0
2136,2022-11-04 18:13:24,35061,28.1,579,64,0.0,0.0,0.0,0.197,18.6,22.5,7.95,0.0,70.12,69.88,0.0,0.0
2137,2022-11-04 18:28:27,35421,28.2,608,64,0.0,0.0,0.0,0.197,18.6,22.5,7.95,0.0,70.16,69.92,0.0,0.0
2138,2022-11-04 18:43:30,35098,28.3,488,65,0.0,0.0,0.0,0.197,18.6,22.5,7.95,0.0,70.2,69.96,0.0,0.0
2139,2022-11-04 18:58:33,32921,27.9,536,66,0.0,0.0,0.0,0.197,18.6,22.5,7.95,0.0,70.24,69.99,0.0,0.0
2140,2022-11-04 19:13:40,33689,27.9,363,67,0.0,0.0,0.0,0.197,18.6,22.5,7.95,0.0,70.27,70.03,0.0,0.0
2141,2022-11-04 19:28:43,31860,27.9,416,64,0.0,0.0,0.0,0.197,18.6,22.5,7.95,0.0,70.31,70.06,0.0,0.0
2142,2022-11-04 19:43:45,36414,27.9,391,64,0.0,0.0,0.0,0.197,18.6,22.5,7.95,0.0,70.34,70.1,0.0,0.0
2143,2022-11-04 19:58:48,32636,27.9,331,63,0.0,0.0,0.0,0.197,18.6,22.5,7.95,0.0,70.38,70.14,0.0,0.0
2144,2022-11-04 20:13:51,32189,27.9,278,66,0.0,0.0,0.0,0.197,18.6,22.5,7.95,0.0,70.41,70.17,0.0,0.0
2145,2022-11-04 20:28:54,34180,27.6,225,66,0.0,0.0,0.0,0.197,18.6,22.5,7.95,0.0,70.44,70.2,0.0,0.0
2146,2022-11-04 20:43:57,35800,27.5,175,67,0.0,0.0,0.0,0.197,18.6,22.5,7.95,0.0,70.47,70.23,0.0,0.0
2147,2022-11-04 20:59:00,34574,27.2,141,67,0.0,0.0,0.0,0.197,18.6,22.5,7.95,0.0,70.5,70.26,0.0,0.0
2148,2022-11-04 21:14:07,36963,26.5,31,70,0.0,0.0,0.0,0.197,18.6,22.5,7.95,0.0,70.53,70.28,0.0,0.0
2149,2022-11-04 21:29:04,37551,26.1,23,71,0.0,0.0,0.0,0.197,18.6,22.5,7.95,0.0,70.55,70.3,0.0,0.0
2150,2022-11-04 21:44:06,33448,26.0,17,71,0.0,0.0,0.0,0.197,18.6,22.5,7.95,0.0,70.57,70.33,0.0,0.0
2151,2022-11-04 21:59:08,34916,25.6,1,74,0.0,0.0,0.0,0.197,18.6,22.5,7.95,0.0,70.59,70.35,0.0,0.0
2152,2022-11-04 22:14:11,32401,25.3,1,75,0.0,0.0,0.0,0.197,18.6,22.5,7.95,0.0,70.59,70.35,0.0,0.0
2153,2022-11-04 22:29:14,32070,25.6,1,72,0.0,0.0,0.0,0.197,18.6,22.5,7.95,0.0,70.61,70.37,0.0,0.0
2154,2022-11-04 22:44:17,36539,25.7,0,71,0.0,0.0,0.0,0.197,18.6,22.5,7.95,0.0,70.63,70.39,0.0,0.0
2155,2022-11-04 22:59:20,37823,25.6,0,71,0.0,0.0,0.0,0.197,18.6,22.5,7.95,0.0,70.64,70.4,0.0,0.0
2156,2022-11-04 23:14:23,35439,25.6,0,72,0.0,0.0,0.0,0.197,18.6,22.5,7.95,0.0,70.65,70.41,0.0,0.0
2157,2022-11-04 23:29:26,37340,25.7,0,72,0.0,0.0,0.0,0.197,18.6,22.5,7.95,0.0,70.66,70.42,0.0,0.0
2158,2022-11-04 23:44:33,33788,25.7,0,73,0.0,0.0,0.0,0.197,18.6,22.5,7.95,0.0,70.67,70.43,0.0,0.0
2159,2022-11-04 23:59:35,35330,25.4,0,75,0.07,0.13,0.0,0.197,18.6,21.4,7.95,0.0,70.68,70.44,0.0,0.0
2160,2022-11-05 00:14:38,35485,23.3,0,85,0.8,0.8,0.0,0.197,18.6,20.8,7.95,0.0,70.69,70.45,0.0,0.0
2161,2022-11-05 00:29:41,32661,23.2,2,86,0.8,0.8,0.0,0.197,18.6,20.8,7.95,0.0,70.7,70.46,0.0,0.0
2162,2022-11-05 00:44:44,35630,23.6,4,84,0.8,0.8,0.0,0.197,18.6,20.8,7.95,0.0,70.72,70.48,0.0,0.0
2163,2022-11-05 00:59:47,36586,23.9,4,80,0.73,0.8,0.0,0.197,18.6,20.8,7.95,0.0,70.74,70.5,0.0,0.0
2164,2022-11-05 01:14:49,38575,23.9,2,80,0.0,0.8,0.0,0.197,18.6,20.8,7.95,0.0,70.76,70.52,0.0,0.0
2165,2022-11-05 01:29:52,32619,24.1,2,80,0.0,0.8,0.0,0.197,18.6,20.8,7.95,0.0,70.78,70.54,0.0,0.0
2166,2022-11-05 01:44:53,37228,24.9,1,77,0.0,0.8,0.0,0.197,18.6,20.8,7.95,0.0,70.79,70.55,0.0,0.0
2167,2022-11-05 01:59:56,35518,25.4,1,75,0.0,0.8,0.0,0.197,18.6,20.8,7.95,0.0,70.81,70.57,0.0,0.0
2168,2022-11-05 02:14:58,35291,25.7,0,73,0.0,0.8,0.0,0.197,18.6,20.8,7.95,0.0,70.83,70.59,0.0,0.0
2169,2022-11-05 02:30:01,36411,25.8,0,73,0.0,0.8,0.0,0.197,18.6,20.8,7.95,0.0,70.84,70.6,0.0,0.0
2170,2022-11-05 02:45:04,38522,25.8,0,73,0.0,0.8,0.0,0.197,18.6,20.8,7.95,0.0,70.84,70.6,0.0,0.0
2171,2022-11-05 03:00:07,36057,25.9,0,72,0.0,0.8,0.0,0.197,18.6,20.8,7.95,0.0,70.84,70.6,0.0,0.0
2172,2022-11-05 03:15:10,35276,25.9,0,73,0.0,0.8,0.0,0.197,18.6,20.8,7.95,0.0,70.84,70.6,0.0,0.0
2173,2022-11-05 03:30:13,35618,25.8,0,75,0.0,0.8,0.0,0.197,18.6,20.8,7.95,0.0,70.84,70.6,0.0,0.0
2174,2022-11-05 03:45:16,37280,25.7,0,75,0.0,0.8,0.0,0.197,18.6,20.8,7.95,0.0,70.84,70.61,0.0,0.0
2175,2022-11-05 04:00:23,37174,25.8,0,74,0.0,0.8,0.0,0.197,18.6,20.8,7.95,0.0,70.85,70.61,0.0,0.0
2176,2022-11-05 04:15:25,32471,26.0,0,73,0.0,0.8,0.0,0.197,18.6,20.8,7.95,0.0,70.85,70.61,0.0,0.0
2177,2022-11-05 04:30:28,36856,26.0,0,73,0.0,0.8,0.0,0.197,18.6,20.8,7.95,0.0,70.85,70.61,0.0,0.0
2178,2022-11-05 04:45:31,32091,26.0,0,73,0.0,0.8,0.0,0.197,18.6,20.8,7.95,0.0,70.85,70.62,0.0,0.0
2179,2022-11-05 05:00:34,35233,26.0,0,74,0.0,0.8,0.0,0.197,18.6,20.8,7.95,0.0,70.86,70.62,0.0,0.0
2180,2022-11-05 05:15:37,36546,25.9,0,74,0.0,0.8,0.0,0.197,18.6,20.8,7.95,0.0,70.86,70.62,0.0,0.0
2181,2022-11-05 05:30:40,32969,25.9,0,74,0.0,0.8,0.0,0.197,18.6,20.8,7.95,0.0,70.86,70.62,0.0,0.0
2182,2022-11-05 05:45:42,40076,25.9,0,75,0.0,0.8,0.0,0.197,18.6,20.8,7.95,0.0,70.86,70.62,0.0,0.0
2183,2022-11-05 06:00:43,35493,25.8,0,75,0.0,0.8,0.0,0.197,18.6,20.8,7.95,0.0,70.86,70.62,0.0,0.0
2184,2022-11-05 06:15:46,32776,25.6,0,76,0.0,0.8,0.0,0.197,18.6,20.8,7.95,0.0,70.86,70.62,0.0,0.0
2185,2022-11-05 06:30:48,36215,25.5,0,77,0.0,0.8,0.0,0.197,18.6,20.8,7.95,0.0,70.86,70.62,0.0,0.0
2186,2022-11-05 06:45:51,40945,25.3,0,78,0.0,0.8,0.0,0.197,18.6,20.8,7.95,0.0,70.86,70.62,0.0,0.0
2187,2022-11-05 07:00:54,35635,25.5,0,75,0.0,0.8,0.0,0.197,18.6,20.8,7.95,0.0,70.86,70.63,0.0,0.0
2188,2022-11-05 07:15:57,33208,25.7,0,76,0.0,0.8,0.0,0.197,18.6,20.8,7.95,0.0,70.87,70.63,0.0,0.0
2189,2022-11-05 07:31:00,35022,25.6,0,76,0.0,0.8,0.0,0.197,18.6,20.8,7.95,0.0,70.87,70.63,0.0,0.0
2190,2022-11-05 07:46:03,36607,25.3,0,79,0.0,0.8,0.0,0.197,18.6,20.8,7.95,0.0,70.88,70.64,0.0,0.0
2191,2022-11-05 08:01:06,35764,25.0,0,77,0.0,0.8,0.0,0.197,18.6,20.8,7.95,0.0,70.88,70.64,0.0,0.0
2192,2022-11-05 08:16:13,37552,24.9,0,79,0.0,0.8,0.0,0.197,18.6,20.8,7.95,0.0,70.88,70.64,0.0,0.0
2193,2022-11-05 08:31:15,35161,25.1,0,79,0.0,0.8,0.0,0.197,18.6,20.8,7.95,0.0,70.88,70.64,0.0,0.0
2194,2022-11-05 08:46:18,33278,25.2,0,77,0.0,0.8,0.0,0.197,18.6,20.8,7.95,0.0,70.89,70.65,0.0,0.0
2195,2022-11-05 09:01:21,36292,25.2,0,76,0.0,0.8,0.0,0.197,18.6,20.8,7.95,0.0,70.89,70.65,0.0,0.0
2196,2022-11-05 09:16:24,33665,25.2,0,77,0.0,0.8,0.0,0.197,18.6,20.8,7.95,0.0,70.89,70.65,0.0,0.0
2197,2022-11-05 09:31:27,33674,25.2,0,79,0.0,0.8,0.0,0.197,18.6,20.8,7.95,0.0,70.9,70.66,0.0,0.0
2198,2022-11-05 09:46:29,34783,25.0,0,79,0.0,0.8,0.0,0.197,18.6,20.8,7.95,0.0,70.9,70.66,0.0,0.0
2199,2022-11-05 10:01:32,38336,25.1,0,79,0.0,0.8,0.0,0.197,18.6,20.8,7.95,0.0,70.9,70.66,70.9,0.0
2200,2022-11-05 10:16:33,33793,25.4,0,78,0.0,0.8,0.0,0.197,18.6,20.8,7.95,0.0,70.91,70.67,0.0,0.0
2201,2022-11-05 10:31:36,38596,25.7,0,77,0.0,0.8,0.0,0.197,18.6,20.8,7.95,0.0,70.92,70.68,0.0,0.0
2202,2022-11-05 10:46:38,36052,25.4,2,77,0.0,0.8,0.0,0.197,18.6,20.8,7.95,0.0,70.93,70.7,0.0,0.0
2203,2022-11-05 11:01:41,36444,25.5,8,78,0.0,0.8,0.0,0.197,18.6,20.8,7.95,0.0,70.95,70.71,0.0,0.0
2204,2022-11-05 11:16:44,37254,25.2,64,79,0.0,0.8,0.0,0.197,18.6,20.8,7.95,0.0,70.97,70.73,0.0,0.0
2205,2022-11-05 11:31:47,40348,25.4,55,79,0.0,0.8,0.0,0.197,18.6,20.8,7.95,0.0,70.99,70.76,0.0,0.0
2206,2022-11-05 11:46:50,33121,25.5,56,78,0.0,0.8,0.0,0.197,18.6,20.8,7.95,0.0,71.01,70.78,0.0,0.0
2207,2022-11-05 12:01:56,37955,26.2,132,77,0.0,0.8,0.0,0.197,18.6,20.8,7.95,0.0,71.03,70.8,0.0,0.0
2208,2022-11-05 12:16:56,34323,27.1,280,75,0.0,0.8,0.0,0.197,18.6,20.8,7.95,0.0,71.06,70.82,0.0,0.0
2209,2022-11-05 12:32:03,36026,27.2,285,73,0.0,0.8,0.0,0.197,18.6,20.8,7.95,0.0,71.09,70.85,0.0,0.0
2210,2022-11-05 12:47:05,35257,27.2,336,74,0.0,0.8,0.0,0.197,18.6,20.8,7.95,0.0,71.12,70.88,0.0,0.0
2211,2022-11-05 13:02:08,32364,27.3,427,75,0.0,0.8,0.0,0.197,18.6,20.8,7.95,0.0,71.15,70.92,0.0,0.0
2212,2022-11-05 13:17:11,37842,27.4,247,74,0.0,0.8,0.0,0.197,18.6,20.8,7.95,0.0,71.19,70.95,0.0,0.0
2213,2022-11-05 13:32:14,36765,27.6,470,74,0.0,0.8,0.0,0.197,18.6,20.8,7.95,0.0,71.21,70.98,0.0,0.0
2214,2022-11-05 13:47:17,35698,28.0,534,71,0.0,0.8,0.0,0.197,18.6,20.8,7.95,0.0,71.25,71.01,0.0,0.0
2215,2022-11-05 14:02:20,33465,28.2,550,72,0.0,0.8,0.0,0.197,18.6,20.8,7.95,0.0,71.29,71.05,0.0,0.0
2216,2022-11-05 14:17:22,32945,28.3,571,72,0.0,0.8,0.0,0.197,18.6,20.8,7.95,0.0,71.32,71.09,0.0,0.0
2217,2022-11-05 14:32:24,34869,28.3,636,70,0.0,0.8,0.0,0.197,18.6,20.8,7.95,0.0,71.36,71.12,0.0,0.0
2218,2022-11-05 14:47:26,39043,28.2,658,71,0.0,0.8,0.0,0.197,18.6,20.8,7.95,0.0,71.4,71.16,0.0,0.0
2219,2022-11-05 15:02:29,32284,28.4,660,71,0.0,0.8,0.0,0.197,18.6,20.8,7.95,0.0,71.43,71.2,0.0,0.0
2220,2022-11-05 15:17:31,32477,28.3,725,71,0.0,0.8,0.0,0.197,18.6,20.8,7.95,0.0,71.47,71.24,0.0,0.0
2221,2022-11-05 15:32:34,39180,28.7,865,71,0.0,0.8,0.0,0.197,18.6,20.8,7.95,0.0,71.51,71.27,0.0,0.0
2222,2022-11-05 15:47:37,38479,28.9,905,71,0.0,0.8,0.0,0.197,18.6,20.8,7.95,0.0,71.55,71.31,0.0,0.0
2223,2022-11-05 16:02:40,37264,28.2,462,72,0.0,0.8,0.0,0.197,18.6,20.8,7.95,0.0,71.58,71.35,0.0,0.0
2224,2022-11-05 16:17:43,35289,28.3,760,72,0.0,0.8,0.0,0.197,18.6,20.8,7.95,0.0,71.62,71.38,0.0,0.0
2225,2022-11-05 16:32:46,33336,28.6,747,71,0.0,0.8,0.0,0.197,18.6,20.8,7.95,0.0,71.65,71.42,0.0,0.0
2226,2022-11-05 16:47:53,36253,28.5,753,71,0.0,0.8,0.0,0.197,18.6,20.8,7.95,0.0,71.69,71.46,0.0,0.0
2227,2022-11-05 17:02:56,35143,28.7,619,70,0.0,0.8,0.0,0.197,18.6,20.8,7.95,0.0,71.73,71.49,0.0,0.0
2228,2022-11-05 17:17:58,36672,28.7,654,71,0.0,0.8,0.0,0.197,18.6,20.8,7.95,0.0,71.76,71.53,0.0,0.0
2229,2022-11-05 17:33:01,36367,28.7,606,72,0.0,0.8,0.0,0.197,18.6,20.8,7.95,0.0,71.8,71.57,0.0,0.0
2230,2022-11-05 17:48:04,31562,28.1,315,72,0.0,0.8,0.0,0.197,18.6,20.8,7.95,0.0,71.83,71.6,0.0,0.0
2231,2022-11-05 18:03:07,33512,28.2,633,71,0.0,0.8,0.0,0.197,18.6,20.8,7.95,0.0,71.86,71.63,0.0,0.0
2232,2022-11-05 18:18:10,37718,28.5,629,71,0.0,0.8,0.0,0.197,18.6,20.8,7.95,0.0,71.9,71.67,0.0,0.0
2233,2022-11-05 18:33:13,38108,28.4,439,71,0.0,0.8,0.0,0.197,18.6,20.8,7.95,0.0,71.93,71.7,0.0,0.0
2234,2022-11-05 18:48:16,35276,28.5,606,71,0.0,0.8,0.0,0.197,18.6,20.8,7.95,0.0,71.97,71.73,0.0,0.0
2235,2022-11-05 19:03:17,35945,27.5,314,76,0.0,0.8,0.0,0.197,18.6,20.8,7.95,0.0,72.0,71.77,0.0,0.0
2236,2022-11-05 19:18:19,35920,27.6,466,75,0.0,0.8,0.0,0.197,18.6,20.8,7.95,0.0,72.03,71.8,0.0,0.0
2237,2022-11-05 19:33:22,34164,27.8,407,74,0.0,0.8,0.0,0.197,18.6,20.8,7.95,0.0,72.06,71.83,0.0,0.0
2238,2022-11-05 19:48:24,34995,28.0,358,74,0.0,0.8,0.0,0.197,18.6,20.8,7.95,0.0,72.09,71.86,0.0,0.0
2239,2022-11-05 20:03:27,34230,28.0,296,73,0.0,0.8,0.0,0.197,18.6,20.8,7.95,0.0,72.13,71.89,0.0,0.0
2240,2022-11-05 20:18:30,34138,26.9,64,75,0.0,0.8,0.0,0.197,18.6,20.8,7.95,0.0,72.15,71.92,0.0,0.0
2241,2022-11-05 20:33:33,38976,26.6,147,76,0.0,0.8,0.0,0.197,18.6,20.8,7.95,0.0,72.17,71.94,0.0,0.0
2242,2022-11-05 20:48:36,38258,27.2,150,75,0.0,0.8,0.0,0.197,18.6,20.8,7.95,0.0,72.2,71.97,0.0,0.0
2243,2022-11-05 21:03:39,35230,27.2,105,74,0.0,0.8,0.0,0.197,18.6,20.8,7.95,0.0,72.22,71.99,0.0,0.0
2244,2022-11-05 21:18:46,37547,27.1,63,75,0.0,0.8,0.0,0.197,18.6,20.8,7.95,0.0,72.24,72.01,0.0,0.0
2245,2022-11-05 21:33:48,33462,26.9,26,74,0.0,0.8,0.0,0.197,18.6,20.8,7.95,0.0,72.26,72.03,0.0,0.0
2246,2022-11-05 21:48:51,38912,26.7,6,75,0.0,0.8,0.0,0.197,18.6,20.8,7.95,0.0,72.28,72.05,0.0,0.0
2247,2022-11-05 22:03:54,34316,26.5,1,78,0.0,0.8,0.0,0.197,18.6,20.8,7.95,0.0,72.3,72.07,0.0,0.0
2248,2022-11-05 22:18:57,33271,26.3,0,80,0.0,0.8,0.0,0.197,18.6,20.8,7.95,0.0,72.32,72.09,0.0,0.0
2249,2022-11-05 22:34:00,36035,26.1,0,80,0.0,0.8,0.0,0.197,18.6,20.8,7.95,0.0,72.32,72.09,0.0,0.0
2250,2022-11-05 22:49:03,37143,25.9,0,81,0.0,0.8,0.0,0.197,18.6,20.8,7.95,0.0,72.32,72.09,0.0,0.0
2251,2022-11-05 23:04:05,38654,25.7,0,80,0.0,0.8,0.0,0.197,18.6,20.8,7.95,0.0,72.32,72.09,0.0,0.0
2252,2022-11-05 23:19:07,34949,25.7,0,81,0.0,0.8,0.0,0.197,18.6,20.8,7.95,0.0,72.32,72.09,0.0,0.0
2253,2022-11-05 23:34:09,32812,25.7,0,81,0.0,0.8,0.0,0.197,18.6,20.8,7.95,0.0,72.32,72.1,0.0,0.0
2254,2022-11-05 23:49:12,38582,25.8,0,81,0.0,0.8,0.0,0.197,18.6,20.8,7.95,0.0,72.32,72.1,0.0,0.0
2255,2022-11-06 00:04:14,44817,26.0,0,80,0.0,0.0,0.0,0.197,18.6,26.8,7.95,0.0,72.33,72.1,0.0,0.0
2256,2022-11-06 00:19:17,36454,25.9,0,82,0.0,0.0,0.0,0.197,18.6,26.8,7.95,0.0,72.33,72.1,0.0,0.0
2257,2022-11-06 00:34:20,40143,25.9,0,80,0.0,0.0,0.0,0.197,18.6,26.8,7.95,0.0,72.33,72.1,0.0,0.0
2258,2022-11-06 00:49:23,40440,26.4,0,76,0.0,0.0,0.0,0.197,18.6,26.8,7.95,0.0,72.34,72.11,0.0,0.0
2259,2022-11-06 01:04:26,34109,26.5,0,77,0.0,0.0,0.0,0.197,18.6,26.8,7.95,0.0,72.35,72.12,0.0,0.0
2260,2022-11-06 01:19:29,39955,26.4,0,78,0.0,0.0,0.0,0.197,18.6,26.8,7.95,0.0,72.36,72.13,0.0,0.0
2261,2022-11-06 01:34:36,33513,26.4,0,78,0.0,0.0,0.0,0.197,18.6,26.8,7.95,0.0,72.36,72.13,0.0,0.0
2262,2022-11-06 01:49:38,38152,26.5,0,76,0.0,0.0,0.0,0.197,18.6,26.8,7.95,0.0,72.36,72.13,0.0,0.0
2263,2022-11-06 02:04:41,34832,26.5,0,78,0.0,0.0,0.0,0.197,18.6,26.8,7.95,0.0,72.36,72.13,0.0,0.0
2264,2022-11-06 02:19:44,35518,26.5,0,79,0.0,0.0,0.0,0.197,18.6,26.8,7.95,0.0,72.36,72.13,0.0,0.0
2265,2022-11-06 02:34:47,33779,26.6,0,78,0.0,0.0,0.0,0.197,18.6,26.8,7.95,0.0,72.36,72.13,0.0,0.0
2266,2022-11-06 02:49:50,37140,26.6,0,78,0.0,0.0,0.0,0.197,18.6,26.8,7.95,0.0,72.36,72.13,0.0,0.0
2267,2022-11-06 03:04:53,36600,24.8,1,85,1.53,1.53,0.0,0.197,18.6,26.8,7.95,0.0,72.37,72.14,0.0,0.0
2268,2022-11-06 03:19:55,38304,25.3,5,83,1.6,1.6,0.0,0.197,18.6,26.8,7.95,0.0,72.38,72.15,0.0,0.0
2269,2022-11-06 03:34:56,39123,25.4,3,84,1.6,1.6,0.0,0.197,18.6,26.8,7.95,0.0,72.4,72.17,0.0,0.0
2270,2022-11-06 03:49:59,34574,25.2,2,85,1.6,1.6,0.0,0.197,18.6,26.8,7.95,0.0,72.42,72.19,0.0,0.0
2271,2022-11-06 04:05:02,40738,25.0,1,85,0.07,1.67,0.0,0.197,18.6,26.8,7.95,0.0,72.43,72.21,0.0,0.0
2272,2022-11-06 04:20:04,40547,23.8,0,87,0.4,2.0,0.0,0.197,18.6,26.8,7.95,0.0,72.45,72.22,0.0,0.0
2273,2022-11-06 04:35:07,36652,23.8,1,88,0.4,2.0,0.0,0.197,18.6,26.8,7.95,0.0,72.45,72.22,0.0,0.0
2274,2022-11-06 04:50:10,33360,23.6,0,90,3.67,5.8,0.0,0.197,18.6,26.8,7.95,0.0,72.49,72.26,0.0,0.0
2275,2022-11-06 05:05:13,36154,23.2,0,91,11.67,13.33,0.0,0.197,18.6,26.8,7.95,0.0,72.5,72.28,0.0,0.0
2276,2022-11-06 05:20:16,35389,23.1,0,90,12.6,14.6,0.0,0.197,18.6,26.8,7.95,0.0,72.45,72.22,0.0,0.0
2277,2022-11-06 05:35:19,37664,23.8,2,89,12.6,14.6,0.0,0.197,18.6,26.8,7.95,0.0,72.46,72.23,0.0,0.0
2278,2022-11-06 05:50:26,37225,24.2,2,88,8.67,14.6,0.0,0.197,18.6,26.8,7.95,0.0,72.49,72.26,0.0,0.0
2279,2022-11-06 06:05:28,34772,24.6,2,86,1.27,14.6,0.0,0.197,18.6,26.8,7.95,0.0,72.5,72.28,0.0,0.0
2280,2022-11-06 06:20:31,33638,25.1,2,84,0.13,14.73,0.0,0.197,18.6,26.8,7.95,0.0,72.53,72.3,0.0,0.0
2281,2022-11-06 06:35:34,34553,25.2,1,83,0.2,14.8,0.0,0.197,18.6,26.8,7.95,0.0,72.54,72.32,0.0,0.0
2282,2022-11-06 06:50:37,35918,25.4,0,82,0.2,14.8,0.0,0.197,18.6,26.8,7.95,0.0,72.56,72.33,0.0,0.0
2283,2022-11-06 07:05:40,34607,25.4,0,81,0.2,14.8,0.0,0.197,18.6,26.8,7.95,0.0,72.57,72.34,0.0,0.0
2284,2022-11-06 07:20:43,35866,25.6,0,80,0.07,14.8,0.0,0.197,18.6,26.8,7.95,0.0,72.57,72.35,0.0,0.0
2285,2022-11-06 07:35:45,35315,25.7,0,80,0.0,14.8,0.0,0.197,18.6,26.8,7.95,0.0,72.58,72.35,0.0,0.0
2286,2022-11-06 07:50:47,37392,25.7,0,79,0.0,14.8,0.0,0.197,18.6,26.8,7.95,0.0,72.58,72.35,0.0,0.0
2287,2022-11-06 08:05:49,35656,25.8,0,80,0.0,14.8,0.0,0.197,18.6,26.8,7.95,0.0,72.58,72.35,0.0,0.0
2288,2022-11-06 08:20:52,36442,25.8,0,79,0.0,14.8,0.0,0.197,18.6,26.8,7.95,0.0,72.58,72.35,0.0,0.0
2289,2022-11-06 08:35:54,35763,25.9,0,78,0.0,14.8,0.0,0.197,18.6,26.8,7.95,0.0,72.58,72.35,0.0,0.0
2290,2022-11-06 08:50:57,35758,25.8,0,79,0.0,14.8,0.0,0.197,18.6,26.8,7.95,0.0,72.58,72.35,0.0,0.0
2291,2022-11-06 09:06:00,40711,25.8,0,80,0.0,14.8,0.0,0.197,18.6,26.8,7.95,0.0,72.58,72.35,0.0,0.0
2292,2022-11-06 09:21:03,36621,25.9,0,79,0.0,14.8,0.0,0.197,18.6,26.8,7.95,0.0,72.58,72.36,0.0,0.0
2293,2022-11-06 09:36:06,34839,25.9,0,78,0.0,14.8,0.0,0.197,18.6,26.8,7.95,0.0,72.58,72.36,0.0,0.0
2294,2022-11-06 09:51:09,37262,25.9,0,79,0.0,14.8,0.0,0.197,18.6,26.8,7.95,0.0,72.58,72.36,0.0,0.0
2295,2022-11-06 10:06:16,35969,25.9,0,78,0.0,14.8,0.0,0.197,18.6,26.8,7.95,0.0,72.58,72.36,72.58,72.58
2296,2022-11-06 10:21:18,37542,25.9,0,79,0.0,14.8,0.0,0.197,18.6,26.8,7.95,0.0,72.58,72.36,0.0,0.0
2297,2022-11-06 10:36:21,32407,25.8,0,80,0.0,14.8,0.0,0.197,18.6,26.8,7.95,0.0,72.59,72.36,0.0,0.0
2298,2022-11-06 10:51:24,33626,25.8,5,80,0.0,14.8,0.0,0.197,18.6,26.8,7.95,0.0,72.59,72.36,0.0,0.0
2299,2022-11-06 11:06:27,36956,25.9,17,80,0.0,14.8,0.0,0.197,18.6,26.8,7.95,0.0,72.61,72.38,0.0,0.0
2300,2022-11-06 11:21:30,38367,26.0,50,80,0.0,14.8,0.0,0.197,18.6,26.8,7.95,0.0,72.63,72.4,0.0,0.0
2301,2022-11-06 11:36:33,34588,26.6,94,78,0.0,14.8,0.0,0.197,18.6,26.8,7.95,0.0,72.64,72.42,0.0,0.0
2302,2022-11-06 11:51:36,33502,27.0,133,77,0.0,14.8,0.0,0.197,18.6,26.8,7.95,0.0,72.67,72.44,0.0,0.0
2303,2022-11-06 12:06:37,31601,27.2,182,76,0.0,14.8,0.0,0.197,18.6,26.8,7.95,0.0,72.69,72.46,0.0,0.0
2304,2022-11-06 12:21:39,34974,27.9,265,75,0.0,14.8,0.0,0.197,18.6,26.8,7.95,0.0,72.71,72.49,0.0,0.0
2305,2022-11-06 12:36:42,40211,28.0,295,74,0.0,14.8,0.0,0.197,18.6,26.8,7.95,0.0,72.74,72.51,0.0,0.0
2306,2022-11-06 12:51:44,40328,28.1,303,73,0.0,14.8,0.0,0.197,18.6,26.8,7.95,0.0,72.77,72.54,0.0,0.0
2307,2022-11-06 13:06:47,34048,28.1,393,74,0.0,14.8,0.0,0.197,18.6,26.8,7.95,0.0,72.79,72.57,0.0,0.0
2308,2022-11-06 13:21:50,39733,28.3,439,73,0.0,14.8,0.0,0.197,18.6,26.8,7.95,0.0,72.82,72.6,0.0,0.0
2309,2022-11-06 13:36:53,37351,28.4,303,73,0.0,14.8,0.0,0.197,18.6,26.8,7.95,0.0,72.86,72.63,0.0,0.0
2310,2022-11-06 13:51:56,33520,28.1,298,75,0.0,14.8,0.0,0.197,18.6,26.8,7.95,0.0,72.88,72.66,0.0,0.0
2311,2022-11-06 14:06:59,37107,28.2,586,75,0.0,14.8,0.0,0.197,18.6,26.8,7.95,0.0,72.91,72.68,0.0,0.0
2312,2022-11-06 14:22:06,38556,28.3,564,73,0.0,14.8,0.0,0.197,18.6,26.8,7.95,0.0,72.94,72.72,0.0,0.0
2313,2022-11-06 14:37:09,33300,28.4,627,74,0.0,14.8,0.0,0.197,18.6,26.8,7.95,0.0,72.98,72.75,0.0,0.0
2314,2022-11-06 14:52:11,40436,28.8,651,74,0.0,14.8,0.0,0.197,18.6,26.8,7.95,0.0,73.01,72.78,0.0,0.0
2315,2022-11-06 15:07:14,35088,28.8,701,73,0.0,14.8,0.0,0.197,18.6,26.8,7.95,0.0,73.04,72.82,0.0,0.0
2316,2022-11-06 15:22:17,36111,28.2,369,74,0.0,14.8,0.0,0.197,18.6,26.8,7.95,0.0,73.08,72.85,0.0,0.0
2317,2022-11-06 15:37:20,29624,25.6,823,85,2.6,17.4,0.0,0.197,18.6,26.8,7.95,0.0,73.1,72.88,0.0,0.0
2318,2022-11-06 15:52:23,37492,26.8,678,81,2.6,17.4,0.0,0.197,18.6,26.8,7.95,0.0,73.14,72.91,0.0,0.0
2319,2022-11-06 16:07:26,37221,26.3,271,82,2.73,17.53,0.0,0.197,18.6,26.8,7.95,0.0,73.17,72.95,0.0,0.0
2320,2022-11-06 16:22:29,36006,26.4,800,81,2.8,17.6,0.0,0.197,18.6,26.8,7.95,0.0,73.2,72.97,0.0,0.0
2321,2022-11-06 16:37:30,34476,26.8,827,80,0.2,17.6,0.0,0.197,18.6,26.8,7.95,0.0,73.23,73.01,0.0,0.0
2322,2022-11-06 16:52:32,36713,27.2,776,78,0.2,17.6,0.0,0.197,18.6,26.8,7.95,0.0,73.27,73.04,0.0,0.0
2323,2022-11-06 17:07:35,38217,26.6,216,81,0.07,17.6,0.0,0.197,18.6,26.8,7.95,0.0,73.3,73.08,0.0,0.0
2324,2022-11-06 17:22:37,36404,24.9,190,87,0.8,18.4,0.0,0.197,18.6,26.8,7.95,0.0,73.32,73.1,0.0,0.0
2325,2022-11-06 17:37:40,35852,25.4,646,86,0.8,18.4,0.0,0.197,18.6,26.8,7.95,0.0,73.35,73.12,0.0,0.0
2326,2022-11-06 17:52:43,37856,26.6,651,81,0.8,18.4,0.0,0.197,18.6,26.8,7.95,0.0,73.38,73.16,0.0,0.0
2327,2022-11-06 18:07:46,36169,26.5,423,81,0.8,18.4,0.0,0.197,18.6,26.8,7.95,0.0,73.41,73.19,0.0,0.0
2328,2022-11-06 18:22:49,36700,26.9,711,80,0.0,18.4,0.0,0.197,18.6,26.8,7.95,0.0,73.44,73.22,0.0,0.0
2329,2022-11-06 18:37:52,32023,26.7,292,80,0.07,18.47,0.0,0.197,18.6,26.8,7.95,0.0,73.47,73.25,0.0,0.0
2330,2022-11-06 18:52:59,35521,25.2,88,87,1.4,19.8,0.0,0.197,18.6,26.8,7.95,0.0,73.5,73.28,0.0,0.0
2331,2022-11-06 19:08:01,37301,25.9,465,84,1.4,19.8,0.0,0.197,18.6,26.8,7.95,0.0,73.52,73.3,0.0,0.0
2332,2022-11-06 19:23:04,32535,26.8,400,79,1.4,19.8,0.0,0.197,18.6,26.8,7.95,0.0,73.55,73.33,0.0,0.0
2333,2022-11-06 19:38:07,36129,27.1,207,78,1.33,19.8,0.0,0.197,18.6,26.8,7.95,0.0,73.58,73.36,0.0,0.0
2334,2022-11-06 19:53:10,35403,27.0,234,77,0.0,19.8,0.0,0.197,18.6,26.8,7.95,0.0,73.6,73.38,0.0,0.0
2335,2022-11-06 20:08:13,37017,27.3,274,76,0.0,19.8,0.0,0.197,18.6,26.8,7.95,0.0,73.62,73.4,0.0,0.0
2336,2022-11-06 20:28:17,39039,27.4,208,75,0.0,19.8,0.0,0.197,18.6,26.8,7.95,0.0,73.65,73.43,0.0,0.0
2337,2022-11-06 20:43:20,36578,27.3,162,74,0.0,19.8,0.0,0.197,18.6,26.8,7.95,0.0,73.67,73.45,0.0,0.0
2338,2022-11-06 20:58:21,38532,27.0,80,75,0.0,19.8,0.0,0.197,18.6,26.8,7.95,0.0,73.69,73.47,0.0,0.0
2339,2022-11-06 21:13:26,36680,26.8,53,75,0.0,19.8,0.0,0.197,18.6,26.8,7.95,0.0,73.71,73.49,0.0,0.0
2340,2022-11-06 21:28:26,34788,26.7,33,76,0.0,19.8,0.0,0.197,18.6,26.8,7.95,0.0,73.73,73.51,0.0,0.0
2341,2022-11-06 21:43:28,38885,26.4,10,77,0.0,19.8,0.0,0.197,18.6,26.8,7.95,0.0,73.75,73.53,0.0,0.0
2342,2022-11-06 21:58:31,35005,26.4,2,76,0.0,19.8,0.0,0.197,18.6,26.8,7.95,0.0,73.76,73.54,0.0,0.0
2343,2022-11-06 22:13:34,35273,26.4,0,76,0.0,19.8,0.0,0.197,18.6,26.8,7.95,0.0,73.78,73.56,0.0,0.0
2344,2022-11-06 22:28:37,36246,26.4,0,77,0.0,19.8,0.0,0.197,18.6,26.8,7.95,0.0,73.78,73.56,0.0,0.0
2345,2022-11-06 22:43:40,37810,26.4,0,76,0.0,19.8,0.0,0.197,18.6,26.8,7.95,0.0,73.78,73.56,0.0,0.0
2346,2022-11-06 22:58:43,38807,26.4,0,74,0.0,19.8,0.0,0.197,18.6,26.8,7.95,0.0,73.78,73.56,0.0,0.0
2347,2022-11-06 23:13:50,33455,26.4,0,73,0.0,19.8,0.0,0.197,18.6,26.8,7.95,0.0,73.78,73.56,0.0,0.0
2348,2022-11-06 23:28:52,39423,26.3,0,74,0.0,19.8,0.0,0.197,18.6,26.8,7.95,0.0,73.78,73.56,0.0,0.0
2349,2022-11-06 23:43:55,34532,26.3,0,74,0.0,19.8,0.0,0.197,18.6,26.8,7.95,0.0,73.79,73.57,0.0,0.0
2350,2022-11-06 23:58:58,37667,26.4,0,71,0.0,6.6,0.0,0.197,18.6,24.6,7.95,0.0,73.79,73.57,0.0,0.0
2351,2022-11-07 00:14:01,41012,26.4,0,71,0.0,0.0,0.0,0.197,18.6,23.6,7.95,0.0,73.79,73.57,0.0,0.0
2352,2022-11-07 00:29:04,36226,26.4,0,73,0.0,0.0,0.0,0.197,18.6,23.6,7.95,0.0,73.79,73.57,0.0,0.0
2353,2022-11-07 00:44:07,30792,26.3,0,73,0.0,0.0,0.0,0.197,18.6,23.6,7.95,0.0,73.79,73.57,0.0,0.0
2354,2022-11-07 00:59:09,39488,26.2,0,73,0.0,0.0,0.0,0.197,18.6,23.6,7.95,0.0,73.79,73.57,0.0,0.0
2355,2022-11-07 01:14:10,35797,26.2,0,72,0.0,0.0,0.0,0.197,18.6,23.6,7.95,0.0,73.79,73.57,0.0,0.0
2356,2022-11-07 01:29:13,36432,26.2,0,73,0.0,0.0,0.0,0.197,18.6,23.6,7.95,0.0,73.79,73.57,0.0,0.0
2357,2022-11-07 01:44:16,36698,26.4,0,72,0.0,0.0,0.0,0.197,18.6,23.6,7.95,0.0,73.79,73.57,0.0,0.0
2358,2022-11-07 01:59:18,34137,26.4,0,72,0.0,0.0,0.0,0.197,18.6,23.6,7.95,0.0,73.79,73.57,0.0,0.0
2359,2022-11-07 02:14:21,36233,26.3,0,72,0.0,0.0,0.0,0.197,18.6,23.6,7.95,0.0,73.79,73.57,0.0,0.0
2360,2022-11-07 02:29:24,36005,26.2,0,72,0.0,0.0,0.0,0.197,18.6,23.6,7.95,0.0,73.79,73.57,0.0,0.0
2361,2022-11-07 02:44:27,31810,26.2,0,73,0.0,0.0,0.0,0.197,18.6,23.6,7.95,0.0,73.79,73.57,0.0,0.0
2362,2022-11-07 02:59:30,37832,26.1,0,74,0.0,0.0,0.0,0.197,18.6,23.6,7.95,0.0,73.79,73.57,0.0,0.0
2363,2022-11-07 03:14:33,40372,26.2,0,74,0.0,0.0,0.0,0.197,18.6,23.6,7.95,0.0,73.79,73.57,0.0,0.0
2364,2022-11-07 03:29:40,38457,26.2,0,75,0.0,0.0,0.0,0.197,18.6,23.6,7.95,0.0,73.79,73.57,0.0,0.0
2365,2022-11-07 03:44:42,37029,26.3,0,74,0.0,0.0,0.0,0.197,18.6,23.6,7.95,0.0,73.79,73.57,0.0,0.0
2366,2022-11-07 03:59:45,38516,26.3,0,74,0.0,0.0,0.0,0.197,18.6,23.6,7.95,0.0,73.79,73.57,0.0,0.0
2367,2022-11-07 04:14:48,36241,26.2,0,74,0.0,0.0,0.0,0.197,18.6,23.6,7.95,0.0,73.79,73.57,0.0,0.0
2368,2022-11-07 04:29:51,36351,26.2,0,73,0.0,0.0,0.0,0.197,18.6,23.6,7.95,0.0,73.79,73.57,0.0,0.0
2369,2022-11-07 04:44:54,34397,26.1,0,74,0.0,0.0,0.0,0.197,18.6,23.6,7.95,0.0,73.79,73.57,0.0,0.0
2370,2022-11-07 04:59:57,37653,26.2,0,71,0.0,0.0,0.0,0.197,18.6,23.6,7.95,0.0,73.79,73.57,0.0,0.0
2371,2022-11-07 05:14:59,35445,26.1,0,73,0.0,0.0,0.0,0.197,18.6,23.6,7.95,0.0,73.79,73.57,0.0,0.0
2372,2022-11-07 05:30:00,33981,26.0,0,72,0.0,0.0,0.0,0.197,18.6,23.6,7.95,0.0,73.79,73.57,0.0,0.0
2373,2022-11-07 05:45:03,34875,26.0,0,70,0.0,0.0,0.0,0.197,18.6,23.6,7.95,0.0,73.79,73.57,0.0,0.0
2374,2022-11-07 06:00:06,35802,25.9,0,71,0.0,0.0,0.0,0.197,18.6,23.6,7.95,0.0,73.79,73.57,0.0,0.0
2375,2022-11-07 06:15:08,36691,25.7,0,72,0.0,0.0,0.0,0.197,18.6,23.6,7.95,0.0,73.79,73.57,0.0,0.0
2376,2022-11-07 06:30:11,34418,25.7,0,72,0.0,0.0,0.0,0.197,18.6,23.6,7.95,0.0,73.79,73.57,0.0,0.0
2377,2022-11-07 06:45:14,37288,25.7,0,72,0.0,0.0,0.0,0.197,18.6,23.6,7.95,0.0,73.79,73.57,0.0,0.0
2378,2022-11-07 07:00:17,34991,25.8,0,72,0.0,0.0,0.0,0.197,18.6,23.6,7.95,0.0,73.8,73.58,0.0,0.0
2379,2022-11-07 07:15:20,32784,25.8,0,72,0.0,0.0,0.0,0.197,18.6,23.6,7.95,0.0,73.8,73.58,0.0,0.0
2380,2022-11-07 07:30:23,35657,25.8,0,72,0.0,0.0,0.0,0.197,18.6,23.6,7.95,0.0,73.8,73.58,0.0,0.0
2381,2022-11-07 07:45:30,38673,25.8,0,73,0.0,0.0,0.0,0.197,18.6,23.6,7.95,0.0,73.81,73.59,0.0,0.0
2382,2022-11-07 08:00:32,33437,25.8,0,71,0.0,0.0,0.0,0.197,18.6,23.6,7.95,0.0,73.81,73.59,0.0,0.0
2383,2022-11-07 08:15:35,37236,25.6,0,71,0.0,0.0,0.0,0.197,18.6,23.6,7.95,0.0,73.81,73.59,0.0,0.0
2384,2022-11-07 08:30:38,35375,25.6,0,71,0.0,0.0,0.0,0.197,18.6,23.6,7.95,0.0,73.81,73.59,0.0,0.0
2385,2022-11-07 08:45:41,34240,25.5,0,72,0.0,0.0,0.0,0.197,18.6,23.6,7.95,0.0,73.81,73.59,0.0,0.0
2386,2022-11-07 09:00:44,38155,25.5,0,73,0.0,0.0,0.0,0.197,18.6,23.6,7.95,0.0,73.81,73.59,0.0,0.0
2387,2022-11-07 09:15:47,37291,25.5,0,73,0.0,0.0,0.0,0.197,18.6,23.6,7.95,0.0,73.81,73.59,0.0,0.0
2388,2022-11-07 09:30:49,38627,25.5,0,72,0.0,0.0,0.0,0.197,18.6,23.6,7.95,0.0,73.81,73.59,0.0,0.0
2389,2022-11-07 09:45:50,37005,25.5,0,73,0.0,0.0,0.0,0.197,18.6,23.6,7.95,0.0,73.82,73.6,0.0,0.0
2390,2022-11-07 10:00:53,38693,25.5,0,73,0.0,0.0,0.0,0.197,18.6,23.6,7.95,0.0,73.83,73.61,73.83,0.0
2391,2022-11-07 10:15:56,37231,25.5,0,73,0.0,0.0,0.0,0.197,18.6,23.6,7.95,0.0,73.83,73.61,0.0,0.0
2392,2022-11-07 10:30:58,38694,25.5,0,74,0.0,0.0,0.0,0.197,18.6,23.6,7.95,0.0,73.84,73.62,0.0,0.0
2393,2022-11-07 10:46:01,40147,25.4,2,74,0.0,0.0,0.0,0.197,18.6,23.6,7.95,0.0,73.84,73.62,0.0,0.0
2394,2022-11-07 11:01:04,34932,25.1,17,75,0.0,0.0,0.0,0.197,18.6,23.6,7.95,0.0,73.85,73.63,0.0,0.0
2395,2022-11-07 11:16:07,36367,25.2,46,75,0.0,0.0,0.0,0.197,18.6,23.6,7.95,0.0,73.87,73.65,0.0,0.0
2396,2022-11-07 11:31:10,38936,25.7,55,74,0.0,0.0,0.0,0.197,18.6,23.6,7.95,0.0,73.88,73.67,0.0,0.0
2397,2022-11-07 11:46:13,33842,25.9,107,71,0.0,0.0,0.0,0.197,18.6,23.6,7.95,0.0,73.9,73.68,0.0,0.0
2398,2022-11-07 12:01:20,34689,26.3,165,71,0.0,0.0,0.0,0.197,18.6,23.6,7.95,0.0,73.92,73.7,0.0,0.0
2399,2022-11-07 12:16:22,38115,26.6,211,71,0.0,0.0,0.0,0.197,18.6,23.6,7.95,0.0,73.94,73.73,0.0,0.0
2400,2022-11-07 12:31:25,37366,27.0,275,70,0.0,0.0,0.0,0.197,18.6,23.6,7.95,0.0,73.97,73.75,0.0,0.0
2401,2022-11-07 12:46:28,33693,27.1,325,69,0.0,0.0,0.0,0.197,18.6,23.6,7.95,0.0,73.99,73.77,0.0,0.0
2402,2022-11-07 13:01:31,33890,27.4,375,66,0.0,0.0,0.0,0.197,18.6,23.6,7.95,0.0,74.02,73.8,0.0,0.0
2403,2022-11-07 13:16:34,37391,27.6,420,65,0.0,0.0,0.0,0.197,18.6,23.6,7.95,0.0,74.04,73.83,0.0,0.0
2404,2022-11-07 13:31:37,37700,27.6,469,67,0.0,0.0,0.0,0.197,18.6,23.6,7.95,0.0,74.07,73.86,0.0,0.0
2405,2022-11-07 13:46:39,41361,27.7,529,67,0.0,0.0,0.0,0.197,18.6,23.6,7.95,0.0,74.1,73.89,0.0,0.0
2406,2022-11-07 14:01:41,31748,27.8,557,66,0.0,0.0,0.0,0.197,18.6,23.6,7.95,0.0,74.13,73.92,0.0,0.0
2407,2022-11-07 14:16:43,36322,27.9,602,65,0.0,0.0,0.0,0.197,18.6,23.6,7.95,0.0,74.16,73.95,0.0,0.0
2408,2022-11-07 14:31:46,37453,28.0,632,63,0.0,0.0,0.0,0.197,18.6,23.6,7.95,0.0,74.19,73.98,0.0,0.0
2409,2022-11-07 14:46:48,39948,28.0,663,64,0.0,0.0,0.0,0.197,18.6,23.6,7.95,0.0,74.22,74.01,0.0,0.0
2410,2022-11-07 15:01:51,35242,28.1,684,65,0.0,0.0,0.0,0.197,18.6,23.6,7.95,0.0,74.25,74.04,0.0,0.0
2411,2022-11-07 15:16:54,36934,28.3,720,66,0.0,0.0,0.0,0.197,18.6,23.6,7.95,0.0,74.29,74.07,0.0,0.0
2412,2022-11-07 15:31:57,43492,27.9,622,68,0.0,0.0,0.0,0.197,18.6,23.6,7.95,0.0,74.32,74.1,0.0,0.0
2413,2022-11-07 15:47:00,37817,28.0,740,68,0.0,0.0,0.0,0.197,18.6,23.6,7.95,0.0,74.35,74.13,0.0,0.0
2414,2022-11-07 16:02:03,36195,28.3,647,68,0.0,0.0,0.0,0.197,18.6,23.6,7.95,0.0,74.38,74.16,0.0,0.0
2415,2022-11-07 16:17:10,34874,27.8,616,69,0.0,0.0,0.0,0.197,18.6,23.6,7.95,0.0,74.41,74.19,0.0,0.0
2416,2022-11-07 16:32:13,42877,28.1,741,66,0.0,0.0,0.0,0.197,18.6,23.6,7.95,0.0,74.44,74.22,0.0,0.0
2417,2022-11-07 16:47:15,37165,28.2,628,67,0.0,0.0,0.0,0.197,18.6,23.6,7.95,0.0,74.47,74.25,0.0,0.0
2418,2022-11-07 17:02:18,36655,28.2,725,65,0.0,0.0,0.0,0.197,18.6,23.6,7.95,0.0,74.5,74.28,0.0,0.0
2419,2022-11-07 17:17:21,36830,28.3,735,66,0.0,0.0,0.0,0.197,18.6,23.6,7.95,0.0,74.53,74.31,0.0,0.0
2420,2022-11-07 17:32:24,37198,28.4,717,66,0.0,0.0,0.0,0.197,18.6,23.6,7.95,0.0,74.56,74.34,0.0,0.0
2421,2022-11-07 17:47:27,37853,28.1,689,65,0.0,0.0,0.0,0.197,18.6,23.6,7.95,0.0,74.59,74.38,0.0,0.0
2422,2022-11-07 18:02:30,33861,28.2,425,66,0.0,0.0,0.0,0.197,18.6,23.6,7.95,0.0,74.62,74.41,0.0,0.0
2423,2022-11-07 18:17:32,32579,28.3,623,65,0.0,0.0,0.0,0.197,18.6,23.6,7.95,0.0,74.65,74.43,0.0,0.0
2424,2022-11-07 18:32:34,39215,28.3,589,64,0.0,0.0,0.0,0.197,18.6,23.6,7.95,0.0,74.68,74.46,0.0,0.0
2425,2022-11-07 18:47:36,33476,28.2,548,64,0.0,0.0,0.0,0.197,18.6,23.6,7.95,0.0,74.71,74.49,0.0,0.0
2426,2022-11-07 19:02:39,39155,28.0,499,65,0.0,0.0,0.0,0.197,18.6,23.6,7.95,0.0,74.73,74.52,0.0,0.0
2427,2022-11-07 19:17:41,34908,28.0,458,65,0.0,0.0,0.0,0.197,18.6,23.6,7.95,0.0,74.76,74.55,0.0,0.0
2428,2022-11-07 19:32:44,38798,27.8,406,64,0.0,0.0,0.0,0.197,18.6,23.6,7.95,0.0,74.79,74.58,0.0,0.0
2429,2022-11-07 19:47:47,39721,27.8,353,63,0.0,0.0,0.0,0.197,18.6,23.6,7.95,0.0,74.82,74.6,0.0,0.0
2430,2022-11-07 20:02:50,35878,27.7,299,63,0.0,0.0,0.0,0.197,18.6,23.6,7.95,0.0,74.84,74.63,0.0,0.0
2431,2022-11-07 20:17:53,31490,27.5,250,64,0.0,0.0,0.0,0.197,18.6,23.6,7.95,0.0,74.87,74.65,0.0,0.0
2432,2022-11-07 20:32:56,37146,27.3,195,64,0.0,0.0,0.0,0.197,18.6,23.6,7.95,0.0,74.89,74.68,0.0,0.0
2433,2022-11-07 20:48:03,37346,27.1,149,65,0.0,0.0,0.0,0.197,18.6,23.6,7.95,0.0,74.91,74.7,0.0,0.0
2434,2022-11-07 21:03:05,39098,26.8,101,65,0.0,0.0,0.0,0.197,18.6,23.6,7.95,0.0,74.93,74.72,0.0,0.0
2435,2022-11-07 21:18:08,33965,26.5,58,67,0.0,0.0,0.0,0.197,18.6,23.6,7.95,0.0,74.95,74.73,0.0,0.0
2436,2022-11-07 21:33:11,37893,26.2,23,69,0.0,0.0,0.0,0.197,18.6,23.6,7.95,0.0,74.96,74.75,0.0,0.0
2437,2022-11-07 21:48:14,35830,25.9,6,68,0.0,0.0,0.0,0.197,18.6,23.6,7.95,0.0,74.98,74.77,0.0,0.0
2438,2022-11-07 22:03:17,39856,25.8,1,68,0.0,0.0,0.0,0.197,18.6,23.6,7.95,0.0,74.99,74.78,0.0,0.0
2439,2022-11-07 22:18:20,36079,25.8,0,67,0.0,0.0,0.0,0.197,18.6,23.6,7.95,0.0,75.0,74.79,0.0,0.0
2440,2022-11-07 22:33:22,36401,25.8,0,69,0.0,0.0,0.0,0.197,18.6,23.6,7.95,0.0,75.0,74.79,0.0,0.0
2441,2022-11-07 22:48:24,40334,25.7,0,70,0.0,0.0,0.0,0.197,18.6,23.6,7.95,0.0,75.0,74.79,0.0,0.0
2442,2022-11-07 23:03:26,36811,25.7,0,70,0.0,0.0,0.0,0.197,18.6,23.6,7.95,0.0,75.0,74.79,0.0,0.0
2443,2022-11-07 23:18:29,40845,25.7,0,71,0.0,0.0,0.0,0.197,18.6,23.6,7.95,0.0,75.0,74.79,0.0,0.0
2444,2022-11-07 23:33:31,39493,25.7,0,70,0.0,0.0,0.0,0.197,18.6,23.6,7.95,0.0,75.01,74.8,0.0,0.0
2445,2022-11-07 23:48:34,33098,25.6,0,70,0.0,0.0,0.0,0.197,18.6,23.6,7.95,0.0,75.01,74.8,0.0,0.0
2446,2022-11-08 00:03:37,39440,25.6,0,70,0.0,0.0,0.0,0.197,18.6,19.8,7.95,0.0,75.01,74.8,0.0,0.0
2447,2022-11-08 00:18:40,36633,25.5,0,71,0.0,0.0,0.0,0.197,18.6,19.8,7.95,0.0,75.01,74.8,0.0,0.0
2448,2022-11-08 00:33:43,37063,25.6,0,69,0.0,0.0,0.0,0.197,18.6,19.8,7.95,0.0,75.01,74.8,0.0,0.0
2449,2022-11-08 00:48:46,36984,25.5,0,69,0.0,0.0,0.0,0.197,18.6,19.8,7.95,0.0,75.01,74.8,0.0,0.0
2450,2022-11-08 01:03:53,34839,25.4,0,69,0.0,0.0,0.0,0.197,18.6,19.8,7.95,0.0,75.01,74.8,0.0,0.0
2451,2022-11-08 01:18:55,40626,25.5,0,69,0.0,0.0,0.0,0.197,18.6,19.8,7.95,0.0,75.01,74.8,0.0,0.0
2452,2022-11-08 01:33:58,36254,25.6,0,69,0.0,0.0,0.0,0.197,18.6,19.8,7.95,0.0,75.02,74.81,0.0,0.0
2453,2022-11-08 01:49:01,38347,25.7,0,68,0.0,0.0,0.0,0.197,18.6,19.8,7.95,0.0,75.03,74.82,0.0,0.0
2454,2022-11-08 02:04:04,34888,25.7,0,68,0.0,0.0,0.0,0.197,18.6,19.8,7.95,0.0,75.03,74.82,0.0,0.0
2455,2022-11-08 02:19:07,39497,25.5,0,69,0.0,0.0,0.0,0.197,18.6,19.8,7.95,0.0,75.03,74.82,0.0,0.0
2456,2022-11-08 02:34:10,40229,25.5,0,69,0.0,0.0,0.0,0.197,18.6,19.8,7.95,0.0,75.03,74.82,0.0,0.0
2457,2022-11-08 02:49:12,38904,25.4,0,68,0.0,0.0,0.0,0.197,18.6,19.8,7.95,0.0,75.03,74.82,0.0,0.0
2458,2022-11-08 03:04:13,32678,25.5,0,70,0.0,0.0,0.0,0.197,18.6,19.8,7.95,0.0,75.04,74.83,0.0,0.0
2459,2022-11-08 03:19:16,36784,25.5,0,70,0.0,0.0,0.0,0.197,18.6,19.8,7.95,0.0,75.04,74.83,0.0,0.0
2460,2022-11-08 03:34:19,39007,25.5,0,70,0.0,0.0,0.0,0.197,18.6,19.8,7.95,0.0,75.04,74.83,0.0,0.0
2461,2022-11-08 03:49:21,37718,25.5,0,68,0.0,0.0,0.0,0.197,18.6,19.8,7.95,0.0,75.04,74.83,0.0,0.0
2462,2022-11-08 04:04:24,35536,25.7,0,65,0.0,0.0,0.0,0.197,18.6,19.8,7.95,0.0,75.04,74.83,0.0,0.0
2463,2022-11-08 04:19:27,34764,25.5,0,67,0.0,0.0,0.0,0.197,18.6,19.8,7.95,0.0,75.04,74.83,0.0,0.0
2464,2022-11-08 04:34:30,37834,25.5,0,70,0.0,0.0,0.0,0.197,18.6,19.8,7.95,0.0,75.04,74.83,0.0,0.0
2465,2022-11-08 04:49:33,37884,25.4,0,72,0.0,0.0,0.0,0.197,18.6,19.8,7.95,0.0,75.05,74.84,0.0,0.0
2466,2022-11-08 05:04:36,35994,25.4,0,73,0.0,0.0,0.0,0.197,18.6,19.8,7.95,0.0,75.06,74.85,0.0,0.0
2467,2022-11-08 05:19:43,39189,25.4,0,74,0.0,0.0,0.0,0.197,18.6,19.8,7.95,0.0,75.06,74.85,0.0,0.0
2468,2022-11-08 05:34:45,34021,25.5,0,72,0.0,0.0,0.0,0.197,18.6,19.8,7.95,0.0,75.06,74.85,0.0,0.0
2469,2022-11-08 05:49:48,41034,25.5,0,72,0.0,0.0,0.0,0.197,18.6,19.8,7.95,0.0,75.06,74.85,0.0,0.0
2470,2022-11-08 06:04:51,39026,25.5,0,71,0.0,0.0,0.0,0.197,18.6,19.8,7.95,0.0,75.07,74.86,0.0,0.0
2471,2022-11-08 06:19:54,37835,25.4,0,73,0.0,0.0,0.0,0.197,18.6,19.8,7.95,0.0,75.07,74.86,0.0,0.0
2472,2022-11-08 06:34:57,38403,25.3,0,74,0.0,0.0,0.0,0.197,18.6,19.8,7.95,0.0,75.07,74.86,0.0,0.0
2473,2022-11-08 06:50:00,37031,24.7,0,76,0.0,0.0,0.0,0.197,18.6,19.8,7.95,0.0,75.07,74.86,0.0,0.0
2474,2022-11-08 07:05:02,34547,24.2,2,80,0.0,0.0,0.0,0.197,18.6,19.8,7.95,0.0,75.07,74.86,0.0,0.0
2475,2022-11-08 07:20:04,36276,24.8,3,74,0.0,0.0,0.0,0.197,18.6,19.8,7.95,0.0,75.08,74.87,0.0,0.0
2476,2022-11-08 07:35:06,40513,25.2,1,71,0.0,0.0,0.0,0.197,18.6,19.8,7.95,0.0,75.09,74.88,0.0,0.0
2477,2022-11-08 07:50:09,40004,25.3,0,73,0.0,0.0,0.0,0.197,18.6,19.8,7.95,0.0,75.11,74.9,0.0,0.0
2478,2022-11-08 08:05:11,38022,25.4,0,73,0.0,0.0,0.0,0.197,18.6,19.8,7.95,0.0,75.11,74.9,0.0,0.0
2479,2022-11-08 08:20:14,35955,25.4,0,71,0.0,0.0,0.0,0.197,18.6,19.8,7.95,0.0,75.12,74.91,0.0,0.0
2480,2022-11-08 08:35:17,32273,25.2,0,74,0.0,0.0,0.0,0.197,18.6,19.8,7.95,0.0,75.12,74.91,0.0,0.0
2481,2022-11-08 08:50:20,32496,25.2,0,74,0.0,0.0,0.0,0.197,18.6,19.8,7.95,0.0,75.12,74.91,0.0,0.0
2482,2022-11-08 09:05:23,38491,25.4,0,74,0.0,0.0,0.0,0.197,18.6,19.8,7.95,0.0,75.12,74.91,0.0,0.0
2483,2022-11-08 09:20:26,35400,25.5,0,73,0.0,0.0,0.0,0.197,18.6,19.8,7.95,0.0,75.13,74.92,0.0,0.0
2484,2022-11-08 09:35:33,37870,25.5,0,72,0.0,0.0,0.0,0.197,18.6,19.8,7.95,0.0,75.13,74.93,0.0,0.0
2485,2022-11-08 09:50:35,39861,25.5,0,72,0.0,0.0,0.0,0.197,18.6,19.8,7.95,0.0,75.13,74.93,0.0,0.0
2486,2022-11-08 10:05:38,36050,25.5,0,71,0.0,0.0,0.0,0.197,18.6,19.8,7.95,0.0,75.14,74.93,75.14,0.0
2487,2022-11-08 10:20:41,39473,25.5,0,72,0.0,0.0,0.0,0.197,18.6,19.8,7.95,0.0,75.14,74.93,0.0,0.0
2488,2022-11-08 10:35:44,40452,25.5,0,72,0.0,0.0,0.0,0.197,18.6,19.8,7.95,0.0,75.14,74.93,0.0,0.0
2489,2022-11-08 10:50:47,36075,25.4,3,72,0.0,0.0,0.0,0.197,18.6,19.8,7.95,0.0,75.15,74.94,0.0,0.0
2490,2022-11-08 11:05:50,37946,25.4,15,71,0.0,0.0,0.0,0.197,18.6,19.8,7.95,0.0,75.16,74.95,0.0,0.0
2491,2022-11-08 11:20:53,35911,25.4,43,71,0.0,0.0,0.0,0.197,18.6,19.8,7.95,0.0,75.17,74.97,0.0,0.0
2492,2022-11-08 11:35:54,38594,25.7,77,70,0.0,0.0,0.0,0.197,18.6,19.8,7.95,0.0,75.19,74.98,0.0,0.0
2493,2022-11-08 11:50:56,35992,26.0,138,71,0.0,0.0,0.0,0.197,18.6,19.8,7.95,0.0,75.21,75.0,0.0,0.0
2494,2022-11-08 12:05:59,33397,26.2,155,70,0.0,0.0,0.0,0.197,18.6,19.8,7.95,0.0,75.22,75.02,0.0,0.0
2495,2022-11-08 12:21:01,36979,26.4,192,70,0.0,0.0,0.0,0.197,18.6,19.8,7.95,0.0,75.24,75.04,0.0,0.0
2496,2022-11-08 12:36:04,36210,26.6,272,69,0.0,0.0,0.0,0.197,18.6,19.8,7.95,0.0,75.26,75.06,0.0,0.0
2497,2022-11-08 12:51:07,37961,26.8,271,66,0.0,0.0,0.0,0.197,18.6,19.8,7.95,0.0,75.29,75.08,0.0,0.0
2498,2022-11-08 13:06:10,38745,27.1,385,65,0.0,0.0,0.0,0.197,18.6,19.8,7.95,0.0,75.31,75.1,0.0,0.0
2499,2022-11-08 13:21:13,35176,27.3,439,63,0.0,0.0,0.0,0.197,18.6,19.8,7.95,0.0,75.33,75.13,0.0,0.0
2500,2022-11-08 13:36:16,40312,27.2,310,65,0.0,0.0,0.0,0.197,18.6,19.8,7.95,0.0,75.36,75.15,0.0,0.0
2501,2022-11-08 13:51:23,40822,26.9,469,64,0.0,0.0,0.0,0.197,18.6,19.8,7.95,0.0,75.38,75.18,0.0,0.0
2502,2022-11-08 14:06:25,34990,27.4,571,62,0.0,0.0,0.0,0.197,18.6,19.8,7.95,0.0,75.41,75.2,0.0,0.0
2503,2022-11-08 14:21:28,38263,27.7,686,64,0.0,0.0,0.0,0.197,18.6,19.8,7.95,0.0,75.44,75.23,0.0,0.0
2504,2022-11-08 14:36:31,37083,27.8,653,65,0.0,0.0,0.0,0.197,18.6,19.8,7.95,0.0,75.46,75.26,0.0,0.0
2505,2022-11-08 14:51:34,42856,27.9,568,66,0.0,0.0,0.0,0.197,18.6,19.8,7.95,0.0,75.49,75.29,0.0,0.0
2506,2022-11-08 15:06:37,35143,28.1,552,64,0.0,0.0,0.0,0.197,18.6,19.8,7.95,0.0,75.52,75.31,0.0,0.0
2507,2022-11-08 15:21:40,32396,27.8,609,65,0.0,0.0,0.0,0.197,18.6,19.8,7.95,0.0,75.54,75.34,0.0,0.0
2508,2022-11-08 15:36:43,41416,27.6,545,67,0.0,0.0,0.0,0.197,18.6,19.8,7.95,0.0,75.57,75.37,0.0,0.0
2509,2022-11-08 15:51:44,39744,27.5,678,67,0.0,0.0,0.0,0.197,18.6,19.8,7.95,0.0,75.6,75.39,0.0,0.0
2510,2022-11-08 16:06:47,37240,27.9,732,64,0.0,0.0,0.0,0.197,18.6,19.8,7.95,0.0,75.62,75.42,0.0,0.0
2511,2022-11-08 16:21:49,39960,27.9,741,63,0.0,0.0,0.0,0.197,18.6,19.8,7.95,0.0,75.65,75.45,0.0,0.0
2512,2022-11-08 16:36:51,39892,28.1,737,64,0.0,0.0,0.0,0.197,18.6,19.8,7.95,0.0,75.68,75.48,0.0,0.0
2513,2022-11-08 16:51:54,38094,28.1,747,64,0.0,0.0,0.0,0.197,18.6,19.8,7.95,0.0,75.71,75.5,0.0,0.0
2514,2022-11-08 17:06:57,38509,28.0,741,65,0.0,0.0,0.0,0.197,18.6,19.8,7.95,0.0,75.74,75.53,0.0,0.0
2515,2022-11-08 17:22:00,40100,28.1,763,66,0.0,0.0,0.0,0.197,18.6,19.8,7.95,0.0,75.76,75.56,0.0,0.0
2516,2022-11-08 17:37:03,34377,28.0,524,66,0.0,0.0,0.0,0.197,18.6,19.8,7.95,0.0,75.79,75.59,0.0,0.0
2517,2022-11-08 17:52:06,39411,28.1,434,64,0.0,0.0,0.0,0.197,18.6,19.8,7.95,0.0,75.82,75.61,0.0,0.0
2518,2022-11-08 18:07:09,36253,28.2,605,64,0.0,0.0,0.0,0.197,18.6,19.8,7.95,0.0,75.84,75.64,0.0,0.0
2519,2022-11-08 18:22:16,38626,28.2,622,65,0.0,0.0,0.0,0.197,18.6,19.8,7.95,0.0,75.87,75.67,0.0,0.0
2520,2022-11-08 18:37:18,42599,27.8,518,63,0.0,0.0,0.0,0.197,18.6,19.8,7.95,0.0,75.89,75.69,0.0,0.0
2521,2022-11-08 18:52:21,36868,28.0,585,65,0.0,0.0,0.0,0.197,18.6,19.8,7.95,0.0,75.92,75.72,0.0,0.0
2522,2022-11-08 19:07:26,37403,27.8,501,66,0.0,0.0,0.0,0.197,18.6,19.8,7.95,0.0,75.95,75.75,0.0,0.0
2523,2022-11-08 19:22:27,38513,27.2,296,66,0.0,0.0,0.0,0.197,18.6,19.8,7.95,0.0,75.97,75.77,0.0,0.0
2524,2022-11-08 19:37:30,40079,27.1,184,69,0.0,0.0,0.0,0.197,18.6,19.8,7.95,0.0,75.99,75.79,0.0,0.0
2525,2022-11-08 19:52:33,38073,26.7,138,71,0.0,0.0,0.0,0.197,18.6,19.8,7.95,0.0,76.01,75.81,0.0,0.0
2526,2022-11-08 20:07:35,37615,26.6,133,72,0.0,0.0,0.0,0.197,18.6,19.8,7.95,0.0,76.03,75.83,0.0,0.0
2527,2022-11-08 20:22:37,34172,26.4,109,74,0.0,0.0,0.0,0.197,18.6,19.8,7.95,0.0,76.05,75.85,0.0,0.0
2528,2022-11-08 20:37:39,39289,26.4,151,74,0.0,0.0,0.0,0.197,18.6,19.8,7.95,0.0,76.06,75.86,0.0,0.0
2529,2022-11-08 20:52:42,40140,25.1,60,77,0.0,0.0,0.0,0.197,18.6,19.8,7.95,0.0,76.08,75.88,0.0,0.0
2530,2022-11-08 21:07:44,40853,25.2,74,78,0.0,0.0,0.0,0.197,18.6,19.8,7.95,0.0,76.09,75.89,0.0,0.0
2531,2022-11-08 21:22:47,35895,25.6,43,76,0.0,0.0,0.0,0.197,18.6,19.8,7.95,0.0,76.11,75.91,0.0,0.0
2532,2022-11-08 21:37:50,36513,25.8,16,76,0.0,0.0,0.0,0.197,18.6,19.8,7.95,0.0,76.12,75.92,0.0,0.0
2533,2022-11-08 21:52:53,36225,25.7,5,75,0.0,0.0,0.0,0.197,18.6,19.8,7.95,0.0,76.14,75.94,0.0,0.0
2534,2022-11-08 22:07:56,37555,25.7,0,75,0.0,0.0,0.0,0.197,18.6,19.8,7.95,0.0,76.15,75.95,0.0,0.0
2535,2022-11-08 22:22:59,38302,25.8,0,74,0.0,0.0,0.0,0.197,18.6,19.8,7.95,0.0,76.15,75.95,0.0,0.0
2536,2022-11-08 22:38:06,38916,26.1,0,73,0.0,0.0,0.0,0.197,18.6,19.8,7.95,0.0,76.15,75.95,0.0,0.0
2537,2022-11-08 22:53:08,34560,25.7,0,75,0.0,0.0,0.0,0.197,18.6,19.8,7.95,0.0,76.15,75.95,0.0,0.0
2538,2022-11-08 23:08:11,39051,24.7,2,79,0.0,0.0,0.0,0.197,18.6,19.8,7.95,0.0,76.15,75.95,0.0,0.0
2539,2022-11-08 23:23:14,40572,23.2,2,85,0.6,0.6,0.0,0.197,18.6,19.8,7.95,0.0,76.16,75.96,0.0,0.0
2540,2022-11-08 23:38:17,37938,23.9,6,82,0.6,0.6,0.0,0.197,18.6,19.8,7.95,0.0,76.17,75.97,0.0,0.0
2541,2022-11-08 23:53:20,36946,23.3,2,84,1.2,0.73,0.0,0.197,18.6,20.5,7.95,0.0,76.18,75.98,0.0,0.0
2542,2022-11-09 00:08:23,35860,23.8,4,83,1.6,0.0,0.0,0.197,18.6,22.0,7.95,0.0,76.19,75.99,0.0,0.0
2543,2022-11-09 00:23:25,39150,24.8,4,76,1.0,0.0,0.0,0.197,18.6,22.0,7.95,0.0,76.2,76.01,0.0,0.0
2544,2022-11-09 00:38:27,37334,25.1,1,77,1.0,0.0,0.0,0.197,18.6,22.0,7.95,0.0,76.22,76.02,0.0,0.0
2545,2022-11-09 00:53:29,39387,25.2,0,77,0.33,0.0,0.0,0.197,18.6,22.0,7.95,0.0,76.23,76.03,0.0,0.0
2546,2022-11-09 01:08:32,38982,25.0,0,78,0.0,0.0,0.0,0.197,18.6,22.0,7.95,0.0,76.24,76.04,0.0,0.0
2547,2022-11-09 01:23:34,36957,25.3,0,76,0.0,0.0,0.0,0.197,18.6,22.0,7.95,0.0,76.24,76.04,0.0,0.0
2548,2022-11-09 01:38:37,36551,25.6,0,76,0.0,0.0,0.0,0.197,18.6,22.0,7.95,0.0,76.25,76.05,0.0,0.0
2549,2022-11-09 01:53:40,36207,25.5,0,77,0.0,0.0,0.0,0.197,18.6,22.0,7.95,0.0,76.24,76.05,0.0,0.0
2550,2022-11-09 02:08:43,35652,24.1,4,83,0.0,0.0,0.0,0.197,18.6,22.0,7.95,0.0,76.25,76.05,0.0,0.0
2551,2022-11-09 02:23:46,36584,24.7,4,78,0.2,0.2,0.0,0.197,18.6,22.0,7.95,0.0,76.26,76.06,0.0,0.0
2552,2022-11-09 02:38:49,35155,25.0,1,77,0.2,0.2,0.0,0.197,18.6,22.0,7.95,0.0,76.27,76.08,0.0,0.0
2553,2022-11-09 02:53:56,40846,25.2,0,76,0.2,0.2,0.0,0.197,18.6,22.0,7.95,0.0,76.29,76.09,0.0,0.0
2554,2022-11-09 03:08:58,39533,25.1,2,76,0.2,0.2,0.0,0.197,18.6,22.0,7.95,0.0,76.29,76.09,0.0,0.0
2555,2022-11-09 03:24:01,36747,23.8,0,84,0.0,0.27,0.0,0.197,18.6,22.0,7.95,0.0,76.3,76.1,0.0,0.0
2556,2022-11-09 03:39:04,36591,22.5,0,88,2.0,2.2,0.0,0.197,18.6,22.0,7.95,0.0,76.3,76.1,0.0,0.0
2557,2022-11-09 03:54:07,41339,23.0,2,89,2.4,2.6,0.0,0.197,18.6,22.0,7.95,0.0,76.3,76.1,0.0,0.0
2558,2022-11-09 04:09:10,36394,23.6,5,84,2.4,2.6,0.0,0.197,18.6,22.0,7.95,0.0,76.31,76.11,0.0,0.0
2559,2022-11-09 04:24:13,36135,24.3,3,81,2.4,2.6,0.0,0.197,18.6,22.0,7.95,0.0,76.32,76.13,0.0,0.0
2560,2022-11-09 04:39:15,40253,24.7,0,79,0.4,2.6,0.0,0.197,18.6,22.0,7.95,0.0,76.33,76.14,0.0,0.0
2561,2022-11-09 04:54:17,36789,24.9,1,78,0.0,2.6,0.0,0.197,18.6,22.0,7.95,0.0,76.34,76.14,0.0,0.0
2562,2022-11-09 05:09:19,37771,24.0,2,82,0.0,2.6,0.0,0.197,18.6,22.0,7.95,0.0,76.35,76.15,0.0,0.0
2563,2022-11-09 05:24:22,35995,24.4,3,79,0.0,2.6,0.0,0.197,18.6,22.0,7.95,0.0,76.36,76.16,0.0,0.0
2564,2022-11-09 05:39:24,37054,24.7,0,78,0.0,2.6,0.0,0.197,18.6,22.0,7.95,0.0,76.37,76.17,0.0,0.0
2565,2022-11-09 05:54:27,39544,24.7,0,78,0.0,2.6,0.0,0.197,18.6,22.0,7.95,0.0,76.37,76.18,0.0,0.0
2566,2022-11-09 06:09:30,35491,24.8,0,78,0.0,2.6,0.0,0.197,18.6,22.0,7.95,0.0,76.37,76.18,0.0,0.0
2567,2022-11-09 06:24:33,39587,24.7,0,78,0.0,2.6,0.0,0.197,18.6,22.0,7.95,0.0,76.37,76.18,0.0,0.0
2568,2022-11-09 06:39:36,34365,24.9,0,76,0.0,2.6,0.0,0.197,18.6,22.0,7.95,0.0,76.37,76.18,0.0,0.0
2569,2022-11-09 06:54:39,37002,25.0,0,76,0.0,2.6,0.0,0.197,18.6,22.0,7.95,0.0,76.37,76.18,0.0,0.0
2570,2022-11-09 07:09:46,39342,24.9,0,76,0.0,2.6,0.0,0.197,18.6,22.0,7.95,0.0,76.37,76.18,0.0,0.0
2571,2022-11-09 07:24:48,38403,24.8,0,77,0.0,2.6,0.0,0.197,18.6,22.0,7.95,0.0,76.37,76.18,0.0,0.0
2572,2022-11-09 07:39:51,36296,24.2,1,80,0.0,2.6,0.0,0.197,18.6,22.0,7.95,0.0,76.37,76.17,0.0,0.0
2573,2022-11-09 07:54:54,42248,24.2,0,79,0.0,2.6,0.0,0.197,18.6,22.0,7.95,0.0,76.38,76.18,0.0,0.0
2574,2022-11-09 08:09:57,36083,24.0,1,79,0.0,2.6,0.0,0.197,18.6,22.0,7.95,0.0,76.38,76.19,0.0,0.0
2575,2022-11-09 08:25:00,41331,24.1,0,79,0.0,2.6,0.0,0.197,18.6,22.0,7.95,0.0,76.39,76.2,0.0,0.0
2576,2022-11-09 08:40:03,36712,23.7,2,81,0.0,2.6,0.0,0.197,18.6,22.0,7.95,0.0,76.4,76.2,0.0,0.0
2577,2022-11-09 08:55:05,38686,23.9,1,80,0.0,2.6,0.0,0.197,18.6,22.0,7.95,0.0,76.41,76.22,0.0,0.0
2578,2022-11-09 09:10:07,44410,23.1,2,85,0.0,2.6,0.0,0.197,18.6,22.0,7.95,0.0,76.42,76.22,0.0,0.0
2579,2022-11-09 09:25:09,39505,23.1,3,85,0.2,2.8,0.0,0.197,18.6,22.0,7.95,0.0,76.43,76.23,0.0,0.0
2580,2022-11-09 09:40:12,39585,23.5,2,83,0.2,2.8,0.0,0.197,18.6,22.0,7.95,0.0,76.44,76.24,0.0,0.0
2581,2022-11-09 09:55:14,36251,22.6,0,86,0.33,2.93,0.0,0.197,18.6,22.0,7.95,0.0,76.45,76.26,0.0,0.0
2582,2022-11-09 10:10:17,36550,22.9,3,86,0.4,3.0,0.0,0.197,18.6,22.0,7.95,0.0,76.46,76.26,76.46,76.46
2583,2022-11-09 10:25:20,42587,23.3,4,83,0.2,3.0,0.0,0.197,18.6,22.0,7.95,0.0,76.47,76.28,0.0,0.0
2584,2022-11-09 10:40:23,42438,23.7,2,81,0.2,3.0,0.0,0.197,18.6,22.0,7.95,0.0,76.48,76.29,0.0,0.0
2585,2022-11-09 10:55:26,40156,24.0,3,79,0.07,3.0,0.0,0.197,18.6,22.0,7.95,0.0,76.49,76.3,0.0,0.0
2586,2022-11-09 11:10:29,41102,24.2,6,79,0.0,3.0,0.0,0.197,18.6,22.0,7.95,0.0,76.51,76.31,0.0,0.0
2587,2022-11-09 11:25:36,38873,24.3,20,79,0.0,3.0,0.0,0.197,18.6,22.0,7.95,0.0,76.52,76.32,0.0,0.0
2588,2022-11-09 11:40:38,34883,24.0,33,82,0.0,3.0,0.0,0.197,18.6,22.0,7.95,0.0,76.53,76.34,0.0,0.0
2589,2022-11-09 11:55:41,40257,23.9,35,82,0.0,3.0,0.0,0.197,18.6,22.0,7.95,0.0,76.54,76.35,0.0,0.0
2590,2022-11-09 12:10:44,38631,24.1,49,81,0.0,3.0,0.0,0.197,18.6,22.0,7.95,0.0,76.56,76.36,0.0,0.0
2591,2022-11-09 12:25:47,33762,24.4,64,80,0.0,3.0,0.0,0.197,18.6,22.0,7.95,0.0,76.57,76.38,0.0,0.0
2592,2022-11-09 12:40:50,38519,24.7,117,79,0.0,3.0,0.0,0.197,18.6,22.0,7.95,0.0,76.59,76.39,0.0,0.0
2593,2022-11-09 12:55:53,36356,24.1,90,81,0.0,3.0,0.0,0.197,18.6,22.0,7.95,0.0,76.6,76.41,0.0,0.0
2594,2022-11-09 13:10:56,40289,23.5,142,86,0.0,3.0,0.0,0.197,18.6,22.0,7.95,0.0,76.62,76.42,0.0,0.0
2595,2022-11-09 13:25:57,37195,24.1,129,82,0.0,3.0,0.0,0.197,18.6,22.0,7.95,0.0,76.63,76.44,0.0,0.0
2596,2022-11-09 13:40:59,39395,23.9,112,83,0.0,3.0,0.0,0.197,18.6,22.0,7.95,0.0,76.65,76.46,0.0,0.0
2597,2022-11-09 13:56:02,38637,23.9,146,84,0.13,3.13,0.0,0.197,18.6,22.0,7.95,0.0,76.66,76.47,0.0,0.0
2598,2022-11-09 14:11:04,39477,24.3,156,81,0.2,3.2,0.0,0.197,18.6,22.0,7.95,0.0,76.68,76.49,0.0,0.0
2599,2022-11-09 14:26:07,34736,24.6,257,80,0.2,3.2,0.0,0.197,18.6,22.0,7.95,0.0,76.7,76.5,0.0,0.0
2600,2022-11-09 14:41:10,36193,24.2,144,83,0.2,3.2,0.0,0.197,18.6,22.0,7.95,0.0,76.72,76.52,0.0,0.0
2601,2022-11-09 14:56:13,39770,23.9,177,85,0.07,3.2,0.0,0.197,18.6,22.0,7.95,0.0,76.73,76.54,0.0,0.0
2602,2022-11-09 15:11:16,42979,24.2,248,84,0.0,3.2,0.0,0.197,18.6,22.0,7.95,0.0,76.75,76.56,0.0,0.0
2603,2022-11-09 15:26:19,40500,24.1,197,85,0.0,3.2,0.0,0.197,18.6,22.0,7.95,0.0,76.77,76.58,0.0,0.0
2604,2022-11-09 15:41:26,36707,24.1,164,84,0.0,3.2,0.0,0.197,18.6,22.0,7.95,0.0,76.79,76.6,0.0,0.0
2605,2022-11-09 15:56:28,40078,24.3,192,84,0.0,3.2,0.0,0.197,18.6,22.0,7.95,0.0,76.8,76.61,0.0,0.0
2606,2022-11-09 16:11:31,35900,24.2,304,84,0.0,3.2,0.0,0.197,18.6,22.0,7.95,0.0,76.82,76.63,0.0,0.0
2607,2022-11-09 16:26:34,34450,24.8,336,83,0.0,3.2,0.0,0.197,18.6,22.0,7.95,0.0,76.84,76.65,0.0,0.0
2608,2022-11-09 16:41:37,37100,24.9,188,82,0.0,3.2,0.0,0.197,18.6,22.0,7.95,0.0,76.86,76.67,0.0,0.0
2609,2022-11-09 16:56:40,36604,24.3,261,86,0.2,3.4,0.0,0.197,18.6,22.0,7.95,0.0,76.88,76.69,0.0,0.0
2610,2022-11-09 17:11:43,37097,24.5,142,83,0.2,3.4,0.0,0.197,18.6,22.0,7.95,0.0,76.9,76.71,0.0,0.0
2611,2022-11-09 17:26:46,41410,24.2,156,86,0.27,3.47,0.0,0.197,18.6,22.0,7.95,0.0,76.91,76.72,0.0,0.0
2612,2022-11-09 17:41:47,41018,23.7,174,88,0.87,4.13,0.0,0.197,18.6,22.0,7.95,0.0,76.93,76.74,0.0,0.0
2613,2022-11-09 17:56:49,37630,24.0,176,87,0.8,4.2,0.0,0.197,18.6,22.0,7.95,0.0,76.95,76.76,0.0,0.0
2614,2022-11-09 18:11:52,35973,24.1,190,86,0.8,4.2,0.0,0.197,18.6,22.0,7.95,0.0,76.97,76.77,0.0,0.0
2615,2022-11-09 18:26:54,38368,24.5,188,83,0.73,4.2,0.0,0.197,18.6,22.0,7.95,0.0,76.98,76.79,0.0,0.0
2616,2022-11-09 18:41:57,42322,24.2,107,85,0.13,4.2,0.0,0.197,18.6,22.0,7.95,0.0,77.0,76.81,0.0,0.0
2617,2022-11-09 18:57:00,38333,24.0,101,87,0.2,4.47,0.0,0.197,18.6,22.0,7.95,0.0,77.01,76.82,0.0,0.0
2618,2022-11-09 19:12:03,37441,24.0,91,87,0.4,4.6,0.0,0.197,18.6,22.0,7.95,0.0,77.03,76.84,0.0,0.0
2619,2022-11-09 19:27:06,37040,23.9,73,87,0.53,4.73,0.0,0.197,18.6,22.0,7.95,0.0,77.04,76.85,0.0,0.0
2620,2022-11-09 19:42:09,35424,23.9,44,87,0.67,4.87,0.0,0.197,18.6,22.0,7.95,0.0,77.06,76.87,0.0,0.0
2621,2022-11-09 19:57:16,37238,24.2,43,86,0.6,5.0,0.0,0.197,18.6,22.0,7.95,0.0,77.07,76.88,0.0,0.0
2622,2022-11-09 20:12:18,40529,24.4,84,84,0.4,5.0,0.0,0.197,18.6,22.0,7.95,0.0,77.08,76.89,0.0,0.0
2623,2022-11-09 20:27:23,32805,24.5,73,84,0.2,5.0,0.0,0.197,18.6,22.0,7.95,0.0,77.1,76.91,0.0,0.0
2624,2022-11-09 20:42:24,39093,24.4,55,85,0.13,5.0,0.0,0.197,18.6,22.0,7.95,0.0,77.11,76.92,0.0,0.0
2625,2022-11-09 20:57:27,34935,24.4,37,85,0.0,5.0,0.0,0.197,18.6,22.0,7.95,0.0,77.12,76.93,0.0,0.0
2626,2022-11-09 21:12:30,39185,24.6,20,83,0.0,5.0,0.0,0.197,18.6,22.0,7.95,0.0,77.14,76.95,0.0,0.0
2627,2022-11-09 21:27:33,39251,24.4,10,85,0.0,5.0,0.0,0.197,18.6,22.0,7.95,0.0,77.15,76.96,0.0,0.0
2628,2022-11-09 21:42:35,41472,24.3,2,85,0.0,5.0,0.0,0.197,18.6,22.0,7.95,0.0,77.16,76.97,0.0,0.0
2629,2022-11-09 21:57:37,40085,24.2,2,85,0.0,5.0,0.0,0.197,18.6,22.0,7.95,0.0,77.17,76.98,0.0,0.0
2630,2022-11-09 22:12:39,35988,24.2,2,86,0.0,5.0,0.0,0.197,18.6,22.0,7.95,0.0,77.18,76.99,0.0,0.0
2631,2022-11-09 22:27:42,37842,24.2,0,87,0.0,5.0,0.0,0.197,18.6,22.0,7.95,0.0,77.19,77.0,0.0,0.0
2632,2022-11-09 22:42:44,37458,24.2,1,87,0.07,5.07,0.0,0.197,18.6,22.0,7.95,0.0,77.2,77.01,0.0,0.0
2633,2022-11-09 22:57:47,38453,23.7,0,89,0.33,5.33,0.0,0.197,18.6,22.0,7.95,0.0,77.21,77.02,0.0,0.0
2634,2022-11-09 23:12:50,38483,23.3,0,91,1.47,6.6,0.0,0.197,18.6,22.0,7.95,0.0,77.21,77.03,0.0,0.0
2635,2022-11-09 23:27:53,33854,23.5,0,92,2.53,7.53,0.0,0.197,18.6,22.0,7.95,0.0,77.21,77.03,0.0,0.0
2636,2022-11-09 23:42:56,38559,23.8,0,91,3.13,8.2,0.0,0.197,18.6,22.0,7.95,0.0,77.21,77.02,0.0,0.0
2637,2022-11-09 23:57:59,43011,24.0,0,91,3.2,2.93,0.0,0.197,18.6,22.9,7.95,0.0,77.21,77.02,0.0,0.0
2638,2022-11-10 00:13:05,40704,24.0,0,91,2.33,0.47,0.0,0.197,18.6,23.3,7.95,0.0,77.21,77.03,0.0,0.0
2639,2022-11-10 00:28:09,38194,24.1,0,91,1.67,0.8,0.0,0.197,18.6,23.3,7.95,0.0,77.21,77.03,0.0,0.0
2640,2022-11-10 00:43:11,37659,24.1,0,91,1.47,1.27,0.0,0.197,18.6,23.3,7.95,0.0,77.21,77.03,0.0,0.0
2641,2022-11-10 00:58:14,38264,24.2,0,91,1.6,1.73,0.0,0.197,18.6,23.3,7.95,0.0,77.21,77.03,0.0,0.0
2642,2022-11-10 01:13:17,37763,24.1,0,91,2.33,3.07,0.0,0.197,18.6,23.3,7.95,0.0,77.21,77.02,0.0,0.0
2643,2022-11-10 01:28:20,36726,23.8,0,91,4.0,4.8,0.0,0.197,18.6,23.3,7.95,0.0,77.21,77.02,0.0,0.0
2644,2022-11-10 01:43:23,37129,23.7,0,91,5.13,6.4,0.0,0.197,18.6,23.3,7.95,0.0,77.21,77.02,0.0,0.0
2645,2022-11-10 01:58:25,42945,23.7,0,92,7.2,8.93,0.0,0.197,18.6,23.3,7.95,0.0,77.21,77.02,0.0,0.0
2646,2022-11-10 02:13:27,36768,23.6,0,92,7.8,11.27,0.0,0.197,18.6,23.3,7.95,0.0,77.21,77.02,0.0,0.0
2647,2022-11-10 02:33:30,40924,23.7,0,92,8.67,13.93,0.0,0.197,18.6,23.3,7.95,0.0,77.21,77.02,0.0,0.0
2648,2022-11-10 02:48:33,39284,23.4,0,91,8.73,15.8,0.0,0.197,18.6,23.3,7.95,0.0,77.21,77.02,0.0,0.0
2649,2022-11-10 03:03:35,37581,23.4,0,91,6.53,16.27,0.0,0.197,18.6,23.3,7.95,0.0,77.21,77.02,0.0,0.0
2650,2022-11-10 03:18:38,40236,23.2,0,92,5.8,17.33,0.0,0.197,18.6,23.3,7.95,0.0,77.21,77.03,0.0,0.0
2651,2022-11-10 03:33:41,38539,23.6,1,92,3.87,17.8,0.0,0.197,18.6,23.3,7.95,0.0,77.21,77.03,0.0,0.0
2652,2022-11-10 03:48:44,40311,23.7,1,91,2.0,17.8,0.0,0.197,18.6,23.3,7.95,0.0,77.23,77.04,0.0,0.0
2653,2022-11-10 04:03:47,38699,23.7,0,92,1.93,18.13,0.0,0.197,18.6,23.3,7.95,0.0,77.24,77.05,0.0,0.0
2654,2022-11-10 04:18:50,40508,24.0,0,93,1.47,18.67,0.0,0.197,18.6,23.3,7.95,0.0,77.24,77.05,0.0,0.0
2655,2022-11-10 04:33:57,39665,24.1,0,92,1.07,18.87,0.0,0.197,18.6,23.3,7.95,0.0,77.24,77.05,0.0,0.0
2656,2022-11-10 04:48:59,33648,24.1,0,92,1.73,19.53,0.0,0.197,18.6,23.3,7.95,0.0,77.24,77.05,0.0,0.0
2657,2022-11-10 05:04:02,37478,24.2,0,91,1.67,19.8,0.0,0.197,18.6,23.3,7.95,0.0,77.24,77.05,0.0,0.0
2658,2022-11-10 05:19:05,42784,24.3,1,91,1.13,19.8,0.0,0.197,18.6,23.3,7.95,0.0,77.24,77.05,0.0,0.0
2659,2022-11-10 05:34:08,41071,24.5,1,89,0.93,19.8,0.0,0.197,18.6,23.3,7.95,0.0,77.25,77.07,0.0,0.0
2660,2022-11-10 05:49:11,39628,24.1,0,91,0.87,20.47,0.0,0.197,18.6,23.3,7.95,0.0,77.26,77.07,0.0,0.0
2661,2022-11-10 06:04:14,34394,24.1,0,92,1.4,21.27,0.0,0.197,18.6,23.3,7.95,0.0,77.26,77.07,0.0,0.0
2662,2022-11-10 06:19:16,36749,24.0,0,93,1.87,21.67,0.0,0.197,18.6,23.3,7.95,0.0,77.26,77.07,0.0,0.0
2663,2022-11-10 06:34:18,38173,24.4,0,93,2.0,21.8,0.0,0.197,18.6,23.3,7.95,0.0,77.26,77.07,0.0,0.0
2664,2022-11-10 06:49:20,36068,24.5,1,94,1.33,21.8,0.0,0.197,18.6,23.3,7.95,0.0,77.26,77.07,0.0,0.0
2665,2022-11-10 07:04:23,38487,24.4,1,93,0.53,21.8,0.0,0.197,18.6,23.3,7.95,0.0,77.27,77.09,0.0,0.0
2666,2022-11-10 07:19:25,39364,24.2,0,93,0.13,21.8,0.0,0.197,18.6,23.3,7.95,0.0,77.28,77.1,0.0,0.0
2667,2022-11-10 07:34:28,38529,23.4,0,93,0.07,21.87,0.0,0.197,18.6,23.3,7.95,0.0,77.29,77.1,0.0,0.0
2668,2022-11-10 07:49:31,39603,23.1,0,93,0.4,22.2,0.0,0.197,18.6,23.3,7.95,0.0,77.28,77.1,0.0,0.0
2669,2022-11-10 08:04:34,40547,23.0,0,93,1.0,22.8,0.0,0.197,18.6,23.3,7.95,0.0,77.28,77.1,0.0,0.0
2670,2022-11-10 08:19:37,39275,22.9,1,92,1.2,23.0,0.0,0.197,18.6,23.3,7.95,0.0,77.29,77.1,0.0,0.0
2671,2022-11-10 08:34:40,40784,22.5,0,92,1.13,23.0,0.0,0.197,18.6,23.3,7.95,0.0,77.3,77.11,0.0,0.0
2672,2022-11-10 08:49:47,41828,22.1,0,92,0.8,23.0,0.0,0.197,18.6,23.3,7.95,0.0,77.3,77.12,0.0,0.0
2673,2022-11-10 09:04:49,36476,21.8,0,92,0.2,23.07,0.0,0.197,18.6,23.3,7.95,0.0,77.3,77.11,0.0,0.0
2674,2022-11-10 09:19:52,38126,21.6,0,93,0.67,23.67,0.0,0.197,18.6,23.3,7.95,0.0,77.3,77.11,0.0,0.0
2675,2022-11-10 09:34:55,38739,21.2,0,93,1.33,24.33,0.0,0.197,18.6,23.3,7.95,0.0,77.3,77.11,0.0,0.0
2676,2022-11-10 09:49:58,38017,20.9,0,92,1.6,24.6,0.0,0.197,18.6,23.3,7.95,0.0,77.3,77.11,0.0,0.0
2677,2022-11-10 10:05:01,24060,20.8,0,92,1.6,24.67,0.0,0.197,18.6,23.3,7.95,21.11,56.19,56.01,56.19,0.0
2678,2022-11-10 10:20:04,23467,20.9,0,92,1.2,24.87,0.0,0.197,18.6,23.3,7.95,0.0,56.2,56.01,0.0,0.0
2679,2022-11-10 10:35:06,28097,20.8,0,93,0.73,25.07,0.0,0.197,18.6,23.3,7.95,0.0,56.2,56.02,0.0,0.0
2680,2022-11-10 10:50:08,25815,20.9,1,93,0.87,25.47,0.0,0.197,18.6,23.3,7.95,0.0,56.21,56.02,0.0,0.0
2681,2022-11-10 11:05:10,27858,20.9,5,93,1.33,25.93,0.0,0.197,18.6,23.3,7.95,0.0,56.23,56.05,0.0,0.0
2682,2022-11-10 11:20:13,29928,21.1,7,93,1.2,26.07,0.0,0.197,18.6,23.3,7.95,0.0,56.27,56.09,0.0,0.0
2683,2022-11-10 11:35:15,25335,21.2,24,93,1.27,26.33,0.0,0.197,18.6,23.3,7.95,0.0,56.31,56.12,0.0,0.0
2684,2022-11-10 11:50:18,28970,21.3,57,92,1.0,26.47,0.0,0.197,18.6,23.3,7.95,0.0,56.35,56.16,0.0,0.0
2685,2022-11-10 12:05:21,25859,21.5,71,91,0.67,26.6,0.0,0.197,18.6,23.3,7.95,0.0,56.39,56.2,0.0,0.0
2686,2022-11-10 12:20:24,30390,21.8,141,91,0.53,26.6,0.0,0.197,18.6,23.3,7.95,0.0,56.43,56.24,0.0,0.0
2687,2022-11-10 12:35:27,30125,22.2,272,89,0.27,26.6,0.0,0.197,18.6,23.3,7.95,0.0,56.48,56.29,0.0,0.0
2688,2022-11-10 12:50:30,28666,22.6,262,88,0.13,26.6,0.0,0.197,18.6,23.3,7.95,0.0,56.53,56.35,0.0,0.0
2689,2022-11-10 13:05:37,31632,22.8,230,88,0.0,26.6,0.0,0.197,18.6,23.3,7.95,0.0,56.59,56.4,0.0,0.0
2690,2022-11-10 13:20:39,28613,23.0,280,88,0.0,26.6,0.0,0.197,18.6,23.3,7.95,0.0,56.64,56.46,0.0,0.0
2691,2022-11-10 13:35:42,32869,23.3,166,86,0.0,26.6,0.0,0.197,18.6,23.3,7.95,0.0,56.7,56.51,0.0,0.0
2692,2022-11-10 13:50:45,27070,23.6,179,85,0.0,26.6,0.0,0.197,18.6,23.3,7.95,0.0,56.75,56.56,0.0,0.0
2693,2022-11-10 14:05:48,25345,23.8,109,85,0.0,26.6,0.0,0.197,18.6,23.3,7.95,0.0,56.8,56.61,0.0,0.0
2694,2022-11-10 14:20:51,28093,23.9,136,85,0.0,26.6,0.0,0.197,18.6,23.3,7.95,0.0,56.84,56.66,0.0,0.0
2695,2022-11-10 14:35:54,33160,24.4,226,83,0.0,26.6,0.0,0.197,18.6,23.3,7.95,0.0,56.89,56.7,0.0,0.0
2696,2022-11-10 14:50:57,29853,24.7,276,82,0.0,26.6,0.0,0.197,18.6,23.3,7.95,0.0,56.94,56.76,0.0,0.0
2697,2022-11-10 15:05:58,29941,25.1,314,81,0.0,26.6,0.0,0.197,18.6,23.3,7.95,0.0,57.0,56.81,0.0,0.0
2698,2022-11-10 15:21:00,28313,25.6,646,80,0.0,26.6,0.0,0.197,18.6,23.3,7.95,0.0,57.06,56.87,0.0,0.0
2699,2022-11-10 15:36:03,25055,26.2,428,78,0.0,26.6,0.0,0.197,18.6,23.3,7.95,0.0,57.13,56.94,0.0,0.0
2700,2022-11-10 15:51:05,29533,26.1,387,78,0.0,26.6,0.0,0.197,18.6,23.3,7.95,0.0,57.19,57.0,0.0,0.0
2701,2022-11-10 16:06:08,28011,26.3,284,77,0.0,26.6,0.0,0.197,18.6,23.3,7.95,0.0,57.25,57.06,0.0,0.0
2702,2022-11-10 16:21:11,28426,26.0,227,79,0.0,26.6,0.0,0.197,18.6,23.3,7.95,0.0,57.3,57.12,0.0,0.0
2703,2022-11-10 16:36:14,27922,26.3,331,77,0.0,26.6,0.0,0.197,18.6,23.3,7.95,0.0,57.36,57.17,0.0,0.0
2704,2022-11-10 16:51:17,29462,26.5,307,76,0.0,26.6,0.0,0.197,18.6,23.3,7.95,0.0,57.42,57.23,0.0,0.0
2705,2022-11-10 17:06:20,31159,26.9,642,75,0.0,26.6,0.0,0.197,18.6,23.3,7.95,0.0,57.47,57.28,0.0,0.0
2706,2022-11-10 17:21:26,24087,27.2,494,74,0.0,26.6,0.0,0.197,18.6,23.3,7.95,0.0,57.54,57.35,0.0,0.0
2707,2022-11-10 17:36:29,31033,27.6,739,73,0.0,26.6,0.0,0.197,18.6,23.3,7.95,0.0,57.6,57.41,0.0,0.0
2708,2022-11-10 17:51:32,31358,26.6,242,74,0.0,26.6,0.0,0.197,18.6,23.3,7.95,0.0,57.67,57.48,0.0,0.0
2709,2022-11-10 18:06:35,30141,26.2,231,76,0.0,26.6,0.0,0.197,18.6,23.3,7.95,0.0,57.72,57.53,0.0,0.0
2710,2022-11-10 18:21:38,24655,26.5,407,77,0.0,26.6,0.0,0.197,18.6,23.3,7.95,0.0,57.77,57.58,0.0,0.0
2711,2022-11-10 18:36:41,26288,27.2,493,75,0.0,26.6,0.0,0.197,18.6,23.3,7.95,0.0,57.83,57.64,0.0,0.0
2712,2022-11-10 18:51:44,27311,27.2,367,76,0.0,26.6,0.0,0.197,18.6,23.3,7.95,0.0,57.89,57.7,0.0,0.0
2713,2022-11-10 19:06:47,28996,27.7,345,74,0.0,26.6,0.0,0.197,18.6,23.3,7.95,0.0,57.95,57.76,0.0,0.0
2714,2022-11-10 19:21:49,31494,27.8,498,74,0.0,26.6,0.0,0.197,18.6,23.3,7.95,0.0,58.01,57.81,0.0,0.0
2715,2022-11-10 19:36:51,29452,27.5,143,75,0.0,26.6,0.0,0.197,18.6,23.3,7.95,0.0,58.07,57.88,0.0,0.0
2716,2022-11-10 19:51:53,28428,26.9,169,74,0.0,26.6,0.0,0.197,18.6,23.3,7.95,0.0,58.11,57.92,0.0,0.0
2717,2022-11-10 20:06:56,26953,26.9,215,75,0.0,26.6,0.0,0.197,18.6,23.3,7.95,0.0,58.16,57.97,0.0,0.0
2718,2022-11-10 20:21:58,32787,26.6,202,76,0.0,26.6,0.0,0.197,18.6,23.3,7.95,0.0,58.21,58.02,0.0,0.0
2719,2022-11-10 20:37:01,30611,25.0,116,85,0.13,26.73,0.0,0.197,18.6,23.3,7.95,0.0,58.26,58.07,0.0,0.0
2720,2022-11-10 20:52:04,28687,24.2,80,88,0.27,26.93,0.0,0.197,18.6,23.3,7.95,0.0,58.3,58.11,0.0,0.0
2721,2022-11-10 21:07:07,28762,24.3,135,88,0.67,27.27,0.0,0.197,18.6,23.3,7.95,0.0,58.34,58.15,0.0,0.0
2722,2022-11-10 21:22:10,27953,23.9,39,87,0.8,27.4,0.0,0.197,18.6,23.3,7.95,0.0,58.39,58.2,0.0,0.0
2723,2022-11-10 21:37:13,28673,23.6,11,88,0.67,27.4,0.0,0.197,18.6,23.3,7.95,0.0,58.42,58.23,0.0,0.0
2724,2022-11-10 21:52:20,27030,23.6,4,88,0.53,27.4,0.0,0.197,18.6,23.3,7.95,0.0,58.46,58.27,0.0,0.0
2725,2022-11-10 22:07:22,29936,23.7,1,88,0.07,27.4,0.0,0.197,18.6,23.3,7.95,0.0,58.49,58.3,0.0,0.0
2726,2022-11-10 22:22:25,28122,23.6,1,88,0.0,27.4,0.0,0.197,18.6,23.3,7.95,0.0,58.53,58.33,0.0,0.0
2727,2022-11-10 22:37:28,29885,23.5,1,88,0.0,27.4,0.0,0.197,18.6,23.3,7.95,0.0,58.56,58.37,0.0,0.0
2728,2022-11-10 22:52:31,31261,23.6,1,88,0.0,27.4,0.0,0.197,18.6,23.3,7.95,0.0,58.59,58.4,0.0,0.0
2729,2022-11-10 23:07:34,28394,23.7,1,89,0.0,27.4,0.0,0.197,18.6,23.3,7.95,0.0,58.63,58.43,0.0,0.0
2730,2022-11-10 23:22:37,26426,23.6,0,89,0.0,27.4,0.0,0.197,18.6,23.3,7.95,0.0,58.66,58.47,0.0,0.0
2731,2022-11-10 23:37:39,30934,23.6,0,89,0.0,27.4,0.0,0.197,18.6,23.3,7.95,0.0,58.66,58.47,0.0,0.0
2732,2022-11-10 23:52:40,29797,23.5,0,89,0.0,18.27,0.0,0.197,18.6,23.9,7.95,0.0,58.67,58.48,0.0,0.0
2733,2022-11-11 00:07:43,29275,23.4,0,89,0.0,0.0,0.0,0.197,18.6,24.9,7.95,0.0,58.69,58.5,0.0,0.0
2734,2022-11-11 00:22:46,34042,23.4,0,90,0.0,0.0,0.0,0.197,18.6,24.9,7.95,0.0,58.71,58.51,0.0,0.0
2735,2022-11-11 00:37:48,27458,23.3,0,90,0.0,0.0,0.0,0.197,18.6,24.9,7.95,0.0,58.71,58.52,0.0,0.0
2736,2022-11-11 00:52:51,33822,23.2,0,90,0.0,0.0,0.0,0.197,18.6,24.9,7.95,0.0,58.73,58.53,0.0,0.0
2737,2022-11-11 01:07:54,28188,23.3,0,89,0.0,0.0,0.0,0.197,18.6,24.9,7.95,0.0,58.73,58.54,0.0,0.0
2738,2022-11-11 01:22:57,29943,23.4,0,88,0.0,0.0,0.0,0.197,18.6,24.9,7.95,0.0,58.73,58.54,0.0,0.0
2739,2022-11-11 01:38:00,28596,23.4,0,87,0.0,0.0,0.0,0.197,18.6,24.9,7.95,0.0,58.75,58.56,0.0,0.0
2740,2022-11-11 01:53:03,31370,23.2,0,88,0.0,0.0,0.0,0.197,18.6,24.9,7.95,0.0,58.75,58.56,0.0,0.0
2741,2022-11-11 02:08:10,28899,23.1,0,88,0.0,0.0,0.0,0.197,18.6,24.9,7.95,0.0,58.76,58.56,0.0,0.0
2742,2022-11-11 02:23:12,27137,23.0,0,88,0.0,0.0,0.0,0.197,18.6,24.9,7.95,0.0,58.77,58.58,0.0,0.0
2743,2022-11-11 02:38:15,33028,23.0,0,88,0.0,0.0,0.0,0.197,18.6,24.9,7.95,0.0,58.79,58.59,0.0,0.0
2744,2022-11-11 02:53:18,32512,22.9,1,89,0.0,0.0,0.0,0.197,18.6,24.9,7.95,0.0,58.8,58.61,0.0,0.0
2745,2022-11-11 03:08:21,28369,22.8,0,89,0.0,0.0,0.0,0.197,18.6,24.9,7.95,0.0,58.83,58.64,0.0,0.0
2746,2022-11-11 03:23:24,31835,22.8,0,89,0.0,0.0,0.0,0.197,18.6,24.9,7.95,0.0,58.86,58.66,0.0,0.0
2747,2022-11-11 03:38:27,28850,22.8,0,89,0.0,0.0,0.0,0.197,18.6,24.9,7.95,0.0,58.86,58.67,0.0,0.0
2748,2022-11-11 03:53:29,27449,22.9,0,89,0.0,0.0,0.0,0.197,18.6,24.9,7.95,0.0,58.87,58.67,0.0,0.0
2749,2022-11-11 04:08:30,27284,22.9,0,89,0.0,0.0,0.0,0.197,18.6,24.9,7.95,0.0,58.87,58.68,0.0,0.0
2750,2022-11-11 04:23:33,26109,22.9,0,89,0.0,0.0,0.0,0.197,18.6,24.9,7.95,0.0,58.88,58.69,0.0,0.0
2751,2022-11-11 04:38:36,29553,22.9,0,89,0.0,0.0,0.0,0.197,18.6,24.9,7.95,0.0,58.89,58.7,0.0,0.0
2752,2022-11-11 04:53:38,32446,22.9,0,90,0.0,0.0,0.0,0.197,18.6,24.9,7.95,0.0,58.89,58.7,0.0,0.0
2753,2022-11-11 05:08:41,33183,22.9,0,90,0.0,0.0,0.0,0.197,18.6,24.9,7.95,0.0,58.91,58.71,0.0,0.0
2754,2022-11-11 05:23:44,31494,22.7,0,90,0.0,0.0,0.0,0.197,18.6,24.9,7.95,0.0,58.93,58.74,0.0,0.0
2755,2022-11-11 05:38:47,29223,22.7,0,90,0.0,0.0,0.0,0.197,18.6,24.9,7.95,0.0,58.93,58.74,0.0,0.0
2756,2022-11-11 05:53:50,32767,22.8,0,91,0.0,0.0,0.0,0.197,18.6,24.9,7.95,0.0,58.94,58.75,0.0,0.0
2757,2022-11-11 06:08:53,30013,22.9,0,90,0.0,0.0,0.0,0.197,18.6,24.9,7.95,0.0,58.94,58.75,0.0,0.0
2758,2022-11-11 06:24:00,25952,23.0,0,90,0.0,0.0,0.0,0.197,18.6,24.9,7.95,0.0,58.95,58.75,0.0,0.0
2759,2022-11-11 06:39:02,29180,23.0,0,90,0.0,0.0,0.0,0.197,18.6,24.9,7.95,0.0,58.95,58.76,0.0,0.0
2760,2022-11-11 06:54:05,32246,23.0,0,90,0.0,0.0,0.0,0.197,18.6,24.9,7.95,0.0,58.96,58.76,0.0,0.0
2761,2022-11-11 07:09:08,28811,23.0,0,90,0.0,0.0,0.0,0.197,18.6,24.9,7.95,0.0,58.96,58.77,0.0,0.0
2762,2022-11-11 07:24:11,26850,23.0,0,90,0.0,0.0,0.0,0.197,18.6,24.9,7.95,0.0,58.97,58.77,0.0,0.0
2763,2022-11-11 07:39:14,32384,23.0,0,90,0.0,0.0,0.0,0.197,18.6,24.9,7.95,0.0,58.97,58.78,0.0,0.0
2764,2022-11-11 07:54:17,25508,23.0,0,90,0.0,0.0,0.0,0.197,18.6,24.9,7.95,0.0,58.97,58.78,0.0,0.0
2765,2022-11-11 08:09:19,31855,23.0,0,90,0.0,0.0,0.0,0.197,18.6,24.9,7.95,0.0,58.98,58.79,0.0,0.0
2766,2022-11-11 08:24:20,31618,23.0,0,90,0.0,0.0,0.0,0.197,18.6,24.9,7.95,0.0,58.98,58.79,0.0,0.0
2767,2022-11-11 08:39:23,30556,22.9,0,91,0.0,0.0,0.0,0.197,18.6,24.9,7.95,0.0,58.99,58.79,0.0,0.0
2768,2022-11-11 08:54:26,28074,22.9,0,90,0.0,0.0,0.0,0.197,18.6,24.9,7.95,0.0,58.99,58.8,0.0,0.0
2769,2022-11-11 09:09:28,28006,22.8,0,91,0.0,0.0,0.0,0.197,18.6,24.9,7.95,0.0,59.0,58.8,0.0,0.0
2770,2022-11-11 09:24:31,29793,22.7,0,91,0.0,0.0,0.0,0.197,18.6,24.9,7.95,0.0,59.0,58.81,0.0,0.0
2771,2022-11-11 09:39:34,24605,22.7,0,91,0.0,0.0,0.0,0.197,18.6,24.9,7.95,0.0,59.0,58.81,0.0,0.0
2772,2022-11-11 09:54:37,33716,22.5,0,91,0.0,0.0,0.0,0.197,18.6,24.9,7.95,0.0,59.01,58.82,0.0,0.0
2773,2022-11-11 10:09:40,30199,22.5,0,91,0.0,0.0,0.0,0.197,18.6,24.9,7.95,0.0,59.01,58.82,59.01,0.0
2774,2022-11-11 10:24:43,29842,22.4,0,91,0.0,0.0,0.0,0.197,18.6,24.9,7.95,0.0,59.02,58.82,0.0,0.0
2775,2022-11-11 10:39:50,28306,22.3,1,91,0.0,0.0,0.0,0.197,18.6,24.9,7.95,0.0,59.02,58.83,0.0,0.0
2776,2022-11-11 10:54:52,32704,22.2,4,91,0.0,0.0,0.0,0.197,18.6,24.9,7.95,0.0,59.05,58.85,0.0,0.0
2777,2022-11-11 11:09:55,32681,22.0,11,92,0.0,0.0,0.0,0.197,18.6,24.9,7.95,0.0,59.08,58.89,0.0,0.0
2778,2022-11-11 11:24:58,33218,22.2,27,92,0.0,0.0,0.0,0.197,18.6,24.9,7.95,0.0,59.11,58.92,0.0,0.0
2779,2022-11-11 11:40:01,28122,22.4,53,92,0.0,0.0,0.0,0.197,18.6,24.9,7.95,0.0,59.15,58.95,0.0,0.0
2780,2022-11-11 11:55:04,30725,23.2,115,91,0.0,0.0,0.0,0.197,18.6,24.9,7.95,0.0,59.18,58.99,0.0,0.0
2781,2022-11-11 12:10:07,29321,23.9,175,88,0.0,0.0,0.0,0.197,18.6,24.9,7.95,0.0,59.23,59.03,0.0,0.0
2782,2022-11-11 12:25:10,31341,24.4,237,86,0.0,0.0,0.0,0.197,18.6,24.9,7.95,0.0,59.27,59.08,0.0,0.0
2783,2022-11-11 12:40:11,27288,24.7,293,84,0.0,0.0,0.0,0.197,18.6,24.9,7.95,0.0,59.32,59.13,0.0,0.0
2784,2022-11-11 12:55:13,31330,25.3,340,83,0.0,0.0,0.0,0.197,18.6,24.9,7.95,0.0,59.37,59.18,0.0,0.0
2785,2022-11-11 13:10:16,27156,25.7,384,81,0.0,0.0,0.0,0.197,18.6,24.9,7.95,0.0,59.43,59.24,0.0,0.0
2786,2022-11-11 13:25:18,28574,26.2,431,79,0.0,0.0,0.0,0.197,18.6,24.9,7.95,0.0,59.49,59.29,0.0,0.0
2787,2022-11-11 13:40:21,29246,26.4,475,78,0.0,0.0,0.0,0.197,18.6,24.9,7.95,0.0,59.54,59.35,0.0,0.0
2788,2022-11-11 13:55:24,24765,26.8,522,77,0.0,0.0,0.0,0.197,18.6,24.9,7.95,0.0,59.6,59.41,0.0,0.0
2789,2022-11-11 14:10:27,28296,27.0,557,76,0.0,0.0,0.0,0.197,18.6,24.9,7.95,0.0,59.66,59.47,0.0,0.0
2790,2022-11-11 14:25:30,25365,27.5,616,75,0.0,0.0,0.0,0.197,18.6,24.9,7.95,0.0,59.73,59.53,0.0,0.0
2791,2022-11-11 14:40:33,28994,27.7,695,75,0.0,0.0,0.0,0.197,18.6,24.9,7.95,0.0,59.79,59.59,0.0,0.0
2792,2022-11-11 14:55:40,29690,27.8,583,74,0.0,0.0,0.0,0.197,18.6,24.9,7.95,0.0,59.85,59.66,0.0,0.0
2793,2022-11-11 15:10:42,29355,28.0,608,72,0.0,0.0,0.0,0.197,18.6,24.9,7.95,0.0,59.91,59.72,0.0,0.0
2794,2022-11-11 15:25:45,34211,28.4,618,70,0.0,0.0,0.0,0.197,18.6,24.9,7.95,0.0,59.97,59.78,0.0,0.0
2795,2022-11-11 15:40:48,25036,28.9,744,69,0.0,0.0,0.0,0.197,18.6,24.9,7.95,0.0,60.03,59.84,0.0,0.0
2796,2022-11-11 15:55:51,29342,29.2,731,69,0.0,0.0,0.0,0.197,18.6,24.9,7.95,0.0,60.1,59.9,0.0,0.0
2797,2022-11-11 16:10:54,29550,29.1,586,68,0.0,0.0,0.0,0.197,18.6,24.9,7.95,0.0,60.16,59.96,0.0,0.0
2798,2022-11-11 16:25:57,29100,29.3,648,68,0.0,0.0,0.0,0.197,18.6,24.9,7.95,0.0,60.22,60.02,0.0,0.0
2799,2022-11-11 16:41:00,31066,29.4,762,68,0.0,0.0,0.0,0.197,18.6,24.9,7.95,0.0,60.28,60.08,0.0,0.0
2800,2022-11-11 16:56:02,32352,29.1,631,67,0.0,0.0,0.0,0.197,18.6,24.9,7.95,0.0,60.34,60.15,0.0,0.0
2801,2022-11-11 17:11:04,29321,29.3,741,66,0.0,0.0,0.0,0.197,18.6,24.9,7.95,0.0,60.4,60.21,0.0,0.0
2802,2022-11-11 17:26:06,31835,29.6,713,66,0.0,0.0,0.0,0.197,18.6,24.9,7.95,0.0,60.47,60.27,0.0,0.0
2803,2022-11-11 17:41:09,31290,29.6,724,64,0.0,0.0,0.0,0.197,18.6,24.9,7.95,0.0,60.53,60.33,0.0,0.0
2804,2022-11-11 17:56:11,27407,29.8,702,66,0.0,0.0,0.0,0.197,18.6,24.9,7.95,0.0,60.59,60.39,0.0,0.0
2805,2022-11-11 18:11:14,32871,29.5,359,66,0.0,0.0,0.0,0.197,18.6,24.9,7.95,0.0,60.65,60.45,0.0,0.0
2806,2022-11-11 18:26:17,33049,29.4,384,67,0.0,0.0,0.0,0.197,18.6,24.9,7.95,0.0,60.7,60.5,0.0,0.0
2807,2022-11-11 18:41:20,31061,29.6,547,67,0.0,0.0,0.0,0.197,18.6,24.9,7.95,0.0,60.75,60.56,0.0,0.0
2808,2022-11-11 18:56:23,32886,29.6,505,66,0.0,0.0,0.0,0.197,18.6,24.9,7.95,0.0,60.81,60.61,0.0,0.0
2809,2022-11-11 19:11:26,26442,29.9,465,66,0.0,0.0,0.0,0.197,18.6,24.9,7.95,0.0,60.87,60.67,0.0,0.0
2810,2022-11-11 19:26:33,34333,30.0,410,67,0.0,0.0,0.0,0.197,18.6,24.9,7.95,0.0,60.93,60.73,0.0,0.0
2811,2022-11-11 19:41:35,34238,29.7,377,66,0.0,0.0,0.0,0.197,18.6,24.9,7.95,0.0,60.98,60.78,0.0,0.0
2812,2022-11-11 19:56:38,31106,29.9,284,67,0.0,0.0,0.0,0.197,18.6,24.9,7.95,0.0,61.04,60.84,0.0,0.0
2813,2022-11-11 20:11:41,33338,29.4,218,68,0.0,0.0,0.0,0.197,18.6,24.9,7.95,0.0,61.08,60.88,0.0,0.0
2814,2022-11-11 20:26:44,32069,29.1,85,69,0.0,0.0,0.0,0.197,18.6,24.9,7.95,0.0,61.13,60.93,0.0,0.0
2815,2022-11-11 20:41:47,27656,29.0,180,69,0.0,0.0,0.0,0.197,18.6,24.9,7.95,0.0,61.17,60.97,0.0,0.0
2816,2022-11-11 20:56:50,31250,28.7,62,70,0.0,0.0,0.0,0.197,18.6,24.9,7.95,0.0,61.21,61.01,0.0,0.0
2817,2022-11-11 21:11:53,30659,28.3,50,71,0.0,0.0,0.0,0.197,18.6,24.9,7.95,0.0,61.24,61.04,0.0,0.0
2818,2022-11-11 21:26:55,31491,27.9,34,71,0.0,0.0,0.0,0.197,18.6,24.9,7.95,0.0,61.28,61.08,0.0,0.0
2819,2022-11-11 21:41:57,28749,27.3,8,73,0.0,0.0,0.0,0.197,18.6,24.9,7.95,0.0,61.31,61.11,0.0,0.0
2820,2022-11-11 21:56:59,32692,26.8,1,75,0.0,0.0,0.0,0.197,18.6,24.9,7.95,0.0,61.34,61.14,0.0,0.0
2821,2022-11-11 22:12:01,31053,26.3,0,76,0.0,0.0,0.0,0.197,18.6,24.9,7.95,0.0,61.36,61.16,0.0,0.0
2822,2022-11-11 22:27:04,30999,25.8,0,79,0.0,0.0,0.0,0.197,18.6,24.9,7.95,0.0,61.37,61.17,0.0,0.0
2823,2022-11-11 22:42:07,28645,25.2,0,81,0.0,0.0,0.0,0.197,18.6,24.9,7.95,0.0,61.37,61.17,0.0,0.0
2824,2022-11-11 22:57:10,33056,25.0,1,82,0.0,0.0,0.0,0.197,18.6,24.9,7.95,0.0,61.38,61.18,0.0,0.0
2825,2022-11-11 23:12:13,29370,24.8,0,82,0.0,0.0,0.0,0.197,18.6,24.9,7.95,0.0,61.41,61.21,0.0,0.0
2826,2022-11-11 23:27:16,28190,24.6,0,82,0.0,0.0,0.0,0.197,18.6,24.9,7.95,0.0,61.43,61.23,0.0,0.0
2827,2022-11-11 23:42:19,29639,24.5,1,83,0.0,0.0,0.0,0.197,18.6,24.9,7.95,0.0,61.45,61.25,0.0,0.0
2828,2022-11-11 23:57:25,30034,24.4,1,83,0.0,0.0,0.0,0.197,18.6,25.0,7.95,0.0,61.48,61.28,0.0,0.0
2829,2022-11-12 00:12:28,29516,24.4,0,83,0.0,0.0,0.0,0.197,18.6,25.0,7.95,0.0,61.51,61.31,0.0,0.0
2830,2022-11-12 00:27:31,32310,24.3,0,83,0.0,0.0,0.0,0.197,18.6,25.0,7.95,0.0,61.53,61.33,0.0,0.0
2831,2022-11-12 00:42:34,26891,24.1,0,84,0.0,0.0,0.0,0.197,18.6,25.0,7.95,0.0,61.53,61.33,0.0,0.0
2832,2022-11-12 00:57:37,29016,24.1,0,83,0.0,0.0,0.0,0.197,18.6,25.0,7.95,0.0,61.53,61.33,0.0,0.0
2833,2022-11-12 01:12:40,24069,24.1,0,83,0.0,0.0,0.0,0.197,18.6,25.0,7.95,0.0,61.55,61.35,0.0,0.0
2834,2022-11-12 01:27:43,30655,23.8,0,84,0.0,0.0,0.0,0.197,18.6,25.0,7.95,0.0,61.56,61.36,0.0,0.0
2835,2022-11-12 01:42:45,31167,23.5,0,85,0.0,0.0,0.0,0.197,18.6,25.0,7.95,0.0,61.56,61.36,0.0,0.0
2836,2022-11-12 01:57:46,31705,23.3,0,85,0.0,0.0,0.0,0.197,18.6,25.0,7.95,0.0,61.58,61.38,0.0,0.0
2837,2022-11-12 02:12:49,31564,23.0,0,86,0.0,0.0,0.0,0.197,18.6,25.0,7.95,0.0,61.58,61.38,0.0,0.0
2838,2022-11-12 02:27:51,29128,23.0,0,86,0.0,0.0,0.0,0.197,18.6,25.0,7.95,0.0,61.59,61.39,0.0,0.0
2839,2022-11-12 02:42:54,28467,22.8,0,87,0.0,0.0,0.0,0.197,18.6,25.0,7.95,0.0,61.6,61.4,0.0,0.0
2840,2022-11-12 02:57:57,31001,22.8,0,87,0.0,0.0,0.0,0.197,18.6,25.0,7.95,0.0,61.6,61.4,0.0,0.0
2841,2022-11-12 03:13:00,31565,22.8,0,87,0.0,0.0,0.0,0.197,18.6,25.0,7.95,0.0,61.61,61.41,0.0,0.0
2842,2022-11-12 03:28:03,29224,22.8,0,86,0.0,0.0,0.0,0.197,18.6,25.0,7.95,0.0,61.61,61.41,0.0,0.0
2843,2022-11-12 03:43:06,29416,22.7,0,87,0.0,0.0,0.0,0.197,18.6,25.0,7.95,0.0,61.62,61.42,0.0,0.0
2844,2022-11-12 03:58:09,31899,22.6,0,87,0.0,0.0,0.0,0.197,18.6,25.0,7.95,0.0,61.62,61.42,0.0,0.0
2845,2022-11-12 04:13:15,32294,22.7,0,87,0.0,0.0,0.0,0.197,18.6,25.0,7.95,0.0,61.63,61.43,0.0,0.0
2846,2022-11-12 04:28:18,29115,22.5,0,87,0.0,0.0,0.0,0.197,18.6,25.0,7.95,0.0,61.63,61.43,0.0,0.0
2847,2022-11-12 04:43:21,33764,22.4,0,87,0.0,0.0,0.0,0.197,18.6,25.0,7.95,0.0,61.63,61.43,0.0,0.0
2848,2022-11-12 04:58:24,29664,22.3,0,88,0.0,0.0,0.0,0.197,18.6,25.0,7.95,0.0,61.64,61.44,0.0,0.0
2849,2022-11-12 05:13:27,28280,22.1,0,89,0.0,0.0,0.0,0.197,18.6,25.0,7.95,0.0,61.64,61.44,0.0,0.0
2850,2022-11-12 05:28:30,28332,22.1,0,89,0.0,0.0,0.0,0.197,18.6,25.0,7.95,0.0,61.64,61.44,0.0,0.0
2851,2022-11-12 05:43:33,27512,22.1,0,89,0.0,0.0,0.0,0.197,18.6,25.0,7.95,0.0,61.65,61.45,0.0,0.0
2852,2022-11-12 05:58:35,28967,21.8,0,89,0.0,0.0,0.0,0.197,18.6,25.0,7.95,0.0,61.65,61.45,0.0,0.0
2853,2022-11-12 06:13:36,33286,21.7,0,90,0.0,0.0,0.0,0.197,18.6,25.0,7.95,0.0,61.65,61.45,0.0,0.0
2854,2022-11-12 06:28:39,35397,21.8,0,91,0.0,0.0,0.0,0.197,18.6,25.0,7.95,0.0,61.66,61.46,0.0,0.0
2855,2022-11-12 06:43:42,33410,21.8,0,91,0.0,0.0,0.0,0.197,18.6,25.0,7.95,0.0,61.66,61.46,0.0,0.0
2856,2022-11-12 06:58:44,29517,21.8,0,91,0.0,0.0,0.0,0.197,18.6,25.0,7.95,0.0,61.67,61.47,0.0,0.0
2857,2022-11-12 07:13:47,34930,21.8,0,91,0.0,0.0,0.0,0.197,18.6,25.0,7.95,0.0,61.67,61.47,0.0,0.0
2858,2022-11-12 07:28:50,27505,21.7,0,92,0.0,0.0,0.0,0.197,18.6,25.0,7.95,0.0,61.67,61.47,0.0,0.0
2859,2022-11-12 07:43:53,33220,21.8,0,92,0.0,0.0,0.0,0.197,18.6,25.0,7.95,0.0,61.68,61.48,0.0,0.0
2860,2022-11-12 07:58:56,34046,21.7,0,92,0.0,0.0,0.0,0.197,18.6,25.0,7.95,0.0,61.68,61.48,0.0,0.0
2861,2022-11-12 08:13:59,30467,21.8,0,92,0.0,0.0,0.0,0.197,18.6,25.0,7.95,0.0,61.68,61.48,0.0,0.0
2862,2022-11-12 08:29:05,32212,21.9,0,93,0.0,0.0,0.0,0.197,18.6,25.0,7.95,0.0,61.69,61.49,0.0,0.0
2863,2022-11-12 08:44:08,32163,22.1,0,93,0.0,0.0,0.0,0.197,18.6,25.0,7.95,0.0,61.69,61.49,0.0,0.0
2864,2022-11-12 08:59:11,32772,22.1,0,93,0.0,0.0,0.0,0.197,18.6,25.0,7.95,0.0,61.69,61.49,0.0,0.0
2865,2022-11-12 09:14:14,30998,22.1,0,93,0.0,0.0,0.0,0.197,18.6,25.0,7.95,0.0,61.7,61.5,0.0,0.0
2866,2022-11-12 09:29:17,32918,22.0,0,93,0.0,0.0,0.0,0.197,18.6,25.0,7.95,0.0,61.7,61.5,0.0,0.0
2867,2022-11-12 09:44:20,29470,22.0,0,93,0.0,0.0,0.0,0.197,18.6,25.0,7.95,0.0,61.71,61.51,0.0,0.0
2868,2022-11-12 09:59:23,32573,21.8,0,93,0.0,0.0,0.0,0.197,18.6,25.0,7.95,0.0,61.71,61.51,0.0,0.0
2869,2022-11-12 10:14:25,24659,21.8,0,93,0.0,0.0,0.0,0.197,18.6,25.0,7.95,0.0,61.71,61.51,61.71,61.71
2870,2022-11-12 10:29:26,30722,21.6,0,93,0.0,0.0,0.0,0.197,18.6,25.0,7.95,0.0,61.72,61.52,0.0,0.0
2871,2022-11-12 10:44:29,27348,21.5,0,93,0.0,0.0,0.0,0.197,18.6,25.0,7.95,0.0,61.72,61.52,0.0,0.0
2872,2022-11-12 10:59:32,30821,21.4,4,94,0.0,0.0,0.0,0.197,18.6,25.0,7.95,0.0,61.74,61.54,0.0,0.0
2873,2022-11-12 11:14:34,30403,21.4,21,94,0.0,0.0,0.0,0.197,18.6,25.0,7.95,0.0,61.77,61.57,0.0,0.0
2874,2022-11-12 11:29:37,28813,21.5,46,94,0.0,0.0,0.0,0.197,18.6,25.0,7.95,0.0,61.8,61.6,0.0,0.0
2875,2022-11-12 11:44:40,29957,21.7,75,94,0.0,0.0,0.0,0.197,18.6,25.0,7.95,0.0,61.84,61.64,0.0,0.0
2876,2022-11-12 11:59:43,33724,22.0,107,94,0.0,0.0,0.0,0.197,18.6,25.0,7.95,0.0,61.87,61.67,0.0,0.0
2877,2022-11-12 12:09:45,29419,22.4,133,94,0.0,0.0,0.0,0.197,18.6,25.0,7.95,0.0,61.91,61.71,0.0,0.0
2878,2022-11-12 12:24:48,33299,22.8,138,94,0.0,0.0,0.0,0.197,18.6,25.0,7.95,0.0,61.95,61.75,0.0,0.0
2879,2022-11-12 12:39:55,33102,23.1,203,94,0.0,0.0,0.0,0.197,18.6,25.0,7.95,0.0,61.98,61.78,0.0,0.0
2880,2022-11-12 12:54:57,29153,23.1,196,93,0.0,0.0,0.0,0.197,18.6,25.0,7.95,0.0,62.03,61.83,0.0,0.0
2881,2022-11-12 13:10:00,32854,23.4,351,92,0.0,0.0,0.0,0.197,18.6,25.0,7.95,0.0,62.07,61.87,0.0,0.0
2882,2022-11-12 13:25:03,31554,24.3,396,89,0.0,0.0,0.0,0.197,18.6,25.0,7.95,0.0,62.12,61.92,0.0,0.0
2883,2022-11-12 13:40:06,33146,25.3,480,84,0.0,0.0,0.0,0.197,18.6,25.0,7.95,0.0,62.17,61.97,0.0,0.0
2884,2022-11-12 13:55:09,32498,25.4,513,82,0.0,0.0,0.0,0.197,18.6,25.0,7.95,0.0,62.23,62.02,0.0,0.0
2885,2022-11-12 14:10:12,26151,26.4,554,81,0.0,0.0,0.0,0.197,18.6,25.0,7.95,0.0,62.28,62.08,0.0,0.0
2886,2022-11-12 14:25:15,30883,26.5,405,78,0.0,0.0,0.0,0.197,18.6,25.0,7.95,0.0,62.34,62.14,0.0,0.0
2887,2022-11-12 14:40:16,29835,27.1,659,78,0.0,0.0,0.0,0.197,18.6,25.0,7.95,0.0,62.39,62.19,0.0,0.0
2888,2022-11-12 14:55:19,28729,27.3,673,76,0.0,0.0,0.0,0.197,18.6,25.0,7.95,0.0,62.44,62.24,0.0,0.0
2889,2022-11-12 15:10:21,34942,27.2,548,75,0.0,0.0,0.0,0.197,18.6,25.0,7.95,0.0,62.5,62.3,0.0,0.0
2890,2022-11-12 15:25:23,28863,27.5,554,74,0.0,0.0,0.0,0.197,18.6,25.0,7.95,0.0,62.56,62.35,0.0,0.0
2891,2022-11-12 15:40:26,29019,27.9,771,72,0.0,0.0,0.0,0.197,18.6,25.0,7.95,0.0,62.61,62.41,0.0,0.0
2892,2022-11-12 15:55:29,33013,28.3,818,71,0.0,0.0,0.0,0.197,18.6,25.0,7.95,0.0,62.67,62.47,0.0,0.0
2893,2022-11-12 16:10:32,35046,28.9,788,69,0.0,0.0,0.0,0.197,18.6,25.0,7.95,0.0,62.73,62.52,0.0,0.0
2894,2022-11-12 16:25:35,31123,29.2,632,67,0.0,0.0,0.0,0.197,18.6,25.0,7.95,0.0,62.78,62.58,0.0,0.0
2895,2022-11-12 16:40:38,33488,28.3,423,69,0.0,0.0,0.0,0.197,18.6,25.0,7.95,0.0,62.84,62.63,0.0,0.0
2896,2022-11-12 16:55:41,32152,29.2,735,67,0.0,0.0,0.0,0.197,18.6,25.0,7.95,0.0,62.88,62.68,0.0,0.0
2897,2022-11-12 17:10:47,28676,28.7,477,67,0.0,0.0,0.0,0.197,18.6,25.0,7.95,0.0,62.94,62.74,0.0,0.0
2898,2022-11-12 17:25:49,30987,29.6,710,64,0.0,0.0,0.0,0.197,18.6,25.0,7.95,0.0,62.99,62.79,0.0,0.0
2899,2022-11-12 17:40:52,32863,30.0,740,62,0.0,0.0,0.0,0.197,18.6,25.0,7.95,0.0,63.05,62.85,0.0,0.0
2900,2022-11-12 17:55:55,32185,30.0,612,60,0.0,0.0,0.0,0.197,18.6,25.0,7.95,0.0,63.1,62.9,0.0,0.0
2901,2022-11-12 18:10:58,31751,30.2,562,59,0.0,0.0,0.0,0.197,18.6,25.0,7.95,0.0,63.16,62.96,0.0,0.0
2902,2022-11-12 18:26:01,31583,28.5,279,66,0.0,0.0,0.0,0.197,18.6,25.0,7.95,0.0,63.21,63.01,0.0,0.0
2903,2022-11-12 18:41:04,31710,27.6,307,69,0.0,0.0,0.0,0.197,18.6,25.0,7.95,0.0,63.26,63.05,0.0,0.0
2904,2022-11-12 18:56:07,28098,27.8,260,70,0.0,0.0,0.0,0.197,18.6,25.0,7.95,0.0,63.3,63.1,0.0,0.0
2905,2022-11-12 19:11:08,28642,28.1,369,71,0.0,0.0,0.0,0.197,18.6,25.0,7.95,0.0,63.35,63.14,0.0,0.0
2906,2022-11-12 19:26:11,33758,27.5,149,73,0.0,0.0,0.0,0.197,18.6,25.0,7.95,0.0,63.39,63.19,0.0,0.0
2907,2022-11-12 19:41:13,28396,27.2,142,76,0.0,0.0,0.0,0.197,18.6,25.0,7.95,0.0,63.43,63.23,0.0,0.0
2908,2022-11-12 19:56:15,30133,27.0,78,77,0.0,0.0,0.0,0.197,18.6,25.0,7.95,0.0,63.47,63.26,0.0,0.0
2909,2022-11-12 20:11:18,27822,26.9,56,76,0.0,0.0,0.0,0.197,18.6,25.0,7.95,0.0,63.5,63.3,0.0,0.0
2910,2022-11-12 20:26:21,32835,26.7,51,78,0.0,0.0,0.0,0.197,18.6,25.0,7.95,0.0,63.53,63.33,0.0,0.0
2911,2022-11-12 20:41:26,29610,25.8,42,85,0.07,0.07,0.0,0.197,18.6,25.0,7.95,0.0,63.56,63.36,0.0,0.0
2912,2022-11-12 20:56:27,31682,25.6,40,86,0.2,0.2,0.0,0.197,18.6,25.0,7.95,0.0,63.59,63.39,0.0,0.0
2913,2022-11-12 21:11:30,30085,25.6,33,86,0.2,0.2,0.0,0.197,18.6,25.0,7.95,0.0,63.62,63.42,0.0,0.0
2914,2022-11-12 21:26:37,30990,25.2,21,82,0.2,0.2,0.0,0.197,18.6,25.0,7.95,0.0,63.65,63.45,0.0,0.0
2915,2022-11-12 21:41:39,36896,24.8,9,81,0.13,0.2,0.0,0.197,18.6,25.0,7.95,0.0,63.68,63.48,0.0,0.0
2916,2022-11-12 21:56:42,32172,24.5,3,80,0.0,0.2,0.0,0.197,18.6,25.0,7.95,0.0,63.71,63.51,0.0,0.0
2917,2022-11-12 22:11:45,27359,24.3,1,84,0.0,0.2,0.0,0.197,18.6,25.0,7.95,0.0,63.74,63.53,0.0,0.0
2918,2022-11-12 22:26:48,30864,24.1,0,84,0.0,0.2,0.0,0.197,18.6,25.0,7.95,0.0,63.76,63.56,0.0,0.0
2919,2022-11-12 22:41:51,34334,24.0,0,83,0.0,0.2,0.0,0.197,18.6,25.0,7.95,0.0,63.78,63.58,0.0,0.0
2920,2022-11-12 22:56:54,30268,23.8,0,85,0.0,0.2,0.0,0.197,18.6,25.0,7.95,0.0,63.79,63.58,0.0,0.0
2921,2022-11-12 23:11:56,31605,23.6,1,85,0.0,0.2,0.0,0.197,18.6,25.0,7.95,0.0,63.79,63.59,0.0,0.0
2922,2022-11-12 23:26:58,34996,23.7,0,83,0.0,0.2,0.0,0.197,18.6,25.0,7.95,0.0,63.82,63.61,0.0,0.0
2923,2022-11-12 23:42:00,30546,23.8,0,82,0.0,0.2,0.0,0.197,18.6,25.0,7.95,0.0,63.83,63.62,0.0,0.0
2924,2022-11-12 23:57:03,34936,23.8,0,81,0.0,0.07,0.0,0.197,18.6,24.5,7.95,0.0,63.84,63.64,0.0,0.0
2925,2022-11-13 00:12:05,33863,23.7,0,82,0.0,0.0,0.0,0.197,18.6,24.3,7.95,0.0,63.85,63.65,0.0,0.0
2926,2022-11-13 00:27:08,36866,23.6,0,80,0.0,0.0,0.0,0.197,18.6,24.3,7.95,0.0,63.85,63.65,0.0,0.0
2927,2022-11-13 00:42:11,34297,23.6,0,83,0.0,0.0,0.0,0.197,18.6,24.3,7.95,0.0,63.86,63.65,0.0,0.0
2928,2022-11-13 00:57:14,30697,23.3,0,85,0.0,0.0,0.0,0.197,18.6,24.3,7.95,0.0,63.86,63.66,0.0,0.0
2929,2022-11-13 01:12:17,29591,23.1,0,86,0.0,0.0,0.0,0.197,18.6,24.3,7.95,0.0,63.86,63.66,0.0,0.0
2930,2022-11-13 01:27:20,30642,22.9,0,87,0.0,0.0,0.0,0.197,18.6,24.3,7.95,0.0,63.87,63.66,0.0,0.0
2931,2022-11-13 01:42:23,32849,22.4,0,88,0.0,0.0,0.0,0.197,18.6,24.3,7.95,0.0,63.88,63.67,0.0,0.0
2932,2022-11-13 01:57:29,33011,22.0,0,88,0.0,0.0,0.0,0.197,18.6,24.3,7.95,0.0,63.88,63.68,0.0,0.0
2933,2022-11-13 02:12:32,35933,21.6,0,88,0.0,0.0,0.0,0.197,18.6,24.3,7.95,0.0,63.88,63.68,0.0,0.0
2934,2022-11-13 02:27:35,29304,21.6,0,89,0.0,0.0,0.0,0.197,18.6,24.3,7.95,0.0,63.89,63.68,0.0,0.0
2935,2022-11-13 02:42:38,33277,21.4,0,89,0.0,0.0,0.0,0.197,18.6,24.3,7.95,0.0,63.89,63.68,0.0,0.0
2936,2022-11-13 02:57:41,34084,21.3,0,89,0.0,0.0,0.0,0.197,18.6,24.3,7.95,0.0,63.89,63.69,0.0,0.0
2937,2022-11-13 03:12:44,29549,21.2,0,89,0.0,0.0,0.0,0.197,18.6,24.3,7.95,0.0,63.89,63.69,0.0,0.0
2938,2022-11-13 03:27:46,34288,21.2,0,90,0.0,0.0,0.0,0.197,18.6,24.3,7.95,0.0,63.9,63.69,0.0,0.0
2939,2022-11-13 03:42:48,30305,21.0,1,90,0.0,0.0,0.0,0.197,18.6,24.3,7.95,0.0,63.92,63.71,0.0,0.0
2940,2022-11-13 03:57:50,31618,20.9,1,90,0.0,0.0,0.0,0.197,18.6,24.3,7.95,0.0,63.94,63.74,0.0,0.0
2941,2022-11-13 04:12:53,23863,20.8,0,91,0.0,0.0,0.0,0.197,18.6,24.3,7.95,0.0,63.97,63.77,0.0,0.0
2942,2022-11-13 04:27:55,27523,20.8,0,91,0.0,0.0,0.0,0.197,18.6,24.3,7.95,0.0,63.98,63.78,0.0,0.0
2943,2022-11-13 04:42:58,28864,20.8,0,90,0.0,0.0,0.0,0.197,18.6,24.3,7.95,0.0,63.98,63.78,0.0,0.0
2944,2022-11-13 04:58:01,33197,20.8,0,90,0.0,0.0,0.0,0.197,18.6,24.3,7.95,0.0,63.99,63.78,0.0,0.0
2945,2022-11-13 05:13:04,37244,20.8,0,90,0.0,0.0,0.0,0.197,18.6,24.3,7.95,0.0,63.99,63.79,0.0,0.0
2946,2022-11-13 05:28:07,34682,20.9,0,88,0.0,0.0,0.0,0.197,18.6,24.3,7.95,0.0,63.99,63.79,0.0,0.0
2947,2022-11-13 05:43:10,29938,21.0,0,88,0.0,0.0,0.0,0.197,18.6,24.3,7.95,0.0,64.0,63.79,0.0,0.0
2948,2022-11-13 05:58:13,33940,21.0,0,88,0.0,0.0,0.0,0.197,18.6,24.3,7.95,0.0,64.0,63.8,0.0,0.0
2949,2022-11-13 06:13:19,31238,21.1,0,87,0.0,0.0,0.0,0.197,18.6,24.3,7.95,0.0,64.0,63.8,0.0,0.0
2950,2022-11-13 06:28:22,31476,21.0,0,87,0.0,0.0,0.0,0.197,18.6,24.3,7.95,0.0,64.01,63.8,0.0,0.0
2951,2022-11-13 06:43:25,28353,20.9,0,88,0.0,0.0,0.0,0.197,18.6,24.3,7.95,0.0,64.01,63.8,0.0,0.0
2952,2022-11-13 06:58:28,28833,20.7,0,88,0.0,0.0,0.0,0.197,18.6,24.3,7.95,0.0,64.01,63.81,0.0,0.0
2953,2022-11-13 07:13:31,29692,20.7,0,88,0.0,0.0,0.0,0.197,18.6,24.3,7.95,0.0,64.01,63.81,0.0,0.0
2954,2022-11-13 07:28:34,27915,20.5,0,88,0.0,0.0,0.0,0.197,18.6,24.3,7.95,0.0,64.02,63.81,0.0,0.0
2955,2022-11-13 07:43:37,34018,20.3,0,88,0.0,0.0,0.0,0.197,18.6,24.3,7.95,0.0,64.02,63.82,0.0,0.0
2956,2022-11-13 07:58:39,32605,20.0,0,89,0.0,0.0,0.0,0.197,18.6,24.3,7.95,0.0,64.02,63.82,0.0,0.0
2957,2022-11-13 08:13:40,34942,19.8,0,90,0.0,0.0,0.0,0.197,18.6,24.3,7.95,0.0,64.03,63.82,0.0,0.0
2958,2022-11-13 08:28:43,33706,19.6,1,90,0.0,0.0,0.0,0.197,18.6,24.3,7.95,0.0,64.05,63.84,0.0,0.0
2959,2022-11-13 08:43:45,29677,19.4,1,90,0.0,0.0,0.0,0.197,18.6,24.3,7.95,0.0,64.07,63.87,0.0,0.0
2960,2022-11-13 08:58:48,29809,19.2,0,91,0.0,0.0,0.0,0.197,18.6,24.3,7.95,0.0,64.1,63.9,0.0,0.0
2961,2022-11-13 09:13:51,34010,19.1,0,91,0.0,0.0,0.0,0.197,18.6,24.3,7.95,0.0,64.12,63.91,0.0,0.0
2962,2022-11-13 09:28:54,32522,19.0,0,91,0.0,0.0,0.0,0.197,18.6,24.3,7.95,0.0,64.13,63.93,0.0,0.0
2963,2022-11-13 09:43:57,32723,19.1,0,92,0.0,0.0,0.0,0.197,18.6,24.3,7.95,0.0,64.13,63.93,0.0,0.0
2964,2022-11-13 09:59:00,36013,19.2,1,92,0.0,0.0,0.0,0.197,18.6,24.3,7.95,0.0,64.14,63.94,0.0,0.0
2965,2022-11-13 10:14:03,30627,19.2,0,92,0.0,0.0,0.0,0.197,18.6,24.3,7.95,0.0,64.17,63.97,64.17,0.0
2966,2022-11-13 10:29:09,32948,19.1,0,92,0.0,0.0,0.0,0.197,18.6,24.3,7.95,0.0,64.17,63.97,0.0,0.0
2967,2022-11-13 10:44:12,32040,19.0,1,92,0.0,0.0,0.0,0.197,18.6,24.3,7.95,0.0,64.18,63.97,0.0,0.0
2968,2022-11-13 10:59:15,34350,19.1,7,91,0.0,0.0,0.0,0.197,18.6,24.3,7.95,0.0,64.19,63.99,0.0,0.0
2969,2022-11-13 11:14:18,31403,19.2,23,91,0.0,0.0,0.0,0.197,18.6,24.3,7.95,0.0,64.22,64.02,0.0,0.0
2970,2022-11-13 11:29:21,33572,19.2,33,92,0.0,0.0,0.0,0.197,18.6,24.3,7.95,0.0,64.25,64.05,0.0,0.0
2971,2022-11-13 11:44:24,34466,19.4,125,92,0.0,0.0,0.0,0.197,18.6,24.3,7.95,0.0,64.28,64.07,0.0,0.0
2972,2022-11-13 11:59:27,33524,20.1,164,90,0.0,0.0,0.0,0.197,18.6,24.3,7.95,0.0,64.31,64.11,0.0,0.0
2973,2022-11-13 12:14:30,28510,21.1,222,88,0.0,0.0,0.0,0.197,18.6,24.3,7.95,0.0,64.35,64.15,0.0,0.0
2974,2022-11-13 12:29:31,34574,22.1,253,84,0.0,0.0,0.0,0.197,18.6,24.3,7.95,0.0,64.39,64.19,0.0,0.0
2975,2022-11-13 12:44:33,32759,23.2,300,80,0.0,0.0,0.0,0.197,18.6,24.3,7.95,0.0,64.43,64.23,0.0,0.0
2976,2022-11-13 12:59:36,31193,24.0,352,78,0.0,0.0,0.0,0.197,18.6,24.3,7.95,0.0,64.48,64.27,0.0,0.0
2977,2022-11-13 13:14:38,34872,24.2,402,76,0.0,0.0,0.0,0.197,18.6,24.3,7.95,0.0,64.52,64.32,0.0,0.0
2978,2022-11-13 13:29:41,33276,24.6,448,75,0.0,0.0,0.0,0.197,18.6,24.3,7.95,0.0,64.57,64.36,0.0,0.0
2979,2022-11-13 13:44:44,32708,25.1,491,74,0.0,0.0,0.0,0.197,18.6,24.3,7.95,0.0,64.62,64.41,0.0,0.0
2980,2022-11-13 13:59:47,33193,25.6,533,72,0.0,0.0,0.0,0.197,18.6,24.3,7.95,0.0,64.67,64.46,0.0,0.0
2981,2022-11-13 14:14:50,34359,25.8,572,69,0.0,0.0,0.0,0.197,18.6,24.3,7.95,0.0,64.72,64.51,0.0,0.0
2982,2022-11-13 14:29:53,31186,26.3,609,67,0.0,0.0,0.0,0.197,18.6,24.3,7.95,0.0,64.77,64.56,0.0,0.0
2983,2022-11-13 14:44:59,31861,26.8,637,65,0.0,0.0,0.0,0.197,18.6,24.3,7.95,0.0,64.82,64.61,0.0,0.0
2984,2022-11-13 15:00:02,35618,27.1,666,63,0.0,0.0,0.0,0.197,18.6,24.3,7.95,0.0,64.87,64.66,0.0,0.0
2985,2022-11-13 15:15:05,28720,27.4,686,62,0.0,0.0,0.0,0.197,18.6,24.3,7.95,0.0,64.92,64.72,0.0,0.0
2986,2022-11-13 15:30:08,35775,27.6,705,61,0.0,0.0,0.0,0.197,18.6,24.3,7.95,0.0,64.97,64.77,0.0,0.0
2987,2022-11-13 15:45:11,33055,27.7,718,62,0.0,0.0,0.0,0.197,18.6,24.3,7.95,0.0,65.03,64.82,0.0,0.0
2988,2022-11-13 16:00:14,33780,27.9,732,61,0.0,0.0,0.0,0.197,18.6,24.3,7.95,0.0,65.08,64.87,0.0,0.0
2989,2022-11-13 16:15:17,35525,27.8,738,61,0.0,0.0,0.0,0.197,18.6,24.3,7.95,0.0,65.13,64.93,0.0,0.0
2990,2022-11-13 16:30:20,32157,28.2,745,60,0.0,0.0,0.0,0.197,18.6,24.3,7.95,0.0,65.18,64.98,0.0,0.0
2991,2022-11-13 16:45:21,32539,28.9,744,60,0.0,0.0,0.0,0.197,18.6,24.3,7.95,0.0,65.23,65.03,0.0,0.0
2992,2022-11-13 17:00:24,32848,28.6,334,61,0.0,0.0,0.0,0.197,18.6,24.3,7.95,0.0,65.29,65.08,0.0,0.0
2993,2022-11-13 17:15:26,28069,27.4,441,67,0.0,0.0,0.0,0.197,18.6,24.3,7.95,0.0,65.33,65.12,0.0,0.0
2994,2022-11-13 17:30:28,28923,27.6,392,67,0.0,0.0,0.0,0.197,18.6,24.3,7.95,0.0,65.37,65.16,0.0,0.0
2995,2022-11-13 17:45:31,36086,27.9,348,67,0.0,0.0,0.0,0.197,18.6,24.3,7.95,0.0,65.41,65.21,0.0,0.0
2996,2022-11-13 18:00:34,28972,27.8,449,68,0.0,0.0,0.0,0.197,18.6,24.3,7.95,0.0,65.46,65.25,0.0,0.0
2997,2022-11-13 18:15:37,31291,27.8,356,68,0.0,0.0,0.0,0.197,18.6,24.3,7.95,0.0,65.5,65.3,0.0,0.0
2998,2022-11-13 18:30:40,36779,27.4,230,69,0.0,0.0,0.0,0.197,18.6,24.3,7.95,0.0,65.54,65.34,0.0,0.0
2999,2022-11-13 18:45:43,32427,27.4,452,70,0.0,0.0,0.0,0.197,18.6,24.3,7.95,0.0,65.58,65.38,0.0,0.0
3000,2022-11-13 19:00:46,30311,27.3,206,70,0.0,0.0,0.0,0.197,18.6,24.3,7.95,0.0,65.63,65.42,0.0,0.0
3001,2022-11-13 19:15:52,34020,27.2,308,71,0.0,0.0,0.0,0.197,18.6,24.3,7.95,0.0,65.66,65.46,0.0,0.0
3002,2022-11-13 19:30:55,35729,26.8,344,70,0.0,0.0,0.0,0.197,18.6,24.3,7.95,0.0,65.71,65.5,0.0,0.0
3003,2022-11-13 19:45:58,32717,27.4,244,70,0.0,0.0,0.0,0.197,18.6,24.3,7.95,0.0,65.75,65.54,0.0,0.0
3004,2022-11-13 20:01:01,35592,26.9,148,71,0.0,0.0,0.0,0.197,18.6,24.3,7.95,0.0,65.78,65.58,0.0,0.0
3005,2022-11-13 20:16:04,35508,26.8,95,71,0.0,0.0,0.0,0.197,18.6,24.3,7.95,0.0,65.82,65.61,0.0,0.0
3006,2022-11-13 20:31:07,32545,25.8,69,75,0.0,0.0,0.0,0.197,18.6,24.3,7.95,0.0,65.85,65.64,0.0,0.0
3007,2022-11-13 20:46:10,30179,24.5,96,82,0.0,0.0,0.0,0.197,18.6,24.3,7.95,0.0,65.88,65.67,0.0,0.0
3008,2022-11-13 21:01:13,32695,23.9,39,82,0.0,0.0,0.0,0.197,18.6,24.3,7.95,0.0,65.91,65.7,0.0,0.0
3009,2022-11-13 21:16:14,36902,23.6,17,82,0.0,0.0,0.0,0.197,18.6,24.3,7.95,0.0,65.94,65.73,0.0,0.0
3010,2022-11-13 21:31:16,35872,23.6,7,82,0.2,0.2,0.0,0.197,18.6,24.3,7.95,0.0,65.96,65.76,0.0,0.0
3011,2022-11-13 21:46:19,35173,22.4,0,88,6.13,6.8,0.0,0.197,18.6,24.3,7.95,0.0,65.99,65.78,0.0,0.0
3012,2022-11-13 22:01:21,35135,21.9,0,90,11.4,11.4,0.0,0.197,18.6,24.3,7.95,0.0,66.0,65.8,0.0,0.0
3013,2022-11-13 22:16:24,34047,21.9,0,90,11.4,11.4,0.0,0.197,18.6,24.3,7.95,0.0,66.02,65.82,0.0,0.0
3014,2022-11-13 22:31:27,31714,21.9,0,91,11.27,11.53,0.0,0.197,18.6,24.3,7.95,0.0,66.02,65.82,0.0,0.0
3015,2022-11-13 22:46:30,33199,21.8,0,91,4.8,11.6,0.0,0.197,18.6,24.3,7.95,0.0,66.03,65.82,0.0,0.0
3016,2022-11-13 23:01:33,33366,21.8,0,91,0.2,11.6,0.0,0.197,18.6,24.3,7.95,0.0,66.03,65.82,0.0,0.0
3017,2022-11-13 23:16:36,31580,21.6,0,92,0.2,11.6,0.0,0.197,18.6,24.3,7.95,0.0,66.03,65.82,0.0,0.0
3018,2022-11-13 23:31:42,35100,21.6,0,92,0.07,11.6,0.0,0.197,18.6,24.3,7.95,0.0,66.03,65.83,0.0,0.0
3019,2022-11-13 23:46:45,34082,21.6,0,92,0.0,11.6,0.0,0.197,18.6,24.3,7.95,0.0,66.03,65.83,0.0,0.0
3020,2022-11-14 00:01:48,29774,21.4,0,92,0.0,0.0,0.0,0.197,18.6,21.8,7.95,0.0,66.04,65.83,0.0,0.0
3021,2022-11-14 00:16:51,35991,21.3,0,92,0.0,0.0,0.0,0.197,18.6,21.8,7.95,0.0,66.04,65.83,0.0,0.0
3022,2022-11-14 00:31:54,36310,21.4,0,92,0.0,0.0,0.0,0.197,18.6,21.8,7.95,0.0,66.04,65.84,0.0,0.0
3023,2022-11-14 00:46:57,32100,21.4,0,91,0.0,0.0,0.0,0.197,18.6,21.8,7.95,0.0,66.04,65.84,0.0,0.0
3024,2022-11-14 01:02:00,35615,21.3,0,91,0.0,0.0,0.0,0.197,18.6,21.8,7.95,0.0,66.05,65.84,0.0,0.0
3025,2022-11-14 01:17:02,32232,21.2,0,91,0.0,0.0,0.0,0.197,18.6,21.8,7.95,0.0,66.05,65.84,0.0,0.0
3026,2022-11-14 01:32:03,28293,21.1,0,91,0.0,0.0,0.0,0.197,18.6,21.8,7.95,0.0,66.05,65.85,0.0,0.0
3027,2022-11-14 01:47:06,30449,21.1,0,91,0.0,0.0,0.0,0.197,18.6,21.8,7.95,0.0,66.05,65.85,0.0,0.0
3028,2022-11-14 02:02:09,30149,21.2,0,91,0.0,0.0,0.0,0.197,18.6,21.8,7.95,0.0,66.06,65.85,0.0,0.0
3029,2022-11-14 02:17:11,30046,21.1,0,91,0.0,0.0,0.0,0.197,18.6,21.8,7.95,0.0,66.06,65.85,0.0,0.0
3030,2022-11-14 02:32:14,31161,21.1,0,91,0.0,0.0,0.0,0.197,18.6,21.8,7.95,0.0,66.07,65.86,0.0,0.0
3031,2022-11-14 02:47:17,31894,21.0,0,92,0.0,0.0,0.0,0.197,18.6,21.8,7.95,0.0,66.07,65.87,0.0,0.0
3032,2022-11-14 03:02:20,32379,21.0,0,92,0.0,0.0,0.0,0.197,18.6,21.8,7.95,0.0,66.07,65.87,0.0,0.0
3033,2022-11-14 03:17:23,32438,21.2,0,92,0.0,0.0,0.0,0.197,18.6,21.8,7.95,0.0,66.08,65.87,0.0,0.0
3034,2022-11-14 03:32:26,34524,21.2,0,92,0.0,0.0,0.0,0.197,18.6,21.8,7.95,0.0,66.08,65.87,0.0,0.0
3035,2022-11-14 03:47:33,33760,21.3,0,92,0.0,0.0,0.0,0.197,18.6,21.8,7.95,0.0,66.08,65.88,0.0,0.0
3036,2022-11-14 04:02:35,33254,21.3,0,92,0.0,0.0,0.0,0.197,18.6,21.8,7.95,0.0,66.08,65.88,0.0,0.0
3037,2022-11-14 04:17:38,30543,21.4,0,91,0.0,0.0,0.0,0.197,18.6,21.8,7.95,0.0,66.09,65.88,0.0,0.0
3038,2022-11-14 04:32:41,34091,21.4,0,91,0.0,0.0,0.0,0.197,18.6,21.8,7.95,0.0,66.09,65.88,0.0,0.0
3039,2022-11-14 04:42:43,37000,21.4,0,91,0.0,0.0,0.0,0.197,18.6,21.8,7.95,0.0,66.09,65.89,0.0,0.0
3040,2022-11-14 04:57:46,33507,21.4,0,91,0.0,0.0,0.0,0.197,18.6,21.8,7.95,0.0,66.09,65.89,0.0,0.0
3041,2022-11-14 05:12:49,32020,21.3,0,91,0.0,0.0,0.0,0.197,18.6,21.8,7.95,0.0,66.1,65.89,0.0,0.0
3042,2022-11-14 05:27:51,36634,21.2,0,91,0.0,0.0,0.0,0.197,18.6,21.8,7.95,0.0,66.1,65.89,0.0,0.0
3043,2022-11-14 05:42:53,30907,21.2,0,91,0.0,0.0,0.0,0.197,18.6,21.8,7.95,0.0,66.1,65.9,0.0,0.0
3044,2022-11-14 05:57:55,34544,21.2,0,91,0.0,0.0,0.0,0.197,18.6,21.8,7.95,0.0,66.1,65.9,0.0,0.0
3045,2022-11-14 06:12:58,34088,21.1,0,91,0.0,0.0,0.0,0.197,18.6,21.8,7.95,0.0,66.1,65.9,0.0,0.0
3046,2022-11-14 06:28:00,37404,21.2,0,90,0.0,0.0,0.0,0.197,18.6,21.8,7.95,0.0,66.11,65.9,0.0,0.0
3047,2022-11-14 06:43:03,30700,21.2,0,90,0.0,0.0,0.0,0.197,18.6,21.8,7.95,0.0,66.11,65.9,0.0,0.0
3048,2022-11-14 06:58:06,30319,21.2,0,90,0.0,0.0,0.0,0.197,18.6,21.8,7.95,0.0,66.11,65.91,0.0,0.0
3049,2022-11-14 07:13:09,34463,21.1,0,90,0.0,0.0,0.0,0.197,18.6,21.8,7.95,0.0,66.11,65.91,0.0,0.0
3050,2022-11-14 07:28:12,33947,20.9,0,90,0.0,0.0,0.0,0.197,18.6,21.8,7.95,0.0,66.12,65.91,0.0,0.0
3051,2022-11-14 07:43:15,35035,20.7,0,91,0.0,0.0,0.0,0.197,18.6,21.8,7.95,0.0,66.12,65.91,0.0,0.0
3052,2022-11-14 07:58:18,37536,20.7,0,91,0.0,0.0,0.0,0.197,18.6,21.8,7.95,0.0,66.12,65.92,0.0,0.0
3053,2022-11-14 08:13:24,32892,20.5,0,91,0.0,0.0,0.0,0.197,18.6,21.8,7.95,0.0,66.12,65.92,0.0,0.0
3054,2022-11-14 08:28:27,34328,20.3,0,91,0.0,0.0,0.0,0.197,18.6,21.8,7.95,0.0,66.13,65.92,0.0,0.0
3055,2022-11-14 08:43:30,29498,19.9,0,92,0.0,0.0,0.0,0.197,18.6,21.8,7.95,0.0,66.13,65.92,0.0,0.0
3056,2022-11-14 08:58:33,34988,19.7,0,92,0.0,0.0,0.0,0.197,18.6,21.8,7.95,0.0,66.13,65.93,0.0,0.0
3057,2022-11-14 09:13:36,38916,19.7,0,92,0.0,0.0,0.0,0.197,18.6,21.8,7.95,0.0,66.13,65.93,0.0,0.0
3058,2022-11-14 09:28:39,34782,19.6,0,92,0.0,0.0,0.0,0.197,18.6,21.8,7.95,0.0,66.14,65.93,0.0,0.0
3059,2022-11-14 09:43:42,30217,19.5,0,92,0.0,0.0,0.0,0.197,18.6,21.8,7.95,0.0,66.14,65.93,0.0,0.0
3060,2022-11-14 09:58:44,34586,19.5,0,92,0.0,0.0,0.0,0.197,18.6,21.8,7.95,0.0,66.14,65.94,0.0,0.0
3061,2022-11-14 10:13:45,35005,19.5,0,92,0.0,0.0,0.0,0.197,18.6,21.8,7.95,0.0,66.14,65.94,66.14,0.0
3062,2022-11-14 10:28:48,34591,19.6,0,91,0.0,0.0,0.0,0.197,18.6,21.8,7.95,0.0,66.15,65.94,0.0,0.0
3063,2022-11-14 10:43:51,34255,19.6,0,91,0.0,0.0,0.0,0.197,18.6,21.8,7.95,0.0,66.15,65.94,0.0,0.0
3064,2022-11-14 10:58:53,32821,19.6,5,91,0.0,0.0,0.0,0.197,18.6,21.8,7.95,0.0,66.17,65.96,0.0,0.0
3065,2022-11-14 11:13:56,32807,19.7,15,91,0.0,0.0,0.0,0.197,18.6,21.8,7.95,0.0,66.19,65.98,0.0,0.0
3066,2022-11-14 11:29:01,29810,19.9,35,91,0.0,0.0,0.0,0.197,18.6,21.8,7.95,0.0,66.21,66.01,0.0,0.0
3067,2022-11-14 11:44:02,33053,20.2,77,90,0.0,0.0,0.0,0.197,18.6,21.8,7.95,0.0,66.24,66.04,0.0,0.0
3068,2022-11-14 11:59:05,36277,20.9,134,89,0.0,0.0,0.0,0.197,18.6,21.8,7.95,0.0,66.27,66.07,0.0,0.0
3069,2022-11-14 12:14:08,30627,21.8,191,87,0.0,0.0,0.0,0.197,18.6,21.8,7.95,0.0,66.3,66.1,0.0,0.0
3070,2022-11-14 12:29:14,36937,22.5,234,86,0.0,0.0,0.0,0.197,18.6,21.8,7.95,0.0,66.34,66.13,0.0,0.0
3071,2022-11-14 12:44:17,32609,23.5,285,85,0.2,0.2,0.0,0.197,18.6,21.8,7.95,0.0,66.37,66.17,0.0,0.0
3072,2022-11-14 12:59:20,33828,24.6,336,82,0.2,0.2,0.0,0.197,18.6,21.8,7.95,0.0,66.41,66.21,0.0,0.0
3073,2022-11-14 13:14:23,35412,25.9,379,78,0.2,0.2,0.0,0.197,18.6,21.8,7.95,0.0,66.45,66.25,0.0,0.0
3074,2022-11-14 13:29:26,29433,27.3,424,75,0.2,0.2,0.0,0.197,18.6,21.8,7.95,0.0,66.5,66.29,0.0,0.0
3075,2022-11-14 13:44:29,29640,27.7,464,74,0.0,0.2,0.0,0.197,18.6,21.8,7.95,0.0,66.54,66.34,0.0,0.0
3076,2022-11-14 13:59:32,29896,28.2,503,72,0.0,0.2,0.0,0.197,18.6,21.8,7.95,0.0,66.59,66.38,0.0,0.0
3077,2022-11-14 14:14:35,33917,28.7,540,70,0.0,0.2,0.0,0.197,18.6,21.8,7.95,0.0,66.63,66.43,0.0,0.0
3078,2022-11-14 14:29:36,32440,28.3,579,70,0.0,0.2,0.0,0.197,18.6,21.8,7.95,0.0,66.68,66.47,0.0,0.0
3079,2022-11-14 14:44:38,30792,28.1,624,71,0.0,0.2,0.0,0.197,18.6,21.8,7.95,0.0,66.72,66.52,0.0,0.0
3080,2022-11-14 14:59:41,28495,28.1,556,70,0.0,0.2,0.0,0.197,18.6,21.8,7.95,0.0,66.77,66.57,0.0,0.0
3081,2022-11-14 15:14:43,33456,28.1,702,69,0.0,0.2,0.0,0.197,18.6,21.8,7.95,0.0,66.82,66.61,0.0,0.0
3082,2022-11-14 15:29:46,34048,28.3,757,69,0.0,0.2,0.0,0.197,18.6,21.8,7.95,0.0,66.86,66.66,0.0,0.0
3083,2022-11-14 15:44:49,33598,28.0,323,70,0.0,0.2,0.0,0.197,18.6,21.8,7.95,0.0,66.91,66.71,0.0,0.0
3084,2022-11-14 15:59:52,31514,27.8,807,70,0.0,0.2,0.0,0.197,18.6,21.8,7.95,0.0,66.95,66.75,0.0,0.0
3085,2022-11-14 16:14:55,34858,27.1,179,72,0.0,0.2,0.0,0.197,18.6,21.8,7.95,0.0,67.0,66.8,0.0,0.0
3086,2022-11-14 16:34:59,34961,27.7,746,70,0.0,0.2,0.0,0.197,18.6,21.8,7.95,0.0,67.03,66.83,0.0,0.0
3087,2022-11-14 16:50:06,37363,28.1,714,69,0.0,0.2,0.0,0.197,18.6,21.8,7.95,0.0,67.08,66.88,0.0,0.0
3088,2022-11-14 17:05:08,31271,27.9,736,69,0.0,0.2,0.0,0.197,18.6,21.8,7.95,0.0,67.13,66.92,0.0,0.0
3089,2022-11-14 17:20:11,31577,27.8,523,70,0.0,0.2,0.0,0.197,18.6,21.8,7.95,0.0,67.18,66.97,0.0,0.0
3090,2022-11-14 17:35:14,32903,28.1,663,69,0.0,0.2,0.0,0.197,18.6,21.8,7.95,0.0,67.22,67.01,0.0,0.0
3091,2022-11-14 17:50:17,31281,28.3,638,68,0.0,0.2,0.0,0.197,18.6,21.8,7.95,0.0,67.27,67.06,0.0,0.0
3092,2022-11-14 18:05:20,34133,28.2,604,69,0.0,0.2,0.0,0.197,18.6,21.8,7.95,0.0,67.31,67.11,0.0,0.0
3093,2022-11-14 18:20:23,35314,28.0,575,68,0.0,0.2,0.0,0.197,18.6,21.8,7.95,0.0,67.36,67.15,0.0,0.0
3094,2022-11-14 18:35:26,33949,28.0,538,70,0.0,0.2,0.0,0.197,18.6,21.8,7.95,0.0,67.4,67.2,0.0,0.0
3095,2022-11-14 18:50:28,35916,27.8,377,71,0.0,0.2,0.0,0.197,18.6,21.8,7.95,0.0,67.45,67.24,0.0,0.0
3096,2022-11-14 19:05:30,32889,27.8,469,70,0.0,0.2,0.0,0.197,18.6,21.8,7.95,0.0,67.49,67.28,0.0,0.0
3097,2022-11-14 19:20:32,32611,27.8,378,70,0.0,0.2,0.0,0.197,18.6,21.8,7.95,0.0,67.53,67.32,0.0,0.0
3098,2022-11-14 19:35:34,33614,27.6,377,71,0.0,0.2,0.0,0.197,18.6,21.8,7.95,0.0,67.57,67.36,0.0,0.0
3099,2022-11-14 19:50:37,35527,27.5,322,70,0.0,0.2,0.0,0.197,18.6,21.8,7.95,0.0,67.61,67.41,0.0,0.0
3100,2022-11-14 20:05:40,34075,27.4,266,70,0.0,0.2,0.0,0.197,18.6,21.8,7.95,0.0,67.65,67.44,0.0,0.0
3101,2022-11-14 20:20:43,30846,27.3,177,71,0.0,0.2,0.0,0.197,18.6,21.8,7.95,0.0,67.68,67.48,0.0,0.0
3102,2022-11-14 20:35:46,35941,27.2,167,71,0.0,0.2,0.0,0.197,18.6,21.8,7.95,0.0,67.72,67.51,0.0,0.0
3103,2022-11-14 20:50:49,32319,27.0,117,71,0.0,0.2,0.0,0.197,18.6,21.8,7.95,0.0,67.75,67.54,0.0,0.0
3104,2022-11-14 21:05:52,30547,26.6,75,72,0.0,0.2,0.0,0.197,18.6,21.8,7.95,0.0,67.78,67.57,0.0,0.0
3105,2022-11-14 21:20:58,34641,26.2,23,74,0.0,0.2,0.0,0.197,18.6,21.8,7.95,0.0,67.8,67.6,0.0,0.0
3106,2022-11-14 21:36:01,33050,25.7,10,75,0.0,0.2,0.0,0.197,18.6,21.8,7.95,0.0,67.83,67.62,0.0,0.0
3107,2022-11-14 21:51:07,36061,25.4,3,77,0.0,0.2,0.0,0.197,18.6,21.8,7.95,0.0,67.85,67.65,0.0,0.0
3108,2022-11-14 22:06:07,32331,25.2,0,78,0.0,0.2,0.0,0.197,18.6,21.8,7.95,0.0,67.87,67.67,0.0,0.0
3109,2022-11-14 22:21:10,33109,24.9,0,79,0.0,0.2,0.0,0.197,18.6,21.8,7.95,0.0,67.89,67.68,0.0,0.0
3110,2022-11-14 22:36:13,36198,24.8,0,80,0.0,0.2,0.0,0.197,18.6,21.8,7.95,0.0,67.9,67.7,0.0,0.0
3111,2022-11-14 22:51:16,37558,24.7,0,80,0.0,0.2,0.0,0.197,18.6,21.8,7.95,0.0,67.92,67.71,0.0,0.0
3112,2022-11-14 23:06:18,32792,24.6,0,80,0.0,0.2,0.0,0.197,18.6,21.8,7.95,0.0,67.93,67.73,0.0,0.0
3113,2022-11-14 23:21:20,34137,24.5,0,81,0.0,0.2,0.0,0.197,18.6,21.8,7.95,0.0,67.95,67.75,0.0,0.0
3114,2022-11-14 23:36:22,39004,24.3,1,81,0.0,0.2,0.0,0.197,18.6,21.8,7.95,0.0,67.96,67.76,0.0,0.0
3115,2022-11-14 23:51:25,30891,24.2,1,82,0.0,0.13,0.0,0.197,18.6,22.0,7.95,0.0,67.99,67.78,0.0,0.0
3116,2022-11-15 00:06:27,37914,24.2,1,81,0.0,0.0,0.0,0.197,18.6,22.5,7.95,0.0,68.01,67.81,0.0,0.0
3117,2022-11-15 00:21:30,30340,24.0,1,83,0.0,0.0,0.0,0.197,18.6,22.5,7.95,0.0,68.03,67.83,0.0,0.0
3118,2022-11-15 00:36:33,36321,24.4,1,82,0.0,0.0,0.0,0.197,18.6,22.5,7.95,0.0,68.05,67.85,0.0,0.0
3119,2022-11-15 00:51:36,35163,24.6,1,81,0.0,0.0,0.0,0.197,18.6,22.5,7.95,0.0,68.08,67.87,0.0,0.0
3120,2022-11-15 01:06:39,34702,24.8,0,80,0.0,0.0,0.0,0.197,18.6,22.5,7.95,0.0,68.1,67.89,0.0,0.0
3121,2022-11-15 01:21:42,36803,24.9,0,80,0.0,0.0,0.0,0.197,18.6,22.5,7.95,0.0,68.11,67.91,0.0,0.0
3122,2022-11-15 01:36:48,35677,24.8,0,80,0.0,0.0,0.0,0.197,18.6,22.5,7.95,0.0,68.12,67.92,0.0,0.0
3123,2022-11-15 01:51:51,34806,24.8,0,80,0.0,0.0,0.0,0.197,18.6,22.5,7.95,0.0,68.14,67.93,0.0,0.0
3124,2022-11-15 02:06:54,35235,24.7,0,80,0.0,0.0,0.0,0.197,18.6,22.5,7.95,0.0,68.15,67.95,0.0,0.0
3125,2022-11-15 02:21:57,35343,24.7,1,80,0.0,0.0,0.0,0.197,18.6,22.5,7.95,0.0,68.16,67.96,0.0,0.0
3126,2022-11-15 02:37:00,32517,24.6,1,80,0.0,0.0,0.0,0.197,18.6,22.5,7.95,0.0,68.18,67.98,0.0,0.0
3127,2022-11-15 02:52:03,35578,24.5,1,80,0.0,0.0,0.0,0.197,18.6,22.5,7.95,0.0,68.2,68.0,0.0,0.0
3128,2022-11-15 03:07:06,35707,24.5,0,81,0.0,0.0,0.0,0.197,18.6,22.5,7.95,0.0,68.23,68.02,0.0,0.0
3129,2022-11-15 03:22:08,34981,24.3,0,82,0.0,0.0,0.0,0.197,18.6,22.5,7.95,0.0,68.24,68.04,0.0,0.0
3130,2022-11-15 03:37:10,33912,24.2,1,83,0.0,0.0,0.0,0.197,18.6,22.5,7.95,0.0,68.26,68.05,0.0,0.0
3131,2022-11-15 03:52:12,36789,24.0,1,84,0.0,0.0,0.0,0.197,18.6,22.5,7.95,0.0,68.28,68.08,0.0,0.0
3132,2022-11-15 04:07:15,34768,24.1,1,83,0.0,0.0,0.0,0.197,18.6,22.5,7.95,0.0,68.3,68.1,0.0,0.0
3133,2022-11-15 04:22:17,37172,24.3,1,81,0.0,0.0,0.0,0.197,18.6,22.5,7.95,0.0,68.32,68.12,0.0,0.0
3134,2022-11-15 04:37:20,35200,24.2,0,82,0.0,0.0,0.0,0.197,18.6,22.5,7.95,0.0,68.34,68.14,0.0,0.0
3135,2022-11-15 04:52:23,33270,23.9,0,83,0.0,0.0,0.0,0.197,18.6,22.5,7.95,0.0,68.36,68.16,0.0,0.0
3136,2022-11-15 05:07:26,33808,23.6,1,84,0.0,0.0,0.0,0.197,18.6,22.5,7.95,0.0,68.37,68.17,0.0,0.0
3137,2022-11-15 05:22:29,36413,23.4,1,85,0.0,0.0,0.0,0.197,18.6,22.5,7.95,0.0,68.4,68.19,0.0,0.0
3138,2022-11-15 05:37:32,32543,23.1,1,86,0.0,0.0,0.0,0.197,18.6,22.5,7.95,0.0,68.42,68.22,0.0,0.0
3139,2022-11-15 05:52:38,32338,23.0,0,86,0.0,0.0,0.0,0.197,18.6,22.5,7.95,0.0,68.44,68.24,0.0,0.0
3140,2022-11-15 06:07:41,31536,23.2,0,85,0.0,0.0,0.0,0.197,18.6,22.5,7.95,0.0,68.45,68.25,0.0,0.0
3141,2022-11-15 06:22:44,36141,23.1,1,83,0.0,0.0,0.0,0.197,18.6,22.5,7.95,0.0,68.47,68.27,0.0,0.0
3142,2022-11-15 06:37:47,34009,22.8,1,84,0.0,0.0,0.0,0.197,18.6,22.5,7.95,0.0,68.49,68.29,0.0,0.0
3143,2022-11-15 06:52:50,33669,22.4,0,84,0.0,0.0,0.0,0.197,18.6,22.5,7.95,0.0,68.51,68.31,0.0,0.0
3144,2022-11-15 07:07:53,33221,22.2,0,85,0.0,0.0,0.0,0.197,18.6,22.5,7.95,0.0,68.53,68.33,0.0,0.0
3145,2022-11-15 07:22:56,32104,22.3,1,86,0.0,0.0,0.0,0.197,18.6,22.5,7.95,0.0,68.54,68.34,0.0,0.0
3146,2022-11-15 07:37:58,34290,21.8,0,86,0.0,0.0,0.0,0.197,18.6,22.5,7.95,0.0,68.56,68.36,0.0,0.0
3147,2022-11-15 07:52:59,34680,21.5,0,88,0.0,0.0,0.0,0.197,18.6,22.5,7.95,0.0,68.57,68.36,0.0,0.0
3148,2022-11-15 08:08:02,34295,21.1,0,88,0.0,0.0,0.0,0.197,18.6,22.5,7.95,0.0,68.57,68.37,0.0,0.0
3149,2022-11-15 08:23:05,35055,20.9,0,89,0.0,0.0,0.0,0.197,18.6,22.5,7.95,0.0,68.57,68.37,0.0,0.0
3150,2022-11-15 08:38:07,35286,20.8,0,89,0.0,0.0,0.0,0.197,18.6,22.5,7.95,0.0,68.57,68.37,0.0,0.0
3151,2022-11-15 08:53:10,33241,20.6,0,90,0.0,0.0,0.0,0.197,18.6,22.5,7.95,0.0,68.58,68.38,0.0,0.0
3152,2022-11-15 09:08:13,35435,20.4,1,90,0.0,0.0,0.0,0.197,18.6,22.5,7.95,0.0,68.59,68.39,0.0,0.0
3153,2022-11-15 09:23:16,31794,20.2,1,90,0.0,0.0,0.0,0.197,18.6,22.5,7.95,0.0,68.61,68.41,0.0,0.0
3154,2022-11-15 09:38:19,33445,20.3,1,90,0.0,0.0,0.0,0.197,18.6,22.5,7.95,0.0,68.63,68.43,0.0,0.0
3155,2022-11-15 09:53:22,32597,20.2,0,90,0.0,0.0,0.0,0.197,18.6,22.5,7.95,0.0,68.65,68.44,0.0,0.0
3156,2022-11-15 10:08:29,32921,20.0,0,91,0.0,0.0,0.0,0.197,18.6,22.5,7.95,0.0,68.65,68.45,68.65,68.65
3157,2022-11-15 10:23:31,33737,19.9,1,90,0.0,0.0,0.0,0.197,18.6,22.5,7.95,0.0,68.67,68.47,0.0,0.0
3158,2022-11-15 10:38:34,32327,19.7,1,90,0.0,0.0,0.0,0.197,18.6,22.5,7.95,0.0,68.69,68.49,0.0,0.0
3159,2022-11-15 10:53:37,30923,19.8,7,91,0.0,0.0,0.0,0.197,18.6,22.5,7.95,0.0,68.71,68.51,0.0,0.0
3160,2022-11-15 11:08:40,34136,19.9,20,91,0.0,0.0,0.0,0.197,18.6,22.5,7.95,0.0,68.73,68.53,0.0,0.0
3161,2022-11-15 11:23:43,32484,20.2,57,91,0.0,0.0,0.0,0.197,18.6,22.5,7.95,0.0,68.76,68.55,0.0,0.0
3162,2022-11-15 11:38:46,32799,20.8,76,91,0.0,0.0,0.0,0.197,18.6,22.5,7.95,0.0,68.78,68.58,0.0,0.0
3163,2022-11-15 11:53:49,35952,21.5,103,89,0.0,0.0,0.0,0.197,18.6,22.5,7.95,0.0,68.81,68.6,0.0,0.0
3164,2022-11-15 12:08:50,38699,22.5,120,88,0.0,0.0,0.0,0.197,18.6,22.5,7.95,0.0,68.83,68.63,0.0,0.0
3165,2022-11-15 12:23:53,35231,23.2,129,87,0.0,0.0,0.0,0.197,18.6,22.5,7.95,0.0,68.86,68.66,0.0,0.0
3166,2022-11-15 12:38:55,37423,24.1,125,84,0.0,0.0,0.0,0.197,18.6,22.5,7.95,0.0,68.89,68.69,0.0,0.0
3167,2022-11-15 12:53:57,30033,24.8,117,83,0.0,0.0,0.0,0.197,18.6,22.5,7.95,0.0,68.92,68.71,0.0,0.0
3168,2022-11-15 13:09:00,35151,25.2,267,80,0.0,0.0,0.0,0.197,18.6,22.5,7.95,0.0,68.94,68.74,0.0,0.0
3169,2022-11-15 13:24:03,33364,26.7,298,77,0.0,0.0,0.0,0.197,18.6,22.5,7.95,0.0,68.98,68.77,0.0,0.0
3170,2022-11-15 13:39:06,34625,27.0,381,76,0.0,0.0,0.0,0.197,18.6,22.5,7.95,0.0,69.01,68.81,0.0,0.0
3171,2022-11-15 13:54:09,37729,27.5,278,75,0.0,0.0,0.0,0.197,18.6,22.5,7.95,0.0,69.05,68.85,0.0,0.0
3172,2022-11-15 14:09:12,35794,27.7,348,75,0.0,0.0,0.0,0.197,18.6,22.5,7.95,0.0,69.08,68.88,0.0,0.0
3173,2022-11-15 14:24:18,39954,28.2,501,73,0.0,0.0,0.0,0.197,18.6,22.5,7.95,0.0,69.12,68.92,0.0,0.0
3174,2022-11-15 14:39:21,33150,28.5,639,72,0.0,0.0,0.0,0.197,18.6,22.5,7.95,0.0,69.16,68.96,0.0,0.0
3175,2022-11-15 14:54:24,31237,28.9,676,71,0.0,0.0,0.0,0.197,18.6,22.5,7.95,0.0,69.2,69.0,0.0,0.0
3176,2022-11-15 15:09:27,35037,28.5,621,73,0.0,0.0,0.0,0.197,18.6,22.5,7.95,0.0,69.24,69.04,0.0,0.0
3177,2022-11-15 15:24:30,35602,28.5,592,72,0.0,0.0,0.0,0.197,18.6,22.5,7.95,0.0,69.28,69.08,0.0,0.0
3178,2022-11-15 15:39:33,31871,28.5,449,73,0.0,0.0,0.0,0.197,18.6,22.5,7.95,0.0,69.32,69.12,0.0,0.0
3179,2022-11-15 15:54:36,35697,28.3,411,73,0.0,0.0,0.0,0.197,18.6,22.5,7.95,0.0,69.36,69.16,0.0,0.0
3180,2022-11-15 16:09:39,36904,28.0,359,74,0.0,0.0,0.0,0.197,18.6,22.5,7.95,0.0,69.4,69.2,0.0,0.0
3181,2022-11-15 16:24:41,36687,27.9,439,74,0.0,0.0,0.0,0.197,18.6,22.5,7.95,0.0,69.44,69.24,0.0,0.0
3182,2022-11-15 16:39:43,30300,28.2,592,74,0.0,0.0,0.0,0.197,18.6,22.5,7.95,0.0,69.47,69.27,0.0,0.0
3183,2022-11-15 16:54:45,38308,28.7,770,72,0.0,0.0,0.0,0.197,18.6,22.5,7.95,0.0,69.51,69.31,0.0,0.0
3184,2022-11-15 17:09:48,35139,29.0,702,72,0.0,0.0,0.0,0.197,18.6,22.5,7.95,0.0,69.56,69.36,0.0,0.0
3185,2022-11-15 17:24:50,34345,29.0,683,72,0.0,0.0,0.0,0.197,18.6,22.5,7.95,0.0,69.6,69.4,0.0,0.0
3186,2022-11-15 17:39:53,31715,29.2,657,71,0.0,0.0,0.0,0.197,18.6,22.5,7.95,0.0,69.64,69.44,0.0,0.0
3187,2022-11-15 17:54:56,42811,28.6,308,72,0.0,0.0,0.0,0.197,18.6,22.5,7.95,0.0,69.68,69.48,0.0,0.0
3188,2022-11-15 18:09:59,34282,28.0,288,73,0.0,0.0,0.0,0.197,18.6,22.5,7.95,0.0,69.72,69.51,0.0,0.0
3189,2022-11-15 18:25:02,33987,27.5,214,75,0.0,0.0,0.0,0.197,18.6,22.5,7.95,0.0,69.75,69.55,0.0,0.0
3190,2022-11-15 18:40:05,35893,27.5,332,74,0.0,0.0,0.0,0.197,18.6,22.5,7.95,0.0,69.78,69.58,0.0,0.0
3191,2022-11-15 18:55:11,42568,27.9,307,73,0.0,0.0,0.0,0.197,18.6,22.5,7.95,0.0,69.81,69.61,0.0,0.0
3192,2022-11-15 19:10:14,31928,27.7,249,74,0.0,0.0,0.0,0.197,18.6,22.5,7.95,0.0,69.85,69.65,0.0,0.0
3193,2022-11-15 19:25:17,36173,28.0,300,74,0.0,0.0,0.0,0.197,18.6,22.5,7.95,0.0,69.88,69.68,0.0,0.0
3194,2022-11-15 19:40:20,34599,28.0,293,74,0.0,0.0,0.0,0.197,18.6,22.5,7.95,0.0,69.91,69.71,0.0,0.0
3195,2022-11-15 19:55:23,36229,28.0,274,74,0.0,0.0,0.0,0.197,18.6,22.5,7.95,0.0,69.94,69.74,0.0,0.0
3196,2022-11-15 20:10:26,38348,28.0,230,74,0.0,0.0,0.0,0.197,18.6,22.5,7.95,0.0,69.98,69.78,0.0,0.0
3197,2022-11-15 20:25:29,32392,28.0,174,74,0.0,0.0,0.0,0.197,18.6,22.5,7.95,0.0,70.01,69.81,0.0,0.0
3198,2022-11-15 20:40:32,35533,27.6,114,75,0.0,0.0,0.0,0.197,18.6,22.5,7.95,0.0,70.03,69.83,0.0,0.0
3199,2022-11-15 20:55:33,31660,27.2,64,77,0.0,0.0,0.0,0.197,18.6,22.5,7.95,0.0,70.06,69.86,0.0,0.0
3200,2022-11-15 21:10:36,36088,26.8,45,79,0.0,0.0,0.0,0.197,18.6,22.5,7.95,0.0,70.08,69.88,0.0,0.0
3201,2022-11-15 21:20:37,32125,26.6,32,79,0.0,0.0,0.0,0.197,18.6,22.5,7.95,0.0,70.1,69.9,0.0,0.0
3202,2022-11-15 21:35:39,33721,26.3,14,81,0.0,0.0,0.0,0.197,18.6,22.5,7.95,0.0,70.13,69.93,0.0,0.0
3203,2022-11-15 21:50:42,31418,26.1,3,82,0.0,0.0,0.0,0.197,18.6,22.5,7.95,0.0,70.15,69.95,0.0,0.0
3204,2022-11-15 22:05:45,39076,25.9,0,82,0.0,0.0,0.0,0.197,18.6,22.5,7.95,0.0,70.17,69.97,0.0,0.0
3205,2022-11-15 22:20:48,32975,25.7,0,82,0.0,0.0,0.0,0.197,18.6,22.5,7.95,0.0,70.17,69.97,0.0,0.0
3206,2022-11-15 22:35:51,39236,25.6,1,81,0.0,0.0,0.0,0.197,18.6,22.5,7.95,0.0,70.19,69.99,0.0,0.0
3207,2022-11-15 22:50:54,37033,25.3,1,81,0.0,0.0,0.0,0.197,18.6,22.5,7.95,0.0,70.21,70.01,0.0,0.0
3208,2022-11-15 23:05:57,35260,25.1,1,82,0.0,0.0,0.0,0.197,18.6,22.5,7.95,0.0,70.23,70.03,0.0,0.0
3209,2022-11-15 23:21:03,34749,24.8,0,83,0.0,0.0,0.0,0.197,18.6,22.5,7.95,0.0,70.25,70.05,0.0,0.0
3210,2022-11-15 23:36:06,35798,24.6,0,84,0.0,0.0,0.0,0.197,18.6,22.5,7.95,0.0,70.25,70.05,0.0,0.0
3211,2022-11-15 23:51:09,32874,24.4,1,84,0.0,0.0,0.0,0.197,18.6,22.6,7.95,0.0,70.25,70.05,0.0,0.0
3212,2022-11-16 00:06:12,33209,24.2,1,85,0.0,0.0,0.0,0.197,18.6,22.8,7.95,0.0,70.27,70.07,0.0,0.0
3213,2022-11-16 00:21:15,32843,24.2,1,86,0.0,0.0,0.0,0.197,18.6,22.8,7.95,0.0,70.29,70.09,0.0,0.0
3214,2022-11-16 00:36:18,36723,24.2,0,85,0.0,0.0,0.0,0.197,18.6,22.8,7.95,0.0,70.31,70.11,0.0,0.0
3215,2022-11-16 00:51:21,35549,24.0,1,85,0.0,0.0,0.0,0.197,18.6,22.8,7.95,0.0,70.33,70.13,0.0,0.0
3216,2022-11-16 01:06:23,34692,23.9,1,85,0.0,0.0,0.0,0.197,18.6,22.8,7.95,0.0,70.35,70.15,0.0,0.0
3217,2022-11-16 01:21:24,37491,23.8,1,85,0.0,0.0,0.0,0.197,18.6,22.8,7.95,0.0,70.36,70.17,0.0,0.0
3218,2022-11-16 01:36:27,40799,23.8,1,85,0.0,0.0,0.0,0.197,18.6,22.8,7.95,0.0,70.38,70.19,0.0,0.0
3219,2022-11-16 01:51:30,37361,23.8,1,85,0.0,0.0,0.0,0.197,18.6,22.8,7.95,0.0,70.4,70.2,0.0,0.0
3220,2022-11-16 02:01:31,34657,23.7,1,85,0.0,0.0,0.0,0.197,18.6,22.8,7.95,0.0,70.42,70.22,0.0,0.0
3221,2022-11-16 02:16:34,36906,23.7,1,85,0.0,0.0,0.0,0.197,18.6,22.8,7.95,0.0,70.44,70.24,0.0,0.0
3222,2022-11-16 02:31:37,36189,23.5,1,85,0.0,0.0,0.0,0.197,18.6,22.8,7.95,0.0,70.46,70.26,0.0,0.0
3223,2022-11-16 02:46:40,35992,23.5,1,86,0.0,0.0,0.0,0.197,18.6,22.8,7.95,0.0,70.48,70.28,0.0,0.0
3224,2022-11-16 03:01:43,33287,23.4,1,86,0.0,0.0,0.0,0.197,18.6,22.8,7.95,0.0,70.5,70.3,0.0,0.0
3225,2022-11-16 03:16:46,35789,23.4,1,86,0.0,0.0,0.0,0.197,18.6,22.8,7.95,0.0,70.52,70.32,0.0,0.0
3226,2022-11-16 03:31:52,33468,23.4,0,87,0.0,0.0,0.0,0.197,18.6,22.8,7.95,0.0,70.54,70.34,0.0,0.0
3227,2022-11-16 03:46:55,37308,23.3,0,87,0.0,0.0,0.0,0.197,18.6,22.8,7.95,0.0,70.55,70.35,0.0,0.0
3228,2022-11-16 04:01:58,34670,23.1,0,88,0.0,0.0,0.0,0.197,18.6,22.8,7.95,0.0,70.56,70.36,0.0,0.0
3229,2022-11-16 04:17:01,38242,22.9,0,88,0.0,0.0,0.0,0.197,18.6,22.8,7.95,0.0,70.56,70.36,0.0,0.0
3230,2022-11-16 04:32:04,35035,22.8,0,88,0.0,0.0,0.0,0.197,18.6,22.8,7.95,0.0,70.56,70.36,0.0,0.0
3231,2022-11-16 04:47:07,34675,22.6,0,88,0.0,0.0,0.0,0.197,18.6,22.8,7.95,0.0,70.56,70.36,0.0,0.0
3232,2022-11-16 05:02:10,37120,22.4,0,89,0.0,0.0,0.0,0.197,18.6,22.8,7.95,0.0,70.56,70.36,0.0,0.0
3233,2022-11-16 05:17:12,34398,22.2,0,90,0.0,0.0,0.0,0.197,18.6,22.8,7.95,0.0,70.56,70.37,0.0,0.0
3234,2022-11-16 05:32:14,34094,22.0,0,90,0.0,0.0,0.0,0.197,18.6,22.8,7.95,0.0,70.57,70.37,0.0,0.0
3235,2022-11-16 05:47:16,40327,21.7,0,91,0.0,0.0,0.0,0.197,18.6,22.8,7.95,0.0,70.57,70.37,0.0,0.0
3236,2022-11-16 06:02:19,35701,21.6,0,91,0.0,0.0,0.0,0.197,18.6,22.8,7.95,0.0,70.57,70.37,0.0,0.0
3237,2022-11-16 06:17:21,40917,21.6,0,91,0.0,0.0,0.0,0.197,18.6,22.8,7.95,0.0,70.57,70.37,0.0,0.0
3238,2022-11-16 06:32:24,34288,21.5,0,92,0.0,0.0,0.0,0.197,18.6,22.8,7.95,0.0,70.57,70.37,0.0,0.0
3239,2022-11-16 06:47:27,37485,21.5,0,92,0.0,0.0,0.0,0.197,18.6,22.8,7.95,0.0,70.57,70.37,0.0,0.0
3240,2022-11-16 07:02:30,35081,21.4,0,92,0.0,0.0,0.0,0.197,18.6,22.8,7.95,0.0,70.57,70.37,0.0,0.0
3241,2022-11-16 07:12:32,36106,21.3,0,92,0.0,0.0,0.0,0.197,18.6,22.8,7.95,0.0,70.57,70.38,0.0,0.0
3242,2022-11-16 07:27:35,40118,21.3,0,92,0.0,0.0,0.0,0.197,18.6,22.8,7.95,0.0,70.57,70.38,0.0,0.0
3243,2022-11-16 07:37:37,34753,21.3,0,92,0.0,0.0,0.0,0.197,18.6,22.8,7.95,0.0,70.59,70.39,0.0,0.0
3244,2022-11-16 07:52:43,33506,21.2,0,92,0.0,0.0,0.0,0.197,18.6,22.8,7.95,0.0,70.6,70.4,0.0,0.0
3245,2022-11-16 08:07:46,33077,21.1,0,92,0.0,0.0,0.0,0.197,18.6,22.8,7.95,0.0,70.6,70.4,0.0,0.0
3246,2022-11-16 08:22:49,34516,21.1,0,92,0.0,0.0,0.0,0.197,18.6,22.8,7.95,0.0,70.62,70.42,0.0,0.0
3247,2022-11-16 08:37:52,37690,20.9,1,92,0.0,0.0,0.0,0.197,18.6,22.8,7.95,0.0,70.63,70.43,0.0,0.0
3248,2022-11-16 08:52:55,37749,20.7,1,92,0.0,0.0,0.0,0.197,18.6,22.8,7.95,0.0,70.65,70.45,0.0,0.0
3249,2022-11-16 09:07:58,37148,20.6,0,92,0.0,0.0,0.0,0.197,18.6,22.8,7.95,0.0,70.67,70.47,0.0,0.0
3250,2022-11-16 09:23:01,33392,20.5,1,92,0.0,0.0,0.0,0.197,18.6,22.8,7.95,0.0,70.68,70.48,0.0,0.0
3251,2022-11-16 09:38:03,35834,20.7,0,93,0.0,0.0,0.0,0.197,18.6,22.8,7.95,0.0,70.7,70.5,0.0,0.0
3252,2022-11-16 09:53:04,38909,20.9,0,93,0.0,0.0,0.0,0.197,18.6,22.8,7.95,0.0,70.71,70.51,0.0,0.0
3253,2022-11-16 10:08:07,32527,20.9,0,94,0.0,0.0,0.0,0.197,18.6,22.8,7.95,0.0,70.71,70.51,70.71,0.0
3254,2022-11-16 10:23:10,38253,21.0,0,94,0.0,0.0,0.0,0.197,18.6,22.8,7.95,0.0,70.71,70.51,0.0,0.0
3255,2022-11-16 10:38:12,37170,21.0,0,94,0.0,0.0,0.0,0.197,18.6,22.8,7.95,0.0,70.71,70.51,0.0,0.0
3256,2022-11-16 10:53:15,35213,21.1,2,95,0.0,0.0,0.0,0.197,18.6,22.8,7.95,0.0,70.71,70.51,0.0,0.0
3257,2022-11-16 11:08:18,33782,21.0,11,94,0.0,0.0,0.0,0.197,18.6,22.8,7.95,0.0,70.73,70.53,0.0,0.0
3258,2022-11-16 11:23:21,38040,21.0,31,94,0.0,0.0,0.0,0.197,18.6,22.8,7.95,0.0,70.75,70.55,0.0,0.0
3259,2022-11-16 11:38:24,35995,21.1,55,94,0.0,0.0,0.0,0.197,18.6,22.8,7.95,0.0,70.77,70.57,0.0,0.0
3260,2022-11-16 11:53:27,38310,21.4,89,94,0.0,0.0,0.0,0.197,18.6,22.8,7.95,0.0,70.79,70.59,0.0,0.0
3261,2022-11-16 12:08:33,38335,21.8,132,94,0.0,0.0,0.0,0.197,18.6,22.8,7.95,0.0,70.81,70.62,0.0,0.0
3262,2022-11-16 12:23:36,34542,22.2,151,94,0.0,0.0,0.0,0.197,18.6,22.8,7.95,0.0,70.84,70.64,0.0,0.0
3263,2022-11-16 12:38:39,36080,22.5,224,94,0.0,0.0,0.0,0.197,18.6,22.8,7.95,0.0,70.86,70.67,0.0,0.0
3264,2022-11-16 12:53:42,38207,22.9,326,91,0.0,0.0,0.0,0.197,18.6,22.8,7.95,0.0,70.89,70.7,0.0,0.0
3265,2022-11-16 13:08:45,35373,24.0,371,86,0.0,0.0,0.0,0.197,18.6,22.8,7.95,0.0,70.93,70.73,0.0,0.0
3266,2022-11-16 13:23:48,34706,24.8,409,83,0.0,0.0,0.0,0.197,18.6,22.8,7.95,0.0,70.96,70.76,0.0,0.0
3267,2022-11-16 13:38:51,39363,25.5,456,79,0.0,0.0,0.0,0.197,18.6,22.8,7.95,0.0,70.99,70.8,0.0,0.0
3268,2022-11-16 13:53:53,37685,25.9,501,78,0.0,0.0,0.0,0.197,18.6,22.8,7.95,0.0,71.03,70.83,0.0,0.0
3269,2022-11-16 14:08:55,35481,26.3,543,78,0.0,0.0,0.0,0.197,18.6,22.8,7.95,0.0,71.06,70.87,0.0,0.0
3270,2022-11-16 14:23:57,34658,26.5,499,76,0.0,0.0,0.0,0.197,18.6,22.8,7.95,0.0,71.1,70.9,0.0,0.0
3271,2022-11-16 14:39:00,36998,27.1,650,75,0.0,0.0,0.0,0.197,18.6,22.8,7.95,0.0,71.14,70.94,0.0,0.0
3272,2022-11-16 14:54:02,37399,27.5,619,74,0.0,0.0,0.0,0.197,18.6,22.8,7.95,0.0,71.17,70.98,0.0,0.0
3273,2022-11-16 15:09:05,40213,27.6,542,74,0.0,0.0,0.0,0.197,18.6,22.8,7.95,0.0,71.21,71.01,0.0,0.0
3274,2022-11-16 15:24:08,40359,27.9,804,73,0.0,0.0,0.0,0.197,18.6,22.8,7.95,0.0,71.25,71.05,0.0,0.0
3275,2022-11-16 15:39:11,36020,27.7,354,73,0.0,0.0,0.0,0.197,18.6,22.8,7.95,0.0,71.28,71.09,0.0,0.0
3276,2022-11-16 15:54:14,34551,28.0,555,72,0.0,0.0,0.0,0.197,18.6,22.8,7.95,0.0,71.31,71.12,0.0,0.0
3277,2022-11-16 16:09:17,35401,28.4,795,71,0.0,0.0,0.0,0.197,18.6,22.8,7.95,0.0,71.35,71.15,0.0,0.0
3278,2022-11-16 16:24:23,35403,28.6,518,68,0.0,0.0,0.0,0.197,18.6,22.8,7.95,0.0,71.39,71.19,0.0,0.0
3279,2022-11-16 16:39:26,34861,28.3,201,68,0.0,0.0,0.0,0.197,18.6,22.8,7.95,0.0,71.42,71.22,0.0,0.0
3280,2022-11-16 16:54:29,38598,28.7,384,66,0.0,0.0,0.0,0.197,18.6,22.8,7.95,0.0,71.45,71.25,0.0,0.0
3281,2022-11-16 17:09:32,40076,29.4,777,66,0.0,0.0,0.0,0.197,18.6,22.8,7.95,0.0,71.48,71.28,0.0,0.0
3282,2022-11-16 17:24:35,38310,29.8,722,63,0.0,0.0,0.0,0.197,18.6,22.8,7.95,0.0,71.51,71.32,0.0,0.0
3283,2022-11-16 17:39:38,31636,29.9,698,63,0.0,0.0,0.0,0.197,18.6,22.8,7.95,0.0,71.55,71.36,0.0,0.0
3284,2022-11-16 17:54:41,38065,29.6,493,63,0.0,0.0,0.0,0.197,18.6,22.8,7.95,0.0,71.59,71.39,0.0,0.0
3285,2022-11-16 18:09:44,38199,29.7,655,64,0.0,0.0,0.0,0.197,18.6,22.8,7.95,0.0,71.62,71.43,0.0,0.0
3286,2022-11-16 18:24:46,35131,29.9,637,63,0.0,0.0,0.0,0.197,18.6,22.8,7.95,0.0,71.66,71.46,0.0,0.0
3287,2022-11-16 18:39:48,38322,30.3,466,63,0.0,0.0,0.0,0.197,18.6,22.8,7.95,0.0,71.7,71.5,0.0,0.0
3288,2022-11-16 18:54:50,34525,30.1,487,63,0.0,0.0,0.0,0.197,18.6,22.8,7.95,0.0,71.73,71.53,0.0,0.0
3289,2022-11-16 19:09:53,34124,30.1,453,61,0.0,0.0,0.0,0.197,18.6,22.8,7.95,0.0,71.76,71.57,0.0,0.0
3290,2022-11-16 19:24:55,32080,30.1,399,60,0.0,0.0,0.0,0.197,18.6,22.8,7.95,0.0,71.8,71.6,0.0,0.0
3291,2022-11-16 19:39:58,36670,29.8,363,61,0.0,0.0,0.0,0.197,18.6,22.8,7.95,0.0,71.83,71.63,0.0,0.0
3292,2022-11-16 19:55:01,38014,30.1,306,60,0.0,0.0,0.0,0.197,18.6,22.8,7.95,0.0,71.86,71.67,0.0,0.0
3293,2022-11-16 20:10:04,37994,29.9,245,61,0.0,0.0,0.0,0.197,18.6,22.8,7.95,0.0,71.89,71.69,0.0,0.0
3294,2022-11-16 20:25:07,32574,29.6,213,63,0.0,0.0,0.0,0.197,18.6,22.8,7.95,0.0,71.92,71.72,0.0,0.0
3295,2022-11-16 20:40:10,36663,29.6,133,64,0.0,0.0,0.0,0.197,18.6,22.8,7.95,0.0,71.94,71.75,0.0,0.0
3296,2022-11-16 20:55:16,38715,28.8,54,67,0.0,0.0,0.0,0.197,18.6,22.8,7.95,0.0,71.97,71.77,0.0,0.0
3297,2022-11-16 21:10:19,34146,28.3,38,69,0.0,0.0,0.0,0.197,18.6,22.8,7.95,0.0,71.99,71.79,0.0,0.0
3298,2022-11-16 21:25:22,32542,27.8,15,71,0.0,0.0,0.0,0.197,18.6,22.8,7.95,0.0,72.01,71.81,0.0,0.0
3299,2022-11-16 21:40:25,35953,27.1,6,73,0.0,0.0,0.0,0.197,18.6,22.8,7.95,0.0,72.03,71.83,0.0,0.0
3300,2022-11-16 21:55:28,40800,26.4,1,75,0.0,0.0,0.0,0.197,18.6,22.8,7.95,0.0,72.04,71.85,0.0,0.0
3301,2022-11-16 22:10:31,35034,26.2,0,77,0.0,0.0,0.0,0.197,18.6,22.8,7.95,0.0,72.06,71.86,0.0,0.0
3302,2022-11-16 22:25:34,34649,25.8,0,78,0.0,0.0,0.0,0.197,18.6,22.8,7.95,0.0,72.07,71.87,0.0,0.0
3303,2022-11-16 22:40:36,35371,25.6,0,78,0.0,0.0,0.0,0.197,18.6,22.8,7.95,0.0,72.07,71.87,0.0,0.0
3304,2022-11-16 22:55:38,37182,25.5,0,78,0.0,0.0,0.0,0.197,18.6,22.8,7.95,0.0,72.07,71.87,0.0,0.0
3305,2022-11-16 23:10:40,32569,25.4,0,78,0.0,0.0,0.0,0.197,18.6,22.8,7.95,0.0,72.07,71.87,0.0,0.0
3306,2022-11-16 23:25:43,40949,25.4,0,78,0.0,0.0,0.0,0.197,18.6,22.8,7.95,0.0,72.07,71.87,0.0,0.0
3307,2022-11-16 23:40:45,33868,25.0,0,79,0.0,0.0,0.0,0.197,18.6,22.8,7.95,0.0,72.07,71.88,0.0,0.0
3308,2022-11-16 23:55:48,37854,24.9,0,80,0.0,0.0,0.0,0.197,18.6,22.6,7.95,0.0,72.07,71.88,0.0,0.0
3309,2022-11-17 00:10:51,41785,24.8,0,80,0.0,0.0,0.0,0.197,18.6,22.5,7.95,0.0,72.07,71.88,0.0,0.0
3310,2022-11-17 00:25:54,36510,24.7,0,80,0.0,0.0,0.0,0.197,18.6,22.5,7.95,0.0,72.07,71.88,0.0,0.0
3311,2022-11-17 00:40:57,35841,24.4,0,81,0.0,0.0,0.0,0.197,18.6,22.5,7.95,0.0,72.07,71.88,0.0,0.0
3312,2022-11-17 00:56:00,31596,24.1,0,82,0.0,0.0,0.0,0.197,18.6,22.5,7.95,0.0,72.07,71.88,0.0,0.0
3313,2022-11-17 01:11:02,37744,23.6,0,84,0.0,0.0,0.0,0.197,18.6,22.5,7.95,0.0,72.07,71.88,0.0,0.0
3314,2022-11-17 01:26:09,38665,23.5,0,84,0.0,0.0,0.0,0.197,18.6,22.5,7.95,0.0,72.08,71.88,0.0,0.0
3315,2022-11-17 01:41:12,33292,23.4,0,85,0.0,0.0,0.0,0.197,18.6,22.5,7.95,0.0,72.09,71.89,0.0,0.0
3316,2022-11-17 01:56:15,41589,23.3,0,85,0.0,0.0,0.0,0.197,18.6,22.5,7.95,0.0,72.09,71.89,0.0,0.0
3317,2022-11-17 02:11:18,34624,23.2,0,86,0.0,0.0,0.0,0.197,18.6,22.5,7.95,0.0,72.09,71.89,0.0,0.0
3318,2022-11-17 02:26:21,36710,23.1,0,86,0.0,0.0,0.0,0.197,18.6,22.5,7.95,0.0,72.1,71.91,0.0,0.0
3319,2022-11-17 02:41:24,38053,23.1,0,87,0.0,0.0,0.0,0.197,18.6,22.5,7.95,0.0,72.11,71.92,0.0,0.0
3320,2022-11-17 02:56:26,39731,23.2,1,87,0.0,0.0,0.0,0.197,18.6,22.5,7.95,0.0,72.11,71.92,0.0,0.0
3321,2022-11-17 03:11:29,40665,23.4,0,87,0.0,0.0,0.0,0.197,18.6,22.5,7.95,0.0,72.13,71.94,0.0,0.0
3322,2022-11-17 03:26:30,36431,23.4,0,87,0.0,0.0,0.0,0.197,18.6,22.5,7.95,0.0,72.14,71.94,0.0,0.0
3323,2022-11-17 03:41:33,36629,23.4,0,87,0.0,0.0,0.0,0.197,18.6,22.5,7.95,0.0,72.14,71.94,0.0,0.0
3324,2022-11-17 03:56:35,34799,23.3,0,86,0.0,0.0,0.0,0.197,18.6,22.5,7.95,0.0,72.14,71.94,0.0,0.0
3325,2022-11-17 04:11:38,36759,22.8,0,84,0.0,0.0,0.0,0.197,18.6,22.5,7.95,0.0,72.14,71.94,0.0,0.0
3326,2022-11-17 04:26:41,36967,22.6,0,84,0.0,0.0,0.0,0.197,18.6,22.5,7.95,0.0,72.14,71.94,0.0,0.0
3327,2022-11-17 04:41:44,34621,22.4,0,84,0.0,0.0,0.0,0.197,18.6,22.5,7.95,0.0,72.14,71.95,0.0,0.0
3328,2022-11-17 04:56:47,33090,22.2,0,84,0.0,0.0,0.0,0.197,18.6,22.5,7.95,0.0,72.14,71.95,0.0,0.0
3329,2022-11-17 05:11:50,36438,22.1,0,84,0.0,0.0,0.0,0.197,18.6,22.5,7.95,0.0,72.14,71.95,0.0,0.0
3330,2022-11-17 05:26:52,36768,21.7,0,85,0.0,0.0,0.0,0.197,18.6,22.5,7.95,0.0,72.14,71.95,0.0,0.0
3331,2022-11-17 05:41:59,36011,21.4,0,85,0.0,0.0,0.0,0.197,18.6,22.5,7.95,0.0,72.14,71.95,0.0,0.0
3332,2022-11-17 05:57:02,36969,21.2,0,85,0.0,0.0,0.0,0.197,18.6,22.5,7.95,0.0,72.14,71.95,0.0,0.0
3333,2022-11-17 06:12:05,34252,21.0,0,84,0.0,0.0,0.0,0.197,18.6,22.5,7.95,0.0,72.14,71.95,0.0,0.0
3334,2022-11-17 06:27:08,35551,20.8,0,84,0.0,0.0,0.0,0.197,18.6,22.5,7.95,0.0,72.15,71.95,0.0,0.0
3335,2022-11-17 06:42:11,36545,20.7,0,84,0.0,0.0,0.0,0.197,18.6,22.5,7.95,0.0,72.15,71.95,0.0,0.0
3336,2022-11-17 06:57:14,32979,20.5,0,84,0.0,0.0,0.0,0.197,18.6,22.5,7.95,0.0,72.15,71.95,0.0,0.0
3337,2022-11-17 07:12:17,32726,20.2,0,85,0.0,0.0,0.0,0.197,18.6,22.5,7.95,0.0,72.15,71.95,0.0,0.0
3338,2022-11-17 07:27:19,34813,19.9,0,85,0.0,0.0,0.0,0.197,18.6,22.5,7.95,0.0,72.15,71.95,0.0,0.0
3339,2022-11-17 07:42:20,37126,19.7,0,85,0.0,0.0,0.0,0.197,18.6,22.5,7.95,0.0,72.15,71.95,0.0,0.0
3340,2022-11-17 07:57:23,36557,19.5,0,86,0.0,0.0,0.0,0.197,18.6,22.5,7.95,0.0,72.15,71.96,0.0,0.0
3341,2022-11-17 08:12:25,37442,19.5,0,86,0.0,0.0,0.0,0.197,18.6,22.5,7.95,0.0,72.15,71.96,0.0,0.0
3342,2022-11-17 08:27:28,34427,19.5,0,85,0.0,0.0,0.0,0.197,18.6,22.5,7.95,0.0,72.15,71.96,0.0,0.0
3343,2022-11-17 08:42:31,34158,19.6,0,84,0.0,0.0,0.0,0.197,18.6,22.5,7.95,0.0,72.15,71.96,0.0,0.0
3344,2022-11-17 08:57:34,35913,19.8,0,83,0.0,0.0,0.0,0.197,18.6,22.5,7.95,0.0,72.15,71.96,0.0,0.0
3345,2022-11-17 09:12:37,36335,19.9,0,83,0.0,0.0,0.0,0.197,18.6,22.5,7.95,0.0,72.15,71.96,0.0,0.0
3346,2022-11-17 09:27:40,38256,19.8,0,83,0.0,0.0,0.0,0.197,18.6,22.5,7.95,0.0,72.15,71.96,0.0,0.0
3347,2022-11-17 09:42:43,40662,19.8,0,83,0.0,0.0,0.0,0.197,18.6,22.5,7.95,0.0,72.15,71.96,0.0,0.0
3348,2022-11-17 09:57:49,28571,19.6,0,83,0.0,0.0,0.0,0.197,18.6,22.5,7.95,25.0,47.16,46.96,0.0,0.0
3349,2022-11-17 10:12:52,20061,19.4,0,83,0.0,0.0,0.0,0.197,18.6,22.5,7.95,0.0,47.16,46.96,47.16,0.0
3350,2022-11-17 10:27:55,22445,19.6,0,82,0.0,0.0,0.0,0.197,18.6,22.5,7.95,0.0,47.17,46.97,0.0,0.0
3351,2022-11-17 10:42:58,24047,20.1,0,80,0.0,0.0,0.0,0.197,18.6,22.5,7.95,0.0,47.19,46.99,0.0,0.0
3352,2022-11-17 10:58:01,25754,20.1,2,79,0.0,0.0,0.0,0.197,18.6,22.5,7.95,0.0,47.19,47.0,0.0,0.0
3353,2022-11-17 11:13:04,23231,20.1,13,79,0.0,0.0,0.0,0.197,18.6,22.5,7.95,0.0,47.24,47.05,0.0,0.0
3354,2022-11-17 11:28:07,22499,19.9,39,80,0.0,0.0,0.0,0.197,18.6,22.5,7.95,0.0,47.29,47.1,0.0,0.0
3355,2022-11-17 11:43:09,20267,19.1,57,81,0.0,0.0,0.0,0.197,18.6,22.5,7.95,0.0,47.34,47.15,0.0,0.0
3356,2022-11-17 11:58:11,22816,18.7,97,82,0.0,0.0,0.0,0.197,18.6,22.5,7.95,0.0,47.39,47.2,0.0,0.0
3357,2022-11-17 12:13:13,21103,18.3,98,82,0.0,0.0,0.0,0.197,18.6,22.5,7.95,0.0,47.45,47.26,0.0,0.0
3358,2022-11-17 12:28:16,28375,18.0,160,82,0.0,0.0,0.0,0.197,18.6,22.5,7.95,0.0,47.51,47.31,0.0,0.0
3359,2022-11-17 12:43:18,22877,18.3,220,80,0.0,0.0,0.0,0.197,18.6,22.5,7.95,0.0,47.57,47.38,0.0,0.0
3360,2022-11-17 12:58:21,22287,19.2,273,78,0.0,0.0,0.0,0.197,18.6,22.5,7.95,0.0,47.64,47.44,0.0,0.0
3361,2022-11-17 13:13:24,22533,19.7,239,77,0.0,0.0,0.0,0.197,18.6,22.5,7.95,0.0,47.71,47.51,0.0,0.0
3362,2022-11-17 13:28:27,23646,20.3,291,76,0.0,0.0,0.0,0.197,18.6,22.5,7.95,0.0,47.78,47.58,0.0,0.0
3363,2022-11-17 13:43:30,26075,20.9,524,76,0.0,0.0,0.0,0.197,18.6,22.5,7.95,0.0,47.86,47.66,0.0,0.0
3364,2022-11-17 13:58:33,24583,21.2,514,74,0.0,0.0,0.0,0.197,18.6,22.5,7.95,0.0,47.94,47.74,0.0,0.0
3365,2022-11-17 14:13:39,22594,21.6,574,74,0.0,0.0,0.0,0.197,18.6,22.5,7.95,0.0,48.03,47.83,0.0,0.0
3366,2022-11-17 14:28:42,20926,21.8,504,73,0.0,0.0,0.0,0.197,18.6,22.5,7.95,0.0,48.11,47.91,0.0,0.0
3367,2022-11-17 14:43:45,26856,21.6,638,72,0.0,0.0,0.0,0.197,18.6,22.5,7.95,0.0,48.2,48.0,0.0,0.0
3368,2022-11-17 14:58:48,24142,21.7,649,71,0.0,0.0,0.0,0.197,18.6,22.5,7.95,0.0,48.28,48.08,0.0,0.0
3369,2022-11-17 15:13:51,24471,21.7,718,71,0.0,0.0,0.0,0.197,18.6,22.5,7.95,0.0,48.37,48.17,0.0,0.0
3370,2022-11-17 15:28:54,22849,21.5,595,69,0.0,0.0,0.0,0.197,18.6,22.5,7.95,0.0,48.46,48.26,0.0,0.0
3371,2022-11-17 15:43:57,25060,21.9,691,69,0.0,0.0,0.0,0.197,18.6,22.5,7.95,0.0,48.55,48.35,0.0,0.0
3372,2022-11-17 15:59:00,24712,21.9,712,67,0.0,0.0,0.0,0.197,18.6,22.5,7.95,0.0,48.64,48.43,0.0,0.0
3373,2022-11-17 16:14:01,20283,22.0,711,68,0.0,0.0,0.0,0.197,18.6,22.5,7.95,0.0,48.72,48.52,0.0,0.0
3374,2022-11-17 16:29:04,27535,21.8,690,68,0.0,0.0,0.0,0.197,18.6,22.5,7.95,0.0,48.81,48.61,0.0,0.0
3375,2022-11-17 16:44:06,26033,21.9,641,68,0.0,0.0,0.0,0.197,18.6,22.5,7.95,0.0,48.9,48.7,0.0,0.0
3376,2022-11-17 16:59:08,25725,21.9,628,69,0.0,0.0,0.0,0.197,18.6,22.5,7.95,0.0,48.99,48.79,0.0,0.0
3377,2022-11-17 17:14:11,25590,22.0,629,69,0.0,0.0,0.0,0.197,18.6,22.5,7.95,0.0,49.08,48.87,0.0,0.0
3378,2022-11-17 17:29:14,27100,22.1,565,68,0.0,0.0,0.0,0.197,18.6,22.5,7.95,0.0,49.16,48.96,0.0,0.0
3379,2022-11-17 17:44:17,25537,22.0,579,68,0.0,0.0,0.0,0.197,18.6,22.5,7.95,0.0,49.25,49.04,0.0,0.0
3380,2022-11-17 17:59:20,26216,22.1,584,68,0.0,0.0,0.0,0.197,18.6,22.5,7.95,0.0,49.33,49.13,0.0,0.0
3381,2022-11-17 18:14:23,25036,22.1,533,67,0.0,0.0,0.0,0.197,18.6,22.5,7.95,0.0,49.41,49.21,0.0,0.0
3382,2022-11-17 18:29:29,23138,21.7,549,67,0.0,0.0,0.0,0.197,18.6,22.5,7.95,0.0,49.5,49.29,0.0,0.0
3383,2022-11-17 18:44:32,25525,21.4,351,68,0.0,0.0,0.0,0.197,18.6,22.5,7.95,0.0,49.58,49.37,0.0,0.0
3384,2022-11-17 18:59:35,25774,21.6,457,69,0.0,0.0,0.0,0.197,18.6,22.5,7.95,0.0,49.65,49.45,0.0,0.0
3385,2022-11-17 19:14:38,23310,21.8,454,68,0.0,0.0,0.0,0.197,18.6,22.5,7.95,0.0,49.73,49.53,0.0,0.0
3386,2022-11-17 19:29:41,23540,21.6,391,67,0.0,0.0,0.0,0.197,18.6,22.5,7.95,0.0,49.81,49.61,0.0,0.0
3387,2022-11-17 19:44:44,23435,21.4,341,69,0.0,0.0,0.0,0.197,18.6,22.5,7.95,0.0,49.89,49.68,0.0,0.0
3388,2022-11-17 19:59:47,28517,21.3,253,70,0.0,0.0,0.0,0.197,18.6,22.5,7.95,0.0,49.96,49.75,0.0,0.0
3389,2022-11-17 20:14:50,25709,21.2,242,71,0.0,0.0,0.0,0.197,18.6,22.5,7.95,0.0,50.03,49.82,0.0,0.0
3390,2022-11-17 20:24:51,28853,21.1,192,71,0.0,0.0,0.0,0.197,18.6,22.5,7.95,0.0,50.09,49.89,0.0,0.0
3391,2022-11-17 20:39:53,24780,20.7,137,71,0.0,0.0,0.0,0.197,18.6,22.5,7.95,0.0,50.16,49.95,0.0,0.0
3392,2022-11-17 20:54:55,30988,20.2,116,73,0.0,0.0,0.0,0.197,18.6,22.5,7.95,0.0,50.21,50.01,0.0,0.0
3393,2022-11-17 21:09:58,25804,20.0,69,73,0.0,0.0,0.0,0.197,18.6,22.5,7.95,0.0,50.27,50.06,0.0,0.0
3394,2022-11-17 21:25:00,27950,19.7,35,73,0.0,0.0,0.0,0.197,18.6,22.5,7.95,0.0,50.32,50.11,0.0,0.0
3395,2022-11-17 21:40:03,24841,19.5,10,74,0.0,0.0,0.0,0.197,18.6,22.5,7.95,0.0,50.37,50.16,0.0,0.0
3396,2022-11-17 21:55:06,24290,19.3,2,75,0.0,0.0,0.0,0.197,18.6,22.5,7.95,0.0,50.41,50.2,0.0,0.0
3397,2022-11-17 22:10:09,26851,19.2,0,75,0.0,0.0,0.0,0.197,18.6,22.5,7.95,0.0,50.45,50.24,0.0,0.0
3398,2022-11-17 22:25:12,23818,19.0,0,75,0.0,0.0,0.0,0.197,18.6,22.5,7.95,0.0,50.46,50.25,0.0,0.0
3399,2022-11-17 22:40:14,23225,19.0,0,75,0.0,0.0,0.0,0.197,18.6,22.5,7.95,0.0,50.47,50.26,0.0,0.0
3400,2022-11-17 22:55:21,24504,19.0,0,76,0.0,0.0,0.0,0.197,18.6,22.5,7.95,0.0,50.47,50.26,0.0,0.0
3401,2022-11-17 23:10:24,26238,19.0,0,76,0.0,0.0,0.0,0.197,18.6,22.5,7.95,0.0,50.48,50.27,0.0,0.0
3402,2022-11-17 23:25:27,27982,19.0,0,76,0.0,0.0,0.0,0.197,18.6,22.5,7.95,0.0,50.49,50.28,0.0,0.0
3403,2022-11-17 23:40:30,22957,19.0,0,75,0.0,0.0,0.0,0.197,18.6,22.5,7.95,0.0,50.49,50.28,0.0,0.0
3404,2022-11-17 23:55:33,25854,19.0,0,76,0.0,0.0,0.0,0.197,18.6,24.4,7.95,0.0,50.5,50.29,0.0,0.0
3405,2022-11-18 00:10:36,29919,19.0,0,75,0.0,0.0,0.0,0.197,18.6,25.4,7.95,0.0,50.51,50.3,0.0,0.0
3406,2022-11-18 00:25:39,22412,19.0,0,75,0.0,0.0,0.0,0.197,18.6,25.4,7.95,0.0,50.51,50.3,0.0,0.0
3407,2022-11-18 00:40:41,25593,19.0,0,75,0.0,0.0,0.0,0.197,18.6,25.4,7.95,0.0,50.52,50.31,0.0,0.0
3408,2022-11-18 00:55:43,26024,18.9,0,74,0.0,0.0,0.0,0.197,18.6,25.4,7.95,0.0,50.53,50.32,0.0,0.0
3409,2022-11-18 01:10:45,27906,18.9,0,74,0.0,0.0,0.0,0.197,18.6,25.4,7.95,0.0,50.53,50.32,0.0,0.0
3410,2022-11-18 01:25:48,26205,18.9,0,74,0.0,0.0,0.0,0.197,18.6,25.4,7.95,0.0,50.54,50.33,0.0,0.0
3411,2022-11-18 01:40:50,27384,18.9,0,74,0.0,0.0,0.0,0.197,18.6,25.4,7.95,0.0,50.55,50.34,0.0,0.0
3412,2022-11-18 01:55:53,29238,18.9,0,73,0.0,0.0,0.0,0.197,18.6,25.4,7.95,0.0,50.55,50.34,0.0,0.0
3413,2022-11-18 02:10:56,21685,18.8,0,74,0.0,0.0,0.0,0.197,18.6,25.4,7.95,0.0,50.56,50.35,0.0,0.0
3414,2022-11-18 02:25:59,26444,18.9,0,74,0.0,0.0,0.0,0.197,18.6,25.4,7.95,0.0,50.57,50.36,0.0,0.0
3415,2022-11-18 02:41:02,25669,19.0,0,74,0.0,0.0,0.0,0.197,18.6,25.4,7.95,0.0,50.59,50.38,0.0,0.0
3416,2022-11-18 02:56:05,25707,19.0,0,75,0.0,0.0,0.0,0.197,18.6,25.4,7.95,0.0,50.61,50.4,0.0,0.0
3417,2022-11-18 03:11:11,23254,19.0,0,74,0.0,0.0,0.0,0.197,18.6,25.4,7.95,0.0,50.62,50.41,0.0,0.0
3418,2022-11-18 03:26:14,25466,19.1,0,75,0.0,0.0,0.0,0.197,18.6,25.4,7.95,0.0,50.63,50.42,0.0,0.0
3419,2022-11-18 03:41:17,23070,19.1,0,75,0.0,0.0,0.0,0.197,18.6,25.4,7.95,0.0,50.66,50.45,0.0,0.0
3420,2022-11-18 03:56:20,25974,16.8,0,78,0.0,0.0,0.0,0.197,18.6,25.4,7.95,0.0,50.67,50.46,0.0,0.0
3421,2022-11-18 04:11:23,25765,15.9,0,80,0.0,0.0,0.0,0.197,18.6,25.4,7.95,0.0,50.67,50.46,0.0,0.0
3422,2022-11-18 04:26:26,24682,15.6,0,80,0.0,0.0,0.0,0.197,18.6,25.4,7.95,0.0,50.68,50.47,0.0,0.0
3423,2022-11-18 04:41:29,26221,15.5,0,80,0.0,0.0,0.0,0.197,18.6,25.4,7.95,0.0,50.69,50.48,0.0,0.0
3424,2022-11-18 04:56:31,26448,15.4,0,80,0.0,0.0,0.0,0.197,18.6,25.4,7.95,0.0,50.69,50.48,0.0,0.0
3425,2022-11-18 05:11:34,23166,15.3,0,81,0.0,0.0,0.0,0.197,18.6,25.4,7.95,0.0,50.7,50.49,0.0,0.0
3426,2022-11-18 05:26:35,26973,15.2,0,81,0.0,0.0,0.0,0.197,18.6,25.4,7.95,0.0,50.71,50.5,0.0,0.0
3427,2022-11-18 05:41:38,24175,15.2,0,81,0.0,0.0,0.0,0.197,18.6,25.4,7.95,0.0,50.72,50.5,0.0,0.0
3428,2022-11-18 05:56:40,23649,15.4,0,81,0.0,0.0,0.0,0.197,18.6,25.4,7.95,0.0,50.73,50.52,0.0,0.0
3429,2022-11-18 06:11:43,26762,15.4,0,81,0.0,0.0,0.0,0.197,18.6,25.4,7.95,0.0,50.74,50.53,0.0,0.0
3430,2022-11-18 06:26:46,24552,15.4,0,81,0.0,0.0,0.0,0.197,18.6,25.4,7.95,0.0,50.75,50.54,0.0,0.0
3431,2022-11-18 06:41:49,24633,15.4,0,81,0.0,0.0,0.0,0.197,18.6,25.4,7.95,0.0,50.75,50.54,0.0,0.0
3432,2022-11-18 06:56:52,23286,15.4,0,81,0.0,0.0,0.0,0.197,18.6,25.4,7.95,0.0,50.76,50.55,0.0,0.0
3433,2022-11-18 07:11:55,22626,15.3,0,80,0.0,0.0,0.0,0.197,18.6,25.4,7.95,0.0,50.78,50.57,0.0,0.0
3434,2022-11-18 07:26:58,24125,15.2,0,80,0.0,0.0,0.0,0.197,18.6,25.4,7.95,0.0,50.79,50.57,0.0,0.0
3435,2022-11-18 07:42:04,30817,15.1,0,80,0.0,0.0,0.0,0.197,18.6,25.4,7.95,0.0,50.79,50.58,0.0,0.0
3436,2022-11-18 07:57:07,28287,15.0,0,80,0.0,0.0,0.0,0.197,18.6,25.4,7.95,0.0,50.8,50.59,0.0,0.0
3437,2022-11-18 08:12:10,26414,14.9,0,80,0.0,0.0,0.0,0.197,18.6,25.4,7.95,0.0,50.81,50.59,0.0,0.0
3438,2022-11-18 08:27:13,25978,14.9,0,80,0.0,0.0,0.0,0.197,18.6,25.4,7.95,0.0,50.81,50.6,0.0,0.0
3439,2022-11-18 08:42:16,24994,14.7,0,80,0.0,0.0,0.0,0.197,18.6,25.4,7.95,0.0,50.82,50.61,0.0,0.0
3440,2022-11-18 08:57:19,23852,14.8,0,80,0.0,0.0,0.0,0.197,18.6,25.4,7.95,0.0,50.83,50.61,0.0,0.0
3441,2022-11-18 09:12:22,23730,14.8,0,80,0.0,0.0,0.0,0.197,18.6,25.4,7.95,0.0,50.83,50.62,0.0,0.0
3442,2022-11-18 09:27:24,30058,14.6,0,80,0.0,0.0,0.0,0.197,18.6,25.4,7.95,0.0,50.84,50.63,0.0,0.0
3443,2022-11-18 09:42:27,28029,14.6,0,81,0.0,0.0,0.0,0.197,18.6,25.4,7.95,0.0,50.85,50.63,0.0,0.0
3444,2022-11-18 09:57:28,29978,14.5,0,81,0.0,0.0,0.0,0.197,18.6,25.4,7.95,0.0,50.85,50.64,0.0,0.0
3445,2022-11-18 10:12:31,27253,14.5,0,81,0.0,0.0,0.0,0.197,18.6,25.4,7.95,0.0,50.86,50.65,50.86,50.86
3446,2022-11-18 10:27:34,23329,14.6,0,81,0.0,0.0,0.0,0.197,18.6,25.4,7.95,0.0,50.87,50.65,0.0,0.0
3447,2022-11-18 10:42:36,29830,14.6,0,81,0.0,0.0,0.0,0.197,18.6,25.4,7.95,0.0,50.87,50.66,0.0,0.0
3448,2022-11-18 10:57:39,30277,14.6,2,81,0.0,0.0,0.0,0.197,18.6,25.4,7.95,0.0,50.89,50.68,0.0,0.0
3449,2022-11-18 11:12:42,21069,14.4,8,81,0.0,0.0,0.0,0.197,18.6,25.4,7.95,0.0,50.93,50.72,0.0,0.0
3450,2022-11-18 11:27:45,23146,14.5,43,80,0.0,0.0,0.0,0.197,18.6,25.4,7.95,0.0,50.98,50.76,0.0,0.0
3451,2022-11-18 11:42:48,24318,14.7,45,80,0.0,0.0,0.0,0.197,18.6,25.4,7.95,0.0,51.02,50.81,0.0,0.0
3452,2022-11-18 11:57:51,22969,14.9,80,80,0.0,0.0,0.0,0.197,18.6,25.4,7.95,0.0,51.07,50.86,0.0,0.0
3453,2022-11-18 12:12:57,20637,15.3,93,79,0.0,0.0,0.0,0.197,18.6,25.4,7.95,0.0,51.12,50.9,0.0,0.0
3454,2022-11-18 12:28:03,24707,16.3,153,78,0.0,0.0,0.0,0.197,18.6,25.4,7.95,0.0,51.17,50.96,0.0,0.0
3455,2022-11-18 12:43:03,22926,18.6,216,77,0.0,0.0,0.0,0.197,18.6,25.4,7.95,0.0,51.23,51.01,0.0,0.0
3456,2022-11-18 12:58:06,24186,19.5,196,74,0.0,0.0,0.0,0.197,18.6,25.4,7.95,0.0,51.29,51.07,0.0,0.0
3457,2022-11-18 13:13:09,25828,19.6,205,73,0.0,0.0,0.0,0.197,18.6,25.4,7.95,0.0,51.35,51.13,0.0,0.0
3458,2022-11-18 13:28:12,21942,19.9,261,73,0.0,0.0,0.0,0.197,18.6,25.4,7.95,0.0,51.41,51.19,0.0,0.0
3459,2022-11-18 13:43:15,25272,20.0,235,74,0.0,0.0,0.0,0.197,18.6,25.4,7.95,0.0,51.48,51.26,0.0,0.0
3460,2022-11-18 13:58:18,23445,20.3,359,72,0.0,0.0,0.0,0.197,18.6,25.4,7.95,0.0,51.54,51.32,0.0,0.0
3461,2022-11-18 14:13:19,28291,20.5,504,72,0.0,0.0,0.0,0.197,18.6,25.4,7.95,0.0,51.61,51.39,0.0,0.0
3462,2022-11-18 14:28:22,25345,20.9,369,71,0.0,0.0,0.0,0.197,18.6,25.4,7.95,0.0,51.69,51.47,0.0,0.0
3463,2022-11-18 14:43:24,27944,21.4,546,70,0.0,0.0,0.0,0.197,18.6,25.4,7.95,0.0,51.76,51.54,0.0,0.0
3464,2022-11-18 14:58:26,25514,21.3,389,72,0.0,0.0,0.0,0.197,18.6,25.4,7.95,0.0,51.84,51.61,0.0,0.0
3465,2022-11-18 15:13:29,26783,21.2,393,71,0.0,0.0,0.0,0.197,18.6,25.4,7.95,0.0,51.91,51.69,0.0,0.0
3466,2022-11-18 15:28:32,26652,21.6,623,70,0.0,0.0,0.0,0.197,18.6,25.4,7.95,0.0,51.98,51.76,0.0,0.0
3467,2022-11-18 15:43:35,23584,21.5,442,70,0.0,0.0,0.0,0.197,18.6,25.4,7.95,0.0,52.06,51.84,0.0,0.0
3468,2022-11-18 15:58:38,26547,21.3,322,72,0.0,0.0,0.0,0.197,18.6,25.4,7.95,0.0,52.13,51.91,0.0,0.0
3469,2022-11-18 16:13:41,27101,20.9,225,72,0.0,0.0,0.0,0.197,18.6,25.4,7.95,0.0,52.2,51.98,0.0,0.0
3470,2022-11-18 16:28:43,26006,21.0,442,71,0.0,0.0,0.0,0.197,18.6,25.4,7.95,0.0,52.26,52.04,0.0,0.0
3471,2022-11-18 16:43:50,25373,21.1,332,71,0.0,0.0,0.0,0.197,18.6,25.4,7.95,0.0,52.33,52.11,0.0,0.0
3472,2022-11-18 16:58:53,25724,20.6,236,73,0.0,0.0,0.0,0.197,18.6,25.4,7.95,0.0,52.4,52.18,0.0,0.0
3473,2022-11-18 17:13:56,27911,20.1,177,73,0.0,0.0,0.0,0.197,18.6,25.4,7.95,0.0,52.46,52.24,0.0,0.0
3474,2022-11-18 17:28:59,31936,20.2,282,73,0.0,0.0,0.0,0.197,18.6,25.4,7.95,0.0,52.52,52.29,0.0,0.0
3475,2022-11-18 17:44:02,25074,20.3,298,72,0.0,0.0,0.0,0.197,18.6,25.4,7.95,0.0,52.58,52.36,0.0,0.0
3476,2022-11-18 17:59:05,27256,20.0,188,72,0.0,0.0,0.0,0.197,18.6,25.4,7.95,0.0,52.65,52.42,0.0,0.0
3477,2022-11-18 18:14:08,24176,20.3,282,72,0.0,0.0,0.0,0.197,18.6,25.4,7.95,0.0,52.7,52.48,0.0,0.0
3478,2022-11-18 18:29:10,29685,21.0,311,69,0.0,0.0,0.0,0.197,18.6,25.4,7.95,0.0,52.77,52.54,0.0,0.0
3479,2022-11-18 18:39:11,28348,21.0,337,68,0.0,0.0,0.0,0.197,18.6,25.4,7.95,0.0,52.83,52.61,0.0,0.0
3480,2022-11-18 18:54:13,27460,21.5,425,66,0.0,0.0,0.0,0.197,18.6,25.4,7.95,0.0,52.9,52.68,0.0,0.0
3481,2022-11-18 19:09:16,29232,21.4,312,65,0.0,0.0,0.0,0.197,18.6,25.4,7.95,0.0,52.97,52.75,0.0,0.0
3482,2022-11-18 19:24:18,24524,21.7,435,65,0.0,0.0,0.0,0.197,18.6,25.4,7.95,0.0,53.04,52.81,0.0,0.0
3483,2022-11-18 19:34:20,28004,21.7,378,66,0.0,0.0,0.0,0.197,18.6,25.4,7.95,0.0,53.11,52.88,0.0,0.0
3484,2022-11-18 19:49:23,26030,21.6,322,66,0.0,0.0,0.0,0.197,18.6,25.4,7.95,0.0,53.18,52.95,0.0,0.0
3485,2022-11-18 20:04:26,26093,21.3,269,67,0.0,0.0,0.0,0.197,18.6,25.4,7.95,0.0,53.24,53.02,0.0,0.0
3486,2022-11-18 20:19:29,22444,21.3,221,68,0.0,0.0,0.0,0.197,18.6,25.4,7.95,0.0,53.3,53.08,0.0,0.0
3487,2022-11-18 20:34:32,29101,21.2,133,69,0.0,0.0,0.0,0.197,18.6,25.4,7.95,0.0,53.36,53.14,0.0,0.0
3488,2022-11-18 20:49:35,25914,20.8,126,71,0.0,0.0,0.0,0.197,18.6,25.4,7.95,0.0,53.41,53.19,0.0,0.0
3489,2022-11-18 21:04:40,25620,20.4,39,71,0.0,0.0,0.0,0.197,18.6,25.4,7.95,0.0,53.47,53.24,0.0,0.0
3490,2022-11-18 21:19:43,24890,20.0,25,72,0.0,0.0,0.0,0.197,18.6,25.4,7.95,0.0,53.51,53.28,0.0,0.0
3491,2022-11-18 21:34:51,30144,19.9,9,72,0.0,0.0,0.0,0.197,18.6,25.4,7.95,0.0,53.55,53.32,0.0,0.0
3492,2022-11-18 21:49:49,24677,19.9,1,73,0.0,0.0,0.0,0.197,18.6,25.4,7.95,0.0,53.59,53.36,0.0,0.0
3493,2022-11-18 22:04:52,29363,19.9,0,73,0.0,0.0,0.0,0.197,18.6,25.4,7.95,0.0,53.63,53.4,0.0,0.0
3494,2022-11-18 22:19:55,28561,20.0,0,73,0.0,0.0,0.0,0.197,18.6,25.4,7.95,0.0,53.64,53.41,0.0,0.0
3495,2022-11-18 22:34:57,28231,20.1,0,73,0.0,0.0,0.0,0.197,18.6,25.4,7.95,0.0,53.64,53.42,0.0,0.0
3496,2022-11-18 22:50:00,32568,20.1,0,73,0.0,0.0,0.0,0.197,18.6,25.4,7.95,0.0,53.65,53.42,0.0,0.0
3497,2022-11-18 23:05:01,25157,20.2,0,73,0.0,0.0,0.0,0.197,18.6,25.4,7.95,0.0,53.65,53.43,0.0,0.0
3498,2022-11-18 23:20:04,30153,20.4,0,73,0.0,0.0,0.0,0.197,18.6,25.4,7.95,0.0,53.66,53.43,0.0,0.0
3499,2022-11-18 23:35:06,27694,20.4,0,73,0.0,0.0,0.0,0.197,18.6,25.4,7.95,0.0,53.67,53.44,0.0,0.0
3500,2022-11-18 23:50:09,24245,20.5,0,73,0.0,0.0,0.0,0.197,18.6,24.4,7.95,0.0,53.67,53.44,0.0,0.0
3501,2022-11-19 00:05:12,27518,20.7,0,73,0.0,0.0,0.0,0.197,18.6,22.3,7.95,0.0,53.69,53.46,0.0,0.0
3502,2022-11-19 00:20:15,24967,20.8,0,73,0.0,0.0,0.0,0.197,18.6,22.3,7.95,0.0,53.71,53.48,0.0,0.0
3503,2022-11-19 00:35:18,29874,21.0,0,72,0.0,0.0,0.0,0.197,18.6,22.3,7.95,0.0,53.72,53.5,0.0,0.0
3504,2022-11-19 00:50:21,26308,21.1,0,72,0.0,0.0,0.0,0.197,18.6,22.3,7.95,0.0,53.74,53.51,0.0,0.0
3505,2022-11-19 01:05:23,22830,21.1,0,73,0.0,0.0,0.0,0.197,18.6,22.3,7.95,0.0,53.75,53.52,0.0,0.0
3506,2022-11-19 01:20:30,25568,21.1,0,72,0.0,0.0,0.0,0.197,18.6,22.3,7.95,0.0,53.75,53.52,0.0,0.0
3507,2022-11-19 01:35:33,29530,21.2,0,71,0.0,0.0,0.0,0.197,18.6,22.3,7.95,0.0,53.77,53.54,0.0,0.0
3508,2022-11-19 01:50:36,27458,21.0,1,71,0.0,0.0,0.0,0.197,18.6,22.3,7.95,0.0,53.79,53.56,0.0,0.0
3509,2022-11-19 02:05:39,27633,20.4,0,73,0.0,0.0,0.0,0.197,18.6,22.3,7.95,0.0,53.81,53.59,0.0,0.0
3510,2022-11-19 02:20:42,26238,19.0,0,77,0.0,0.0,0.0,0.197,18.6,22.3,7.95,0.0,53.83,53.6,0.0,0.0
3511,2022-11-19 02:35:45,29050,18.5,0,79,0.0,0.0,0.0,0.197,18.6,22.3,7.95,0.0,53.84,53.61,0.0,0.0
3512,2022-11-19 02:50:48,26624,18.2,0,80,0.0,0.0,0.0,0.197,18.6,22.3,7.95,0.0,53.84,53.61,0.0,0.0
3513,2022-11-19 03:05:50,25553,18.2,0,81,0.0,0.0,0.0,0.197,18.6,22.3,7.95,0.0,53.85,53.62,0.0,0.0
3514,2022-11-19 03:20:51,25109,18.2,0,80,0.0,0.0,0.0,0.197,18.6,22.3,7.95,0.0,53.85,53.63,0.0,0.0
3515,2022-11-19 03:35:54,26477,18.1,0,80,0.0,0.0,0.0,0.197,18.6,22.3,7.95,0.0,53.86,53.63,0.0,0.0
3516,2022-11-19 03:50:57,29327,18.0,0,80,0.0,0.0,0.0,0.197,18.6,22.3,7.95,0.0,53.87,53.64,0.0,0.0
3517,2022-11-19 04:05:59,23806,17.8,0,81,0.0,0.0,0.0,0.197,18.6,22.3,7.95,0.0,53.87,53.64,0.0,0.0
3518,2022-11-19 04:21:02,25767,17.6,0,81,0.0,0.0,0.0,0.197,18.6,22.3,7.95,0.0,53.88,53.65,0.0,0.0
3519,2022-11-19 04:36:05,24363,17.3,0,82,0.0,0.0,0.0,0.197,18.6,22.3,7.95,0.0,53.88,53.65,0.0,0.0
3520,2022-11-19 04:51:08,26039,17.0,0,82,0.0,0.0,0.0,0.197,18.6,22.3,7.95,0.0,53.89,53.66,0.0,0.0
3521,2022-11-19 05:06:11,30173,16.8,0,83,0.0,0.0,0.0,0.197,18.6,22.3,7.95,0.0,53.89,53.67,0.0,0.0
3522,2022-11-19 05:21:13,27203,16.8,0,83,0.0,0.0,0.0,0.197,18.6,22.3,7.95,0.0,53.9,53.67,0.0,0.0
3523,2022-11-19 05:36:20,27890,16.9,0,83,0.0,0.0,0.0,0.197,18.6,22.3,7.95,0.0,53.93,53.7,0.0,0.0
3524,2022-11-19 05:51:23,24695,17.0,0,83,0.0,0.0,0.0,0.197,18.6,22.3,7.95,0.0,53.95,53.72,0.0,0.0
3525,2022-11-19 06:06:26,23050,17.0,0,83,0.0,0.0,0.0,0.197,18.6,22.3,7.95,0.0,53.95,53.72,0.0,0.0
3526,2022-11-19 06:21:29,27366,17.1,0,83,0.0,0.0,0.0,0.197,18.6,22.3,7.95,0.0,53.96,53.73,0.0,0.0
3527,2022-11-19 06:36:32,26357,17.1,0,83,0.0,0.0,0.0,0.197,18.6,22.3,7.95,0.0,53.96,53.73,0.0,0.0
3528,2022-11-19 06:51:35,26987,17.1,0,83,0.0,0.0,0.0,0.197,18.6,22.3,7.95,0.0,53.97,53.74,0.0,0.0
3529,2022-11-19 07:06:38,29823,16.9,0,84,0.0,0.0,0.0,0.197,18.6,22.3,7.95,0.0,53.97,53.74,0.0,0.0
3530,2022-11-19 07:21:40,24139,16.7,0,84,0.0,0.0,0.0,0.197,18.6,22.3,7.95,0.0,53.98,53.75,0.0,0.0
3531,2022-11-19 07:36:43,30010,16.6,0,84,0.0,0.0,0.0,0.197,18.6,22.3,7.95,0.0,53.99,53.76,0.0,0.0
3532,2022-11-19 07:51:44,26255,16.4,0,85,0.0,0.0,0.0,0.197,18.6,22.3,7.95,0.0,53.99,53.76,0.0,0.0
3533,2022-11-19 08:06:47,29912,16.2,0,86,0.0,0.0,0.0,0.197,18.6,22.3,7.95,0.0,54.0,53.77,0.0,0.0
3534,2022-11-19 08:21:50,30814,16.1,0,86,0.0,0.0,0.0,0.197,18.6,22.3,7.95,0.0,54.0,53.77,0.0,0.0
3535,2022-11-19 08:36:52,28079,16.0,0,86,0.0,0.0,0.0,0.197,18.6,22.3,7.95,0.0,54.01,53.78,0.0,0.0
3536,2022-11-19 08:51:55,21398,16.1,0,86,0.0,0.0,0.0,0.197,18.6,22.3,7.95,0.0,54.01,53.78,0.0,0.0
3537,2022-11-19 09:06:58,25286,16.1,0,86,0.0,0.0,0.0,0.197,18.6,22.3,7.95,0.0,54.03,53.8,0.0,0.0
3538,2022-11-19 09:22:01,28863,16.1,0,86,0.0,0.0,0.0,0.197,18.6,22.3,7.95,0.0,54.04,53.81,0.0,0.0
3539,2022-11-19 09:37:04,30828,16.1,0,86,0.0,0.0,0.0,0.197,18.6,22.3,7.95,0.0,54.04,53.81,0.0,0.0
3540,2022-11-19 09:52:06,31071,16.1,0,87,0.0,0.0,0.0,0.197,18.6,22.3,7.95,0.0,54.05,53.82,0.0,0.0
3541,2022-11-19 10:07:13,29534,16.1,0,87,0.0,0.0,0.0,0.197,18.6,22.3,7.95,0.0,54.05,53.82,54.05,0.0
3542,2022-11-19 10:22:16,26431,16.2,0,88,0.0,0.0,0.0,0.197,18.6,22.3,7.95,0.0,54.06,53.83,0.0,0.0
3543,2022-11-19 10:37:19,29063,16.4,0,88,0.0,0.0,0.0,0.197,18.6,22.3,7.95,0.0,54.07,53.84,0.0,0.0
3544,2022-11-19 10:52:22,28989,16.6,1,88,0.0,0.0,0.0,0.197,18.6,22.3,7.95,0.0,54.07,53.84,0.0,0.0
3545,2022-11-19 11:07:25,31844,16.9,6,88,0.0,0.0,0.0,0.197,18.6,22.3,7.95,0.0,54.11,53.88,0.0,0.0
3546,2022-11-19 11:22:28,28722,16.9,24,87,0.0,0.0,0.0,0.197,18.6,22.3,7.95,0.0,54.15,53.92,0.0,0.0
3547,2022-11-19 11:37:31,23075,17.2,72,87,0.0,0.0,0.0,0.197,18.6,22.3,7.95,0.0,54.19,53.96,0.0,0.0
3548,2022-11-19 11:52:34,28481,17.6,69,86,0.0,0.0,0.0,0.197,18.6,22.3,7.95,0.0,54.24,54.0,0.0,0.0
3549,2022-11-19 12:07:36,25136,18.1,97,86,0.0,0.0,0.0,0.197,18.6,22.3,7.95,0.0,54.28,54.05,0.0,0.0
3550,2022-11-19 12:22:38,27397,18.9,191,85,0.0,0.0,0.0,0.197,18.6,22.3,7.95,0.0,54.33,54.1,0.0,0.0
3551,2022-11-19 12:37:40,32731,19.6,220,83,0.0,0.0,0.0,0.197,18.6,22.3,7.95,0.0,54.38,54.15,0.0,0.0
3552,2022-11-19 12:52:42,26748,20.5,426,81,0.0,0.0,0.0,0.197,18.6,22.3,7.95,0.0,54.44,54.21,0.0,0.0
3553,2022-11-19 13:07:45,30422,21.3,353,79,0.0,0.0,0.0,0.197,18.6,22.3,7.95,0.0,54.51,54.27,0.0,0.0
3554,2022-11-19 13:22:48,29939,22.2,486,78,0.0,0.0,0.0,0.197,18.6,22.3,7.95,0.0,54.57,54.34,0.0,0.0
3555,2022-11-19 13:37:51,27235,22.3,305,78,0.0,0.0,0.0,0.197,18.6,22.3,7.95,0.0,54.64,54.41,0.0,0.0
3556,2022-11-19 13:52:54,29916,22.9,452,77,0.0,0.0,0.0,0.197,18.6,22.3,7.95,0.0,54.7,54.47,0.0,0.0
3557,2022-11-19 14:07:57,26507,23.1,482,76,0.0,0.0,0.0,0.197,18.6,22.3,7.95,0.0,54.77,54.54,0.0,0.0
3558,2022-11-19 14:22:59,28618,23.3,508,76,0.0,0.0,0.0,0.197,18.6,22.3,7.95,0.0,54.84,54.61,0.0,0.0
3559,2022-11-19 14:38:06,29360,23.2,527,77,0.0,0.0,0.0,0.197,18.6,22.3,7.95,0.0,54.91,54.68,0.0,0.0
3560,2022-11-19 14:53:09,27692,23.5,610,75,0.0,0.0,0.0,0.197,18.6,22.3,7.95,0.0,54.98,54.75,0.0,0.0
3561,2022-11-19 15:08:12,31899,24.0,645,74,0.0,0.0,0.0,0.197,18.6,22.3,7.95,0.0,55.06,54.82,0.0,0.0
3562,2022-11-19 15:23:15,25476,24.2,624,73,0.0,0.0,0.0,0.197,18.6,22.3,7.95,0.0,55.13,54.9,0.0,0.0
3563,2022-11-19 15:38:18,26519,24.2,665,73,0.0,0.0,0.0,0.197,18.6,22.3,7.95,0.0,55.2,54.97,0.0,0.0
3564,2022-11-19 15:53:21,28251,24.2,677,74,0.0,0.0,0.0,0.197,18.6,22.3,7.95,0.0,55.28,55.04,0.0,0.0
3565,2022-11-19 16:08:24,28590,24.2,673,75,0.0,0.0,0.0,0.197,18.6,22.3,7.95,0.0,55.35,55.12,0.0,0.0
3566,2022-11-19 16:23:27,28903,24.5,693,73,0.0,0.0,0.0,0.197,18.6,22.3,7.95,0.0,55.42,55.19,0.0,0.0
3567,2022-11-19 16:38:28,30399,25.0,686,70,0.0,0.0,0.0,0.197,18.6,22.3,7.95,0.0,55.5,55.26,0.0,0.0
3568,2022-11-19 16:53:30,21986,25.4,686,69,0.0,0.0,0.0,0.197,18.6,22.3,7.95,0.0,55.57,55.34,0.0,0.0
3569,2022-11-19 17:08:33,25604,25.6,691,67,0.0,0.0,0.0,0.197,18.6,22.3,7.95,0.0,55.64,55.41,0.0,0.0
3570,2022-11-19 17:23:35,28651,25.7,670,65,0.0,0.0,0.0,0.197,18.6,22.3,7.95,0.0,55.72,55.48,0.0,0.0
3571,2022-11-19 17:38:38,25738,26.0,668,65,0.0,0.0,0.0,0.197,18.6,22.3,7.95,0.0,55.79,55.55,0.0,0.0
3572,2022-11-19 17:53:41,25908,26.3,769,63,0.0,0.0,0.0,0.197,18.6,22.3,7.95,0.0,55.86,55.63,0.0,0.0
3573,2022-11-19 18:08:44,27171,26.5,686,60,0.0,0.0,0.0,0.197,18.6,22.3,7.95,0.0,55.93,55.7,0.0,0.0
3574,2022-11-19 18:23:47,29773,26.5,578,61,0.0,0.0,0.0,0.197,18.6,22.3,7.95,0.0,56.01,55.77,0.0,0.0
3575,2022-11-19 18:38:49,27109,26.2,531,59,0.0,0.0,0.0,0.197,18.6,22.3,7.95,0.0,56.07,55.84,0.0,0.0
3576,2022-11-19 18:53:56,27475,26.1,483,60,0.0,0.0,0.0,0.197,18.6,22.3,7.95,0.0,56.14,55.91,0.0,0.0
3577,2022-11-19 19:08:59,26820,26.2,449,60,0.0,0.0,0.0,0.197,18.6,22.3,7.95,0.0,56.21,55.98,0.0,0.0
3578,2022-11-19 19:24:02,30973,26.2,414,61,0.0,0.0,0.0,0.197,18.6,22.3,7.95,0.0,56.28,56.04,0.0,0.0
3579,2022-11-19 19:39:05,28517,26.0,369,62,0.0,0.0,0.0,0.197,18.6,22.3,7.95,0.0,56.34,56.11,0.0,0.0
3580,2022-11-19 19:54:08,26684,25.7,253,62,0.0,0.0,0.0,0.197,18.6,22.3,7.95,0.0,56.4,56.17,0.0,0.0
3581,2022-11-19 20:09:11,30785,25.5,262,64,0.0,0.0,0.0,0.197,18.6,22.3,7.95,0.0,56.46,56.22,0.0,0.0
3582,2022-11-19 20:24:14,27219,25.4,202,65,0.0,0.0,0.0,0.197,18.6,22.3,7.95,0.0,56.51,56.28,0.0,0.0
3583,2022-11-19 20:39:17,24706,24.8,73,66,0.0,0.0,0.0,0.197,18.6,22.3,7.95,0.0,56.57,56.33,0.0,0.0
3584,2022-11-19 20:54:18,25546,24.5,87,68,0.0,0.0,0.0,0.197,18.6,22.3,7.95,0.0,56.61,56.37,0.0,0.0
3585,2022-11-19 21:09:23,29291,24.4,79,69,0.0,0.0,0.0,0.197,18.6,22.3,7.95,0.0,56.65,56.42,0.0,0.0
3586,2022-11-19 21:24:23,29955,24.0,23,69,0.0,0.0,0.0,0.197,18.6,22.3,7.95,0.0,56.69,56.46,0.0,0.0
3587,2022-11-19 21:39:25,29847,23.4,7,71,0.0,0.0,0.0,0.197,18.6,22.3,7.95,0.0,56.73,56.5,0.0,0.0
3588,2022-11-19 21:54:28,25584,23.0,2,72,0.0,0.0,0.0,0.197,18.6,22.3,7.95,0.0,56.77,56.53,0.0,0.0
3589,2022-11-19 22:09:31,26043,22.8,0,72,0.0,0.0,0.0,0.197,18.6,22.3,7.95,0.0,56.8,56.57,0.0,0.0
3590,2022-11-19 22:24:34,26306,22.8,1,73,0.0,0.0,0.0,0.197,18.6,22.3,7.95,0.0,56.83,56.59,0.0,0.0
3591,2022-11-19 22:39:37,28269,22.9,1,72,0.0,0.0,0.0,0.197,18.6,22.3,7.95,0.0,56.86,56.63,0.0,0.0
3592,2022-11-19 22:54:40,27563,22.9,0,74,0.0,0.0,0.0,0.197,18.6,22.3,7.95,0.0,56.9,56.67,0.0,0.0
3593,2022-11-19 23:09:46,25817,22.2,0,80,0.0,0.0,0.0,0.197,18.6,22.3,7.95,0.0,56.91,56.68,0.0,0.0
3594,2022-11-19 23:24:50,24293,22.0,0,81,0.0,0.0,0.0,0.197,18.6,22.3,7.95,0.0,56.92,56.69,0.0,0.0
3595,2022-11-19 23:39:53,31043,21.9,0,81,0.0,0.0,0.0,0.197,18.6,22.3,7.95,0.0,56.92,56.69,0.0,0.0
3596,2022-11-19 23:54:56,31461,21.8,0,82,0.0,0.0,0.0,0.197,18.6,22.2,7.95,0.0,56.93,56.7,0.0,0.0
3597,2022-11-20 00:09:59,26825,21.6,0,83,0.0,0.0,0.0,0.197,18.6,22.1,7.95,0.0,56.93,56.7,0.0,0.0
3598,2022-11-20 00:25:02,25348,21.5,0,83,0.0,0.0,0.0,0.197,18.6,22.1,7.95,0.0,56.94,56.7,0.0,0.0
3599,2022-11-20 00:40:05,26449,21.6,0,83,0.0,0.0,0.0,0.197,18.6,22.1,7.95,0.0,56.94,56.71,0.0,0.0
3600,2022-11-20 00:55:07,27534,21.7,0,83,0.0,0.0,0.0,0.197,18.6,22.1,7.95,0.0,56.95,56.71,0.0,0.0
3601,2022-11-20 01:10:10,29004,21.7,0,83,0.0,0.0,0.0,0.197,18.6,22.1,7.95,0.0,56.95,56.72,0.0,0.0
3602,2022-11-20 01:25:11,27081,21.6,0,84,0.0,0.0,0.0,0.197,18.6,22.1,7.95,0.0,56.96,56.72,0.0,0.0
3603,2022-11-20 01:40:14,30781,21.6,0,84,0.0,0.0,0.0,0.197,18.6,22.1,7.95,0.0,56.96,56.73,0.0,0.0
3604,2022-11-20 01:55:16,28782,21.5,0,85,0.0,0.0,0.0,0.197,18.6,22.1,7.95,0.0,56.97,56.73,0.0,0.0
3605,2022-11-20 02:10:19,29812,21.4,0,85,0.0,0.0,0.0,0.197,18.6,22.1,7.95,0.0,56.97,56.74,0.0,0.0
3606,2022-11-20 02:25:22,32795,21.4,0,85,0.0,0.0,0.0,0.197,18.6,22.1,7.95,0.0,56.98,56.74,0.0,0.0
3607,2022-11-20 02:40:25,26011,21.4,0,85,0.0,0.0,0.0,0.197,18.6,22.1,7.95,0.0,56.98,56.75,0.0,0.0
3608,2022-11-20 02:55:28,25944,21.3,0,85,0.0,0.0,0.0,0.197,18.6,22.1,7.95,0.0,56.99,56.75,0.0,0.0
3609,2022-11-20 03:10:31,28855,21.3,0,85,0.0,0.0,0.0,0.197,18.6,22.1,7.95,0.0,56.99,56.76,0.0,0.0
3610,2022-11-20 03:25:33,24328,21.3,0,85,0.0,0.0,0.0,0.197,18.6,22.1,7.95,0.0,57.0,56.76,0.0,0.0
3611,2022-11-20 03:40:40,33259,21.2,0,86,0.0,0.0,0.0,0.197,18.6,22.1,7.95,0.0,57.0,56.77,0.0,0.0
3612,2022-11-20 03:55:43,28490,21.3,0,86,0.0,0.0,0.0,0.197,18.6,22.1,7.95,0.0,57.01,56.77,0.0,0.0
3613,2022-11-20 04:10:46,28306,21.4,0,86,0.0,0.0,0.0,0.197,18.6,22.1,7.95,0.0,57.01,56.78,0.0,0.0
3614,2022-11-20 04:25:49,31957,21.4,0,85,0.0,0.0,0.0,0.197,18.6,22.1,7.95,0.0,57.02,56.78,0.0,0.0
3615,2022-11-20 04:40:52,28779,21.4,0,85,0.0,0.0,0.0,0.197,18.6,22.1,7.95,0.0,57.02,56.79,0.0,0.0
3616,2022-11-20 04:55:55,30089,22.0,1,82,0.0,0.0,0.0,0.197,18.6,22.1,7.95,0.0,57.03,56.79,0.0,0.0
3617,2022-11-20 05:10:58,30011,22.0,0,85,0.0,0.0,0.0,0.197,18.6,22.1,7.95,0.0,57.05,56.82,0.0,0.0
3618,2022-11-20 05:26:00,26117,22.0,0,85,0.0,0.0,0.0,0.197,18.6,22.1,7.95,0.0,57.06,56.82,0.0,0.0
3619,2022-11-20 05:41:01,33678,22.0,0,85,0.0,0.0,0.0,0.197,18.6,22.1,7.95,0.0,57.06,56.83,0.0,0.0
3620,2022-11-20 05:56:04,27444,22.1,0,84,0.0,0.0,0.0,0.197,18.6,22.1,7.95,0.0,57.07,56.83,0.0,0.0
3621,2022-11-20 06:11:06,26530,22.1,0,84,0.0,0.0,0.0,0.197,18.6,22.1,7.95,0.0,57.07,56.84,0.0,0.0
3622,2022-11-20 06:26:09,32040,22.3,0,84,0.0,0.0,0.0,0.197,18.6,22.1,7.95,0.0,57.08,56.84,0.0,0.0
3623,2022-11-20 06:41:12,29082,22.2,0,84,0.0,0.0,0.0,0.197,18.6,22.1,7.95,0.0,57.08,56.85,0.0,0.0
3624,2022-11-20 06:56:15,27019,22.4,0,84,0.0,0.0,0.0,0.197,18.6,22.1,7.95,0.0,57.09,56.85,0.0,0.0
3625,2022-11-20 07:11:18,27216,22.7,0,79,0.0,0.0,0.0,0.197,18.6,22.1,7.95,0.0,57.09,56.86,0.0,0.0
3626,2022-11-20 07:26:21,29330,23.2,1,75,0.0,0.0,0.0,0.197,18.6,22.1,7.95,0.0,57.12,56.88,0.0,0.0
3627,2022-11-20 07:41:23,29899,23.4,0,73,0.0,0.0,0.0,0.197,18.6,22.1,7.95,0.0,57.15,56.92,0.0,0.0
3628,2022-11-20 07:56:30,27331,23.5,0,74,0.0,0.0,0.0,0.197,18.6,22.1,7.95,0.0,57.16,56.92,0.0,0.0
3629,2022-11-20 08:11:33,27772,23.0,0,80,0.0,0.0,0.0,0.197,18.6,22.1,7.95,0.0,57.16,56.93,0.0,0.0
3630,2022-11-20 08:26:36,26681,22.4,0,83,0.0,0.0,0.0,0.197,18.6,22.1,7.95,0.0,57.17,56.93,0.0,0.0
3631,2022-11-20 08:41:39,26955,22.2,0,83,0.0,0.0,0.0,0.197,18.6,22.1,7.95,0.0,57.17,56.94,0.0,0.0
3632,2022-11-20 08:56:42,24800,22.1,0,83,0.0,0.0,0.0,0.197,18.6,22.1,7.95,0.0,57.18,56.94,0.0,0.0
3633,2022-11-20 09:11:45,30988,22.1,0,83,0.0,0.0,0.0,0.197,18.6,22.1,7.95,0.0,57.18,56.95,0.0,0.0
3634,2022-11-20 09:26:48,27818,22.1,0,83,0.0,0.0,0.0,0.197,18.6,22.1,7.95,0.0,57.19,56.95,0.0,0.0
3635,2022-11-20 09:41:50,26388,22.0,0,82,0.0,0.0,0.0,0.197,18.6,22.1,7.95,0.0,57.19,56.96,0.0,0.0
3636,2022-11-20 09:56:51,30192,21.8,0,82,0.0,0.0,0.0,0.197,18.6,22.1,7.95,0.0,57.2,56.96,0.0,0.0
3637,2022-11-20 10:11:54,23781,21.4,0,83,0.0,0.0,0.0,0.197,18.6,22.1,7.95,0.0,57.2,56.97,57.2,0.0
3638,2022-11-20 10:26:57,24432,21.3,0,82,0.0,0.0,0.0,0.197,18.6,22.1,7.95,0.0,57.21,56.97,0.0,0.0
3639,2022-11-20 10:41:59,25992,21.3,0,83,0.0,0.0,0.0,0.197,18.6,22.1,7.95,0.0,57.21,56.98,0.0,0.0
3640,2022-11-20 10:57:02,27222,21.1,1,83,0.0,0.0,0.0,0.197,18.6,22.1,7.95,0.0,57.22,56.98,0.0,0.0
3641,2022-11-20 11:12:05,28268,21.2,4,84,0.0,0.0,0.0,0.197,18.6,22.1,7.95,0.0,57.24,57.01,0.0,0.0
3642,2022-11-20 11:27:08,31472,21.1,12,84,0.0,0.0,0.0,0.197,18.6,22.1,7.95,0.0,57.28,57.04,0.0,0.0
3643,2022-11-20 11:42:11,26627,21.2,26,83,0.0,0.0,0.0,0.197,18.6,22.1,7.95,0.0,57.31,57.08,0.0,0.0
3644,2022-11-20 11:57:13,28319,21.4,60,83,0.0,0.0,0.0,0.197,18.6,22.1,7.95,0.0,57.35,57.12,0.0,0.0
3645,2022-11-20 12:12:20,28924,21.4,34,83,0.0,0.0,0.0,0.197,18.6,22.1,7.95,0.0,57.39,57.16,0.0,0.0
3646,2022-11-20 12:27:23,29249,21.3,20,84,0.0,0.0,0.0,0.197,18.6,22.1,7.95,0.0,57.43,57.19,0.0,0.0
3647,2022-11-20 12:42:26,27675,20.8,19,87,0.0,0.0,0.0,0.197,18.6,22.1,7.95,0.0,57.46,57.23,0.0,0.0
3648,2022-11-20 12:57:29,30969,20.5,25,88,0.0,0.0,0.0,0.197,18.6,22.1,7.95,0.0,57.5,57.27,0.0,0.0
3649,2022-11-20 13:12:32,32306,20.4,22,90,0.13,0.13,0.0,0.197,18.6,22.1,7.95,0.0,57.54,57.3,0.0,0.0
3650,2022-11-20 13:27:35,27606,20.6,30,89,0.6,0.6,0.0,0.197,18.6,22.1,7.95,0.0,57.57,57.34,0.0,0.0
3651,2022-11-20 13:42:38,27379,21.3,75,86,0.8,0.8,0.0,0.197,18.6,22.1,7.95,0.0,57.61,57.38,0.0,0.0
3652,2022-11-20 13:57:41,31814,21.8,115,82,0.8,0.8,0.0,0.197,18.6,22.1,7.95,0.0,57.65,57.42,0.0,0.0
3653,2022-11-20 14:12:42,29337,22.2,139,79,0.67,0.8,0.0,0.197,18.6,22.1,7.95,0.0,57.7,57.46,0.0,0.0
3654,2022-11-20 14:27:44,27388,22.7,251,78,0.2,0.8,0.0,0.197,18.6,22.1,7.95,0.0,57.74,57.51,0.0,0.0
3655,2022-11-20 14:42:47,27132,22.9,204,77,0.0,0.8,0.0,0.197,18.6,22.1,7.95,0.0,57.79,57.56,0.0,0.0
3656,2022-11-20 14:57:49,30255,23.0,184,76,0.0,0.8,0.0,0.197,18.6,22.1,7.95,0.0,57.84,57.61,0.0,0.0
3657,2022-11-20 15:12:52,28532,22.9,126,75,0.0,0.8,0.0,0.197,18.6,22.1,7.95,0.0,57.89,57.66,0.0,0.0
3658,2022-11-20 15:27:55,28911,22.8,78,76,0.0,0.8,0.0,0.197,18.6,22.1,7.95,0.0,57.94,57.7,0.0,0.0
3659,2022-11-20 15:42:58,28953,22.8,95,75,0.0,0.8,0.0,0.197,18.6,22.1,7.95,0.0,57.98,57.74,0.0,0.0
3660,2022-11-20 15:58:01,30422,22.9,95,75,0.0,0.8,0.0,0.197,18.6,22.1,7.95,0.0,58.02,57.78,0.0,0.0
3661,2022-11-20 16:13:03,29019,22.8,51,74,0.0,0.8,0.0,0.197,18.6,22.1,7.95,0.0,58.06,57.83,0.0,0.0
3662,2022-11-20 16:28:10,31754,22.8,71,75,0.0,0.8,0.0,0.197,18.6,22.1,7.95,0.0,58.1,57.86,0.0,0.0
3663,2022-11-20 16:43:16,30339,22.8,86,74,0.0,0.8,0.0,0.197,18.6,22.1,7.95,0.0,58.14,57.9,0.0,0.0
3664,2022-11-20 16:58:16,26528,22.8,97,73,0.0,0.8,0.0,0.197,18.6,22.1,7.95,0.0,58.18,57.94,0.0,0.0
3665,2022-11-20 17:13:19,33555,22.8,61,74,0.0,0.8,0.0,0.197,18.6,22.1,7.95,0.0,58.22,57.99,0.0,0.0
3666,2022-11-20 17:28:22,29462,22.7,45,74,0.0,0.8,0.0,0.197,18.6,22.1,7.95,0.0,58.26,58.02,0.0,0.0
3667,2022-11-20 17:43:25,31324,22.2,100,76,0.0,0.8,0.0,0.197,18.6,22.1,7.95,0.0,58.3,58.06,0.0,0.0
3668,2022-11-20 17:58:28,25550,21.6,110,79,0.0,0.8,0.0,0.197,18.6,22.1,7.95,0.0,58.34,58.1,0.0,0.0
3669,2022-11-20 18:13:31,29516,21.6,101,79,0.2,1.0,0.0,0.197,18.6,22.1,7.95,0.0,58.38,58.15,0.0,0.0
3670,2022-11-20 18:28:32,29858,21.3,64,80,0.2,1.0,0.0,0.197,18.6,22.1,7.95,0.0,58.42,58.19,0.0,0.0
3671,2022-11-20 18:43:34,28435,20.8,68,83,0.33,1.13,0.0,0.197,18.6,22.1,7.95,0.0,58.46,58.23,0.0,0.0
3672,2022-11-20 18:58:37,31956,20.5,113,84,0.67,1.47,0.0,0.197,18.6,22.1,7.95,0.0,58.5,58.27,0.0,0.0
3673,2022-11-20 19:13:39,28365,20.3,133,86,0.93,1.93,0.0,0.197,18.6,22.1,7.95,0.0,58.54,58.31,0.0,0.0
3674,2022-11-20 19:28:42,24751,20.2,66,85,1.0,2.0,0.0,0.197,18.6,22.1,7.95,0.0,58.59,58.35,0.0,0.0
3675,2022-11-20 19:43:45,28231,20.3,47,84,1.07,2.2,0.0,0.197,18.6,22.1,7.95,0.0,58.63,58.39,0.0,0.0
3676,2022-11-20 19:58:48,25948,20.5,17,83,0.73,2.2,0.0,0.197,18.6,22.1,7.95,0.0,58.66,58.43,0.0,0.0
3677,2022-11-20 20:13:51,28437,20.4,16,84,0.27,2.27,0.0,0.197,18.6,22.1,7.95,0.0,58.7,58.46,0.0,0.0
3678,2022-11-20 20:28:53,28840,19.8,19,85,0.47,2.47,0.0,0.197,18.6,22.1,7.95,0.0,58.73,58.5,0.0,0.0
3679,2022-11-20 20:44:00,27341,19.5,14,85,0.53,2.8,0.0,0.197,18.6,22.1,7.95,0.0,58.77,58.53,0.0,0.0
3680,2022-11-20 20:59:03,31213,19.0,9,87,1.13,3.4,0.0,0.197,18.6,22.1,7.95,0.0,58.8,58.56,0.0,0.0
3681,2022-11-20 21:14:06,30824,18.9,6,88,1.8,4.0,0.0,0.197,18.6,22.1,7.95,0.0,58.84,58.6,0.0,0.0
3682,2022-11-20 21:29:09,31637,18.9,3,89,2.33,4.87,0.0,0.197,18.6,22.1,7.95,0.0,58.87,58.63,0.0,0.0
3683,2022-11-20 21:44:12,30650,18.9,1,89,2.87,5.6,0.0,0.197,18.6,22.1,7.95,0.0,58.9,58.67,0.0,0.0
3684,2022-11-20 21:59:15,32383,19.0,0,90,2.93,6.33,0.0,0.197,18.6,22.1,7.95,0.0,58.93,58.69,0.0,0.0
3685,2022-11-20 22:14:18,30196,19.0,0,91,3.13,7.33,0.0,0.197,18.6,22.1,7.95,0.0,58.94,58.7,0.0,0.0
3686,2022-11-20 22:29:20,37574,19.0,0,91,3.27,8.13,0.0,0.197,18.6,22.1,7.95,0.0,58.94,58.71,0.0,0.0
3687,2022-11-20 22:44:22,26987,18.9,0,90,3.33,9.0,0.0,0.197,18.6,22.1,7.95,0.0,58.95,58.71,0.0,0.0
3688,2022-11-20 22:59:24,34825,18.9,0,91,3.27,9.6,0.0,0.197,18.6,22.1,7.95,0.0,58.95,58.72,0.0,0.0
3689,2022-11-20 23:14:27,29765,19.0,0,91,3.2,10.53,0.0,0.197,18.6,22.1,7.95,0.0,58.96,58.72,0.0,0.0
3690,2022-11-20 23:29:29,27791,19.1,0,91,3.4,11.53,0.0,0.197,18.6,22.1,7.95,0.0,58.96,58.72,0.0,0.0
3691,2022-11-20 23:44:32,27248,19.2,0,91,3.0,12.0,0.0,0.197,18.6,22.1,7.95,0.0,58.97,58.73,0.0,0.0
3692,2022-11-20 23:59:35,24246,19.3,0,90,2.8,4.2,0.0,0.197,18.6,23.4,7.95,0.0,58.97,58.73,0.0,0.0
3693,2022-11-21 00:14:38,28319,19.4,0,90,2.27,0.4,0.0,0.197,18.6,24.1,7.95,0.0,58.98,58.75,0.0,0.0
3694,2022-11-21 00:29:41,30361,19.7,0,90,1.67,0.8,0.0,0.197,18.6,24.1,7.95,0.0,59.0,58.76,0.0,0.0
3695,2022-11-21 00:44:43,30303,19.6,0,89,1.47,1.07,0.0,0.197,18.6,24.1,7.95,0.0,59.01,58.78,0.0,0.0
3696,2022-11-21 00:59:48,29208,19.7,0,89,1.2,1.2,0.0,0.197,18.6,24.1,7.95,0.0,59.02,58.78,0.0,0.0
3697,2022-11-21 01:14:53,32031,19.8,1,89,0.93,1.4,0.0,0.197,18.6,24.1,7.95,0.0,59.04,58.8,0.0,0.0
3698,2022-11-21 01:29:56,28128,19.9,1,88,0.6,1.4,0.0,0.197,18.6,24.1,7.95,0.0,59.07,58.84,0.0,0.0
3699,2022-11-21 01:44:59,29583,20.0,1,87,0.33,1.4,0.0,0.197,18.6,24.1,7.95,0.0,59.11,58.87,0.0,0.0
3700,2022-11-21 02:00:02,30411,20.2,1,85,0.2,1.4,0.0,0.197,18.6,24.1,7.95,0.0,59.14,58.9,0.0,0.0
3701,2022-11-21 02:15:05,35690,20.6,1,83,0.07,1.4,0.0,0.197,18.6,24.1,7.95,0.0,59.17,58.93,0.0,0.0
3702,2022-11-21 02:30:08,32426,20.9,0,83,0.0,1.4,0.0,0.197,18.6,24.1,7.95,0.0,59.2,58.97,0.0,0.0
3703,2022-11-21 02:45:10,27758,21.2,0,83,0.0,1.4,0.0,0.197,18.6,24.1,7.95,0.0,59.23,58.99,0.0,0.0
3704,2022-11-21 03:00:13,34278,21.5,0,82,0.0,1.4,0.0,0.197,18.6,24.1,7.95,0.0,59.23,58.99,0.0,0.0
3705,2022-11-21 03:15:14,30477,21.5,0,82,0.0,1.4,0.0,0.197,18.6,24.1,7.95,0.0,59.26,59.02,0.0,0.0
3706,2022-11-21 03:30:17,29961,21.7,0,81,0.0,1.4,0.0,0.197,18.6,24.1,7.95,0.0,59.27,59.03,0.0,0.0
3707,2022-11-21 03:45:19,29278,21.9,0,81,0.0,1.4,0.0,0.197,18.6,24.1,7.95,0.0,59.27,59.04,0.0,0.0
3708,2022-11-21 04:00:22,31023,22.2,0,80,0.0,1.4,0.0,0.197,18.6,24.1,7.95,0.0,59.28,59.04,0.0,0.0
3709,2022-11-21 04:15:25,29974,22.3,0,80,0.0,1.4,0.0,0.197,18.6,24.1,7.95,0.0,59.29,59.05,0.0,0.0
3710,2022-11-21 04:30:28,31181,22.5,0,79,0.0,1.4,0.0,0.197,18.6,24.1,7.95,0.0,59.3,59.06,0.0,0.0
3711,2022-11-21 04:45:31,27737,22.6,0,78,0.0,1.4,0.0,0.197,18.6,24.1,7.95,0.0,59.3,59.06,0.0,0.0
3712,2022-11-21 05:00:33,30652,22.7,0,80,0.0,1.4,0.0,0.197,18.6,24.1,7.95,0.0,59.3,59.07,0.0,0.0
3713,2022-11-21 05:15:36,26995,22.8,0,80,0.0,1.4,0.0,0.197,18.6,24.1,7.95,0.0,59.31,59.07,0.0,0.0
3714,2022-11-21 05:30:43,26785,22.8,0,79,0.0,1.4,0.0,0.197,18.6,24.1,7.95,0.0,59.31,59.08,0.0,0.0
3715,2022-11-21 05:45:46,29808,22.8,0,81,0.0,1.4,0.0,0.197,18.6,24.1,7.95,0.0,59.32,59.08,0.0,0.0
3716,2022-11-21 06:00:49,25235,22.6,0,83,0.0,1.4,0.0,0.197,18.6,24.1,7.95,0.0,59.32,59.08,0.0,0.0
3717,2022-11-21 06:15:52,30182,22.5,0,83,0.0,1.4,0.0,0.197,18.6,24.1,7.95,0.0,59.33,59.09,0.0,0.0
3718,2022-11-21 06:30:55,30890,22.5,0,84,0.0,1.4,0.0,0.197,18.6,24.1,7.95,0.0,59.33,59.09,0.0,0.0
3719,2022-11-21 06:40:57,32013,22.8,0,81,0.0,1.4,0.0,0.197,18.6,24.1,7.95,0.0,59.33,59.1,0.0,0.0
3720,2022-11-21 06:56:00,29363,23.0,0,81,0.0,1.4,0.0,0.197,18.6,24.1,7.95,0.0,59.34,59.1,0.0,0.0
3721,2022-11-21 07:11:02,30094,23.1,0,81,0.0,1.4,0.0,0.197,18.6,24.1,7.95,0.0,59.34,59.11,0.0,0.0
3722,2022-11-21 07:26:03,32298,23.1,0,81,0.0,1.4,0.0,0.197,18.6,24.1,7.95,0.0,59.35,59.11,0.0,0.0
3723,2022-11-21 07:41:06,29277,23.1,0,81,0.0,1.4,0.0,0.197,18.6,24.1,7.95,0.0,59.35,59.11,0.0,0.0
3724,2022-11-21 07:56:09,29436,23.2,0,81,0.0,1.4,0.0,0.197,18.6,24.1,7.95,0.0,59.36,59.12,0.0,0.0
3725,2022-11-21 08:11:11,33453,23.3,0,79,0.0,1.4,0.0,0.197,18.6,24.1,7.95,0.0,59.36,59.12,0.0,0.0
3726,2022-11-21 08:26:14,29162,23.4,0,79,0.0,1.4,0.0,0.197,18.6,24.1,7.95,0.0,59.36,59.13,0.0,0.0
3727,2022-11-21 08:41:17,28938,23.4,0,79,0.0,1.4,0.0,0.197,18.6,24.1,7.95,0.0,59.37,59.13,0.0,0.0
3728,2022-11-21 08:56:20,28384,23.6,0,79,0.0,1.4,0.0,0.197,18.6,24.1,7.95,0.0,59.37,59.14,0.0,0.0
3729,2022-11-21 09:11:23,31514,23.4,0,81,0.0,1.4,0.0,0.197,18.6,24.1,7.95,0.0,59.38,59.14,0.0,0.0
3730,2022-11-21 09:26:25,28791,22.6,2,84,0.0,1.4,0.0,0.197,18.6,24.1,7.95,0.0,59.38,59.14,0.0,0.0
3731,2022-11-21 09:41:32,26236,22.8,2,83,0.13,1.53,0.0,0.197,18.6,24.1,7.95,0.0,59.41,59.17,0.0,0.0
3732,2022-11-21 09:56:35,35371,23.1,2,82,0.2,1.6,0.0,0.197,18.6,24.1,7.95,0.0,59.44,59.2,0.0,0.0
3733,2022-11-21 10:11:38,29751,23.1,1,82,0.2,1.6,0.0,0.197,18.6,24.1,7.95,0.0,59.47,59.23,59.47,59.47
3734,2022-11-21 10:26:41,30386,22.6,0,84,0.2,1.6,0.0,0.197,18.6,24.1,7.95,0.0,59.49,59.26,0.0,0.0
3735,2022-11-21 10:41:44,27197,22.2,0,85,0.07,1.6,0.0,0.197,18.6,24.1,7.95,0.0,59.5,59.26,0.0,0.0
3736,2022-11-21 10:56:47,31722,22.4,1,85,0.0,1.6,0.0,0.197,18.6,24.1,7.95,0.0,59.5,59.26,0.0,0.0
3737,2022-11-21 11:11:50,25351,22.7,3,86,0.0,1.6,0.0,0.197,18.6,24.1,7.95,0.0,59.53,59.29,0.0,0.0
3738,2022-11-21 11:26:52,28747,22.9,6,85,0.0,1.6,0.0,0.197,18.6,24.1,7.95,0.0,59.56,59.32,0.0,0.0
3739,2022-11-21 11:41:54,29717,22.8,8,85,0.0,1.6,0.0,0.197,18.6,24.1,7.95,0.0,59.59,59.35,0.0,0.0
3740,2022-11-21 11:57:00,28880,22.9,18,83,0.0,1.6,0.0,0.197,18.6,24.1,7.95,0.0,59.62,59.39,0.0,0.0
3741,2022-11-21 12:11:59,25994,23.3,14,84,0.07,1.73,0.0,0.197,18.6,24.1,7.95,0.0,59.66,59.42,0.0,0.0
3742,2022-11-21 12:27:01,27514,22.0,11,89,4.4,6.27,0.0,0.197,18.6,24.1,7.95,0.0,59.69,59.45,0.0,0.0
3743,2022-11-21 12:42:04,26125,21.8,38,91,7.33,9.0,0.0,0.197,18.6,24.1,7.95,0.0,59.72,59.49,0.0,0.0
3744,2022-11-21 12:57:07,29047,21.6,64,92,9.07,10.73,0.0,0.197,18.6,24.1,7.95,0.0,59.76,59.52,0.0,0.0
3745,2022-11-21 13:12:10,31278,21.5,46,91,9.47,11.13,0.0,0.197,18.6,24.1,7.95,0.0,59.8,59.56,0.0,0.0
3746,2022-11-21 13:27:13,28013,21.7,74,92,5.2,11.2,0.0,0.197,18.6,24.1,7.95,0.0,59.83,59.59,0.0,0.0
3747,2022-11-21 13:42:15,31172,21.6,107,91,2.47,11.4,0.0,0.197,18.6,24.1,7.95,0.0,59.87,59.63,0.0,0.0
3748,2022-11-21 13:57:22,28335,21.8,100,91,2.2,13.0,0.0,0.197,18.6,24.1,7.95,0.0,59.91,59.67,0.0,0.0
3749,2022-11-21 14:12:25,23914,21.8,145,91,2.53,13.67,0.0,0.197,18.6,24.1,7.95,0.0,59.95,59.71,0.0,0.0
3750,2022-11-21 14:27:28,29305,21.8,80,90,2.6,13.8,0.0,0.197,18.6,24.1,7.95,0.0,59.99,59.75,0.0,0.0
3751,2022-11-21 14:42:31,30807,21.8,85,89,2.4,13.8,0.0,0.197,18.6,24.1,7.95,0.0,60.03,59.79,0.0,0.0
3752,2022-11-21 14:57:34,29741,21.7,103,89,0.8,13.8,0.0,0.197,18.6,24.1,7.95,0.0,60.07,59.83,0.0,0.0
3753,2022-11-21 15:12:37,31744,21.9,103,88,0.13,13.8,0.0,0.197,18.6,24.1,7.95,0.0,60.11,59.87,0.0,0.0
3754,2022-11-21 15:27:40,29289,22.2,159,88,0.0,13.8,0.0,0.197,18.6,24.1,7.95,0.0,60.14,59.91,0.0,0.0
3755,2022-11-21 15:42:43,30634,22.0,164,90,0.4,14.2,0.0,0.197,18.6,24.1,7.95,0.0,60.19,59.95,0.0,0.0
3756,2022-11-21 15:57:44,28999,22.0,165,90,0.87,14.67,0.0,0.197,18.6,24.1,7.95,0.0,60.23,59.99,0.0,0.0
3757,2022-11-21 16:12:46,30141,22.0,129,91,1.0,14.8,0.0,0.197,18.6,24.1,7.95,0.0,60.27,60.04,0.0,0.0
3758,2022-11-21 16:27:49,34727,22.2,227,91,1.0,14.8,0.0,0.197,18.6,24.1,7.95,0.0,60.32,60.08,0.0,0.0
3759,2022-11-21 16:42:51,32734,22.1,162,90,0.6,14.8,0.0,0.197,18.6,24.1,7.95,0.0,60.36,60.12,0.0,0.0
3760,2022-11-21 16:57:54,28470,22.4,237,89,0.13,14.8,0.0,0.197,18.6,24.1,7.95,0.0,60.41,60.17,0.0,0.0
3761,2022-11-21 17:07:56,28876,22.6,244,88,0.0,14.8,0.0,0.197,18.6,24.1,7.95,0.0,60.45,60.21,0.0,0.0
3762,2022-11-21 17:22:59,27929,22.9,290,86,0.0,14.8,0.0,0.197,18.6,24.1,7.95,0.0,60.5,60.26,0.0,0.0
3763,2022-11-21 17:38:02,32934,23.4,265,85,0.0,14.8,0.0,0.197,18.6,24.1,7.95,0.0,60.55,60.31,0.0,0.0
3764,2022-11-21 17:53:04,30848,23.5,203,85,0.0,14.8,0.0,0.197,18.6,24.1,7.95,0.0,60.6,60.36,0.0,0.0
3765,2022-11-21 18:08:07,28834,22.6,213,87,0.13,14.93,0.0,0.197,18.6,24.1,7.95,0.0,60.65,60.41,0.0,0.0
3766,2022-11-21 18:23:14,28579,22.4,186,89,0.2,15.0,0.0,0.197,18.6,24.1,7.95,0.0,60.69,60.45,0.0,0.0
3767,2022-11-21 18:38:17,31051,22.3,166,90,1.13,15.93,0.0,0.197,18.6,24.1,7.95,0.0,60.74,60.5,0.0,0.0
3768,2022-11-21 18:53:20,28000,22.3,112,90,1.2,16.0,0.0,0.197,18.6,24.1,7.95,0.0,60.78,60.54,0.0,0.0
3769,2022-11-21 19:08:23,29999,22.4,155,90,1.07,16.0,0.0,0.197,18.6,24.1,7.95,0.0,60.82,60.58,0.0,0.0
3770,2022-11-21 19:23:26,29089,22.1,131,91,1.0,16.07,0.0,0.197,18.6,24.1,7.95,0.0,60.86,60.62,0.0,0.0
3771,2022-11-21 19:38:29,33978,22.1,103,92,0.8,16.73,0.0,0.197,18.6,24.1,7.95,0.0,60.9,60.66,0.0,0.0
3772,2022-11-21 19:53:32,31967,22.0,85,92,1.53,17.53,0.0,0.197,18.6,24.1,7.95,0.0,60.94,60.7,0.0,0.0
3773,2022-11-21 20:08:34,31401,21.9,89,91,1.8,17.8,0.0,0.197,18.6,24.1,7.95,0.0,60.97,60.74,0.0,0.0
3774,2022-11-21 20:23:36,32252,22.0,53,91,1.73,17.8,0.0,0.197,18.6,24.1,7.95,0.0,61.01,60.77,0.0,0.0
3775,2022-11-21 20:38:38,33744,22.1,41,91,1.07,17.8,0.0,0.197,18.6,24.1,7.95,0.0,61.05,60.81,0.0,0.0
3776,2022-11-21 20:53:40,29978,22.0,10,92,2.13,19.67,0.0,0.197,18.6,24.1,7.95,0.0,61.08,60.84,0.0,0.0
3777,2022-11-21 21:08:46,26434,21.8,8,92,5.13,23.07,0.0,0.197,18.6,24.1,7.95,0.0,61.11,60.87,0.0,0.0
3778,2022-11-21 21:23:46,30394,21.8,5,93,7.8,25.6,0.0,0.197,18.6,24.1,7.95,0.0,61.14,60.9,0.0,0.0
3779,2022-11-21 21:38:49,28154,21.9,1,93,8.2,26.0,0.0,0.197,18.6,24.1,7.95,0.0,61.17,60.93,0.0,0.0
3780,2022-11-21 21:53:52,30881,21.8,0,93,6.33,26.0,0.0,0.197,18.6,24.1,7.95,0.0,61.2,60.96,0.0,0.0
3781,2022-11-21 22:08:54,35019,22.1,0,93,3.33,26.27,0.0,0.197,18.6,24.1,7.95,0.0,61.22,60.98,0.0,0.0
3782,2022-11-21 22:23:57,35499,22.0,0,93,1.33,27.0,0.0,0.197,18.6,24.1,7.95,0.0,61.22,60.98,0.0,0.0
3783,2022-11-21 22:39:04,30245,22.0,0,92,1.0,27.07,0.0,0.197,18.6,24.1,7.95,0.0,61.22,60.98,0.0,0.0
3784,2022-11-21 22:54:07,36463,21.9,0,92,1.4,27.4,0.0,0.197,18.6,24.1,7.95,0.0,61.23,60.99,0.0,0.0
3785,2022-11-21 23:09:10,28384,21.8,0,92,2.0,28.4,0.0,0.197,18.6,24.1,7.95,0.0,61.23,60.99,0.0,0.0
3786,2022-11-21 23:24:13,31606,22.0,0,93,3.73,30.8,0.0,0.197,18.6,24.1,7.95,0.0,61.23,61.0,0.0,0.0
3787,2022-11-21 23:39:16,30257,22.1,0,93,4.73,31.8,0.0,0.197,18.6,24.1,7.95,0.0,61.24,61.0,0.0,0.0
3788,2022-11-21 23:54:19,32348,22.4,0,93,4.47,21.33,0.0,0.197,18.6,24.1,7.95,0.0,61.24,61.0,0.0,0.0
3789,2022-11-22 00:09:22,31975,22.3,0,93,7.27,4.07,0.0,0.197,18.6,24.1,7.95,0.0,61.25,61.02,0.0,0.0
3790,2022-11-22 00:24:24,29973,22.2,0,93,7.73,6.6,0.0,0.197,18.6,24.1,7.95,0.0,61.26,61.02,0.0,0.0
3791,2022-11-22 00:39:25,31151,22.2,0,93,6.73,6.73,0.0,0.197,18.6,24.1,7.95,0.0,61.26,61.02,0.0,0.0
3792,2022-11-22 00:54:28,29036,22.2,0,93,7.27,7.4,0.0,0.197,18.6,24.1,7.95,0.0,61.27,61.03,0.0,0.0
3793,2022-11-22 01:09:31,34359,22.1,0,93,3.27,7.4,0.0,0.197,18.6,24.1,7.95,0.0,61.27,61.03,0.0,0.0
3794,2022-11-22 01:24:33,31166,22.2,1,93,0.8,7.4,0.0,0.197,18.6,24.1,7.95,0.0,61.29,61.05,0.0,0.0
3795,2022-11-22 01:39:36,30142,22.4,0,93,1.13,7.87,0.0,0.197,18.6,24.1,7.95,0.0,61.32,61.08,0.0,0.0
3796,2022-11-22 01:54:39,32826,22.5,0,93,1.4,8.8,0.0,0.197,18.6,24.1,7.95,0.0,61.33,61.09,0.0,0.0
3797,2022-11-22 02:09:42,28814,22.6,0,93,1.93,9.33,0.0,0.197,18.6,24.1,7.95,0.0,61.35,61.11,0.0,0.0
3798,2022-11-22 02:24:44,31597,22.6,0,93,2.2,9.6,0.0,0.197,18.6,24.1,7.95,0.0,61.35,61.11,0.0,0.0
3799,2022-11-22 02:39:47,29999,22.7,0,92,1.73,9.6,0.0,0.197,18.6,24.1,7.95,0.0,61.36,61.12,0.0,0.0
3800,2022-11-22 02:54:54,29615,23.0,0,91,0.93,9.73,0.0,0.197,18.6,24.1,7.95,0.0,61.38,61.14,0.0,0.0
3801,2022-11-22 03:09:57,32019,23.0,0,91,0.53,9.87,0.0,0.197,18.6,24.1,7.95,0.0,61.4,61.17,0.0,0.0
3802,2022-11-22 03:25:00,29745,22.9,0,91,0.4,10.0,0.0,0.197,18.6,24.1,7.95,0.0,61.41,61.17,0.0,0.0
3803,2022-11-22 03:40:03,30713,22.8,0,91,0.4,10.0,0.0,0.197,18.6,24.1,7.95,0.0,61.41,61.17,0.0,0.0
3804,2022-11-22 03:55:06,30296,22.9,1,91,0.27,10.0,0.0,0.197,18.6,24.1,7.95,0.0,61.42,61.18,0.0,0.0
3805,2022-11-22 04:10:09,29207,23.0,1,91,0.13,10.0,0.0,0.197,18.6,24.1,7.95,0.0,61.45,61.21,0.0,0.0
3806,2022-11-22 04:25:12,33292,23.0,1,91,0.0,10.0,0.0,0.197,18.6,24.1,7.95,0.0,61.48,61.24,0.0,0.0
3807,2022-11-22 04:40:14,33839,22.8,0,91,0.07,10.07,0.0,0.197,18.6,24.1,7.95,0.0,61.51,61.27,0.0,0.0
3808,2022-11-22 04:55:15,29550,22.5,0,92,1.27,11.53,0.0,0.197,18.6,24.1,7.95,0.0,61.53,61.29,0.0,0.0
3809,2022-11-22 05:10:18,33131,22.6,0,93,6.53,16.6,0.0,0.197,18.6,24.1,7.95,0.0,61.53,61.29,0.0,0.0
3810,2022-11-22 05:25:21,28861,22.6,0,93,7.2,17.2,0.0,0.197,18.6,24.1,7.95,0.0,61.53,61.3,0.0,0.0
3811,2022-11-22 05:35:22,30767,22.6,0,93,7.4,17.4,0.0,0.197,18.6,24.1,7.95,0.0,61.54,61.3,0.0,0.0
3812,2022-11-22 05:50:25,29269,22.6,0,93,7.27,17.8,0.0,0.197,18.6,24.1,7.95,0.0,61.54,61.3,0.0,0.0
3813,2022-11-22 06:05:28,31508,22.7,0,93,2.6,18.13,0.0,0.197,18.6,24.1,7.95,0.0,61.55,61.31,0.0,0.0
3814,2022-11-22 06:20:31,29410,22.6,0,93,2.47,19.6,0.0,0.197,18.6,24.1,7.95,0.0,61.55,61.31,0.0,0.0
3815,2022-11-22 06:35:34,31710,22.4,0,93,5.13,22.53,0.0,0.197,18.6,24.1,7.95,0.0,61.55,61.31,0.0,0.0
3816,2022-11-22 06:50:36,32842,22.3,0,93,4.93,22.73,0.0,0.197,18.6,24.1,7.95,0.0,61.56,61.32,0.0,0.0
3817,2022-11-22 07:05:43,32457,22.4,0,93,4.67,22.8,0.0,0.197,18.6,24.1,7.95,0.0,61.56,61.32,0.0,0.0
3818,2022-11-22 07:20:46,32645,22.3,0,93,3.53,23.07,0.0,0.197,18.6,24.1,7.95,0.0,61.56,61.33,0.0,0.0
3819,2022-11-22 07:35:49,26772,22.3,0,93,2.27,24.87,0.0,0.197,18.6,24.1,7.95,0.0,61.57,61.33,0.0,0.0
3820,2022-11-22 07:50:52,31620,22.5,0,94,3.0,25.73,0.0,0.197,18.6,24.1,7.95,0.0,61.57,61.33,0.0,0.0
3821,2022-11-22 08:05:55,32180,22.6,0,94,3.13,25.93,0.0,0.197,18.6,24.1,7.95,0.0,61.58,61.34,0.0,0.0
3822,2022-11-22 08:20:58,32416,22.6,0,94,3.13,26.2,0.0,0.197,18.6,24.1,7.95,0.0,61.58,61.34,0.0,0.0
3823,2022-11-22 08:36:01,27451,22.5,0,94,2.93,27.93,0.0,0.197,18.6,24.1,7.95,0.0,61.58,61.34,0.0,0.0
3824,2022-11-22 08:51:03,29057,22.4,0,94,7.0,32.8,0.0,0.197,18.6,24.1,7.95,0.0,61.59,61.35,0.0,0.0
3825,2022-11-22 09:06:05,27449,22.6,0,94,11.07,37.47,0.0,0.197,18.6,24.1,7.95,0.0,61.59,61.35,0.0,0.0
3826,2022-11-22 09:21:07,34024,22.6,0,94,15.53,41.73,0.0,0.197,18.6,24.1,7.95,0.0,61.59,61.36,0.0,0.0
3827,2022-11-22 09:36:10,27685,22.7,0,94,14.07,41.8,0.0,0.197,18.6,24.1,7.95,0.0,61.6,61.36,0.0,0.0
3828,2022-11-22 09:51:12,28213,22.9,0,94,9.07,41.8,0.0,0.197,18.6,24.1,7.95,0.0,61.6,61.36,0.0,0.0
3829,2022-11-22 10:06:15,32786,22.9,0,93,4.8,41.8,0.0,0.197,18.6,24.1,7.95,0.0,61.6,61.37,61.6,0.0
3830,2022-11-22 10:21:18,30429,23.1,0,93,0.2,41.93,0.0,0.197,18.6,24.1,7.95,0.0,61.61,61.37,0.0,0.0
3831,2022-11-22 10:36:21,31478,23.0,0,93,0.2,42.0,0.0,0.197,18.6,24.1,7.95,0.0,61.61,61.37,0.0,0.0
3832,2022-11-22 10:51:24,26768,22.9,1,92,0.2,42.0,0.0,0.197,18.6,24.1,7.95,0.0,61.62,61.38,0.0,0.0
3833,2022-11-22 11:06:26,27687,22.9,4,92,0.2,42.0,0.0,0.197,18.6,24.1,7.95,0.0,61.65,61.41,0.0,0.0
3834,2022-11-22 11:21:33,28463,22.6,12,92,0.4,42.33,0.0,0.197,18.6,24.1,7.95,0.0,61.68,61.44,0.0,0.0
3835,2022-11-22 11:36:36,32647,22.8,28,93,0.6,42.6,0.0,0.197,18.6,24.1,7.95,0.0,61.71,61.47,0.0,0.0
3836,2022-11-22 11:51:39,31650,23.1,36,93,0.6,42.6,0.0,0.197,18.6,24.1,7.95,0.0,61.74,61.5,0.0,0.0
3837,2022-11-22 12:06:42,32158,23.1,37,92,0.67,42.73,0.0,0.197,18.6,24.1,7.95,0.0,61.77,61.53,0.0,0.0
3838,2022-11-22 12:21:45,30896,22.9,88,92,0.47,42.8,0.0,0.197,18.6,24.1,7.95,0.0,61.8,61.56,0.0,0.0
3839,2022-11-22 12:36:48,33866,23.1,102,92,0.2,42.8,0.0,0.197,18.6,24.1,7.95,0.0,61.84,61.6,0.0,0.0
3840,2022-11-22 12:51:51,30540,23.4,131,92,0.33,42.93,0.0,0.197,18.6,24.1,7.95,0.0,61.87,61.64,0.0,0.0
3841,2022-11-22 13:06:54,30177,23.6,132,91,0.33,43.0,0.0,0.197,18.6,24.1,7.95,0.0,61.91,61.68,0.0,0.0
3842,2022-11-22 13:21:55,31087,23.8,112,89,0.2,43.0,0.0,0.197,18.6,24.1,7.95,0.0,61.95,61.71,0.0,0.0
3843,2022-11-22 13:36:58,29455,24.0,141,89,0.2,43.0,0.0,0.197,18.6,24.1,7.95,0.0,61.99,61.75,0.0,0.0
3844,2022-11-22 13:52:00,30449,24.2,202,90,0.07,43.0,0.0,0.197,18.6,24.1,7.95,0.0,62.03,61.79,0.0,0.0
3845,2022-11-22 14:07:02,32839,24.5,216,88,0.0,43.0,0.0,0.197,18.6,24.1,7.95,0.0,62.07,61.83,0.0,0.0
3846,2022-11-22 14:22:05,25833,24.7,204,87,0.0,43.0,0.0,0.197,18.6,24.1,7.95,0.0,62.11,61.88,0.0,0.0
3847,2022-11-22 14:37:08,32711,24.7,101,87,0.0,43.0,0.0,0.197,18.6,24.1,7.95,0.0,62.16,61.92,0.0,0.0
3848,2022-11-22 14:52:11,31747,24.7,189,87,0.0,43.0,0.0,0.197,18.6,24.1,7.95,0.0,62.19,61.96,0.0,0.0
3849,2022-11-22 15:07:14,29647,24.8,146,87,0.0,43.0,0.0,0.197,18.6,24.1,7.95,0.0,62.24,62.0,0.0,0.0
3850,2022-11-22 15:22:16,32651,24.9,149,87,0.0,43.0,0.0,0.197,18.6,24.1,7.95,0.0,62.27,62.04,0.0,0.0
3851,2022-11-22 15:37:23,31581,24.7,78,87,0.0,43.0,0.0,0.197,18.6,24.1,7.95,0.0,62.31,62.08,0.0,0.0
3852,2022-11-22 15:52:26,29798,24.0,159,90,2.47,45.47,0.0,0.197,18.6,24.1,7.95,0.0,62.35,62.11,0.0,0.0
3853,2022-11-22 16:07:29,30753,24.0,124,91,3.0,46.0,0.0,0.197,18.6,24.1,7.95,0.0,62.39,62.15,0.0,0.0
3854,2022-11-22 16:22:32,30925,24.0,135,91,3.0,46.0,0.0,0.197,18.6,24.1,7.95,0.0,62.42,62.19,0.0,0.0
3855,2022-11-22 16:37:35,33561,24.2,68,90,3.0,46.0,0.0,0.197,18.6,24.1,7.95,0.0,62.46,62.22,0.0,0.0
3856,2022-11-22 16:52:38,32325,24.1,61,90,0.53,46.0,0.0,0.197,18.6,24.1,7.95,0.0,62.5,62.26,0.0,0.0
3857,2022-11-22 17:07:41,27949,24.1,58,90,0.07,46.07,0.0,0.197,18.6,24.1,7.95,0.0,62.53,62.29,0.0,0.0
3858,2022-11-22 17:22:49,32464,23.9,71,91,0.2,46.2,0.0,0.197,18.6,24.1,7.95,0.0,62.56,62.32,0.0,0.0
3859,2022-11-22 17:32:45,35576,23.8,64,92,0.2,46.2,0.0,0.197,18.6,24.1,7.95,0.0,62.6,62.36,0.0,0.0
3860,2022-11-22 17:47:47,31957,23.8,80,92,0.2,46.2,0.0,0.197,18.6,24.1,7.95,0.0,62.63,62.39,0.0,0.0
3861,2022-11-22 18:02:49,31946,23.9,118,92,0.2,46.2,0.0,0.197,18.6,24.1,7.95,0.0,62.66,62.43,0.0,0.0
3862,2022-11-22 18:17:52,31894,24.2,267,92,0.07,46.33,0.0,0.197,18.6,24.1,7.95,0.0,62.7,62.46,0.0,0.0
3863,2022-11-22 18:32:54,33829,24.5,299,90,0.2,46.4,0.0,0.197,18.6,24.1,7.95,0.0,62.74,62.51,0.0,0.0
3864,2022-11-22 18:47:57,33482,24.6,319,90,0.2,46.4,0.0,0.197,18.6,24.1,7.95,0.0,62.79,62.55,0.0,0.0
3865,2022-11-22 19:03:00,32930,24.8,310,89,0.2,46.4,0.0,0.197,18.6,24.1,7.95,0.0,62.84,62.6,0.0,0.0
3866,2022-11-22 19:18:03,28898,25.2,352,87,0.13,46.4,0.0,0.197,18.6,24.1,7.95,0.0,62.89,62.65,0.0,0.0
3867,2022-11-22 19:33:05,31886,25.1,243,87,0.0,46.4,0.0,0.197,18.6,24.1,7.95,0.0,62.93,62.7,0.0,0.0
3868,2022-11-22 19:48:08,32610,25.2,176,86,0.0,46.4,0.0,0.197,18.6,24.1,7.95,0.0,62.98,62.74,0.0,0.0
3869,2022-11-22 20:03:15,32588,25.0,135,86,0.0,46.4,0.0,0.197,18.6,24.1,7.95,0.0,63.02,62.78,0.0,0.0
3870,2022-11-22 20:18:18,36233,24.7,105,88,0.0,46.4,0.0,0.197,18.6,24.1,7.95,0.0,63.05,62.82,0.0,0.0
3871,2022-11-22 20:33:21,30896,24.5,55,88,0.0,46.4,0.0,0.197,18.6,24.1,7.95,0.0,63.09,62.85,0.0,0.0
3872,2022-11-22 20:48:24,32735,24.2,53,89,0.0,46.4,0.0,0.197,18.6,24.1,7.95,0.0,63.12,62.88,0.0,0.0
3873,2022-11-22 21:03:27,32764,23.8,38,89,0.0,46.4,0.0,0.197,18.6,24.1,7.95,0.0,63.15,62.92,0.0,0.0
3874,2022-11-22 21:18:30,34302,23.6,15,90,0.0,46.4,0.0,0.197,18.6,24.1,7.95,0.0,63.18,62.95,0.0,0.0
3875,2022-11-22 21:33:33,27689,23.4,10,90,0.0,46.4,0.0,0.197,18.6,24.1,7.95,0.0,63.21,62.97,0.0,0.0
3876,2022-11-22 21:48:35,33140,23.1,1,90,0.0,46.4,0.0,0.197,18.6,24.1,7.95,0.0,63.24,63.0,0.0,0.0
3877,2022-11-22 22:03:36,32853,22.8,0,90,0.0,46.4,0.0,0.197,18.6,24.1,7.95,0.0,63.26,63.02,0.0,0.0
3878,2022-11-22 22:18:39,27290,22.6,0,91,0.0,46.4,0.0,0.197,18.6,24.1,7.95,0.0,63.26,63.03,0.0,0.0
3879,2022-11-22 22:33:42,28182,22.6,0,91,0.0,46.4,0.0,0.197,18.6,24.1,7.95,0.0,63.27,63.03,0.0,0.0
3880,2022-11-22 22:48:44,29134,22.5,0,91,0.0,46.4,0.0,0.197,18.6,24.1,7.95,0.0,63.27,63.03,0.0,0.0
3881,2022-11-22 23:03:47,25564,22.5,0,92,0.0,46.4,0.0,0.197,18.6,24.1,7.95,0.0,63.27,63.04,0.0,0.0
3882,2022-11-22 23:18:50,33049,22.5,0,92,0.0,46.4,0.0,0.197,18.6,24.1,7.95,0.0,63.28,63.04,0.0,0.0
3883,2022-11-22 23:33:53,33189,22.4,0,93,0.0,46.4,0.0,0.197,18.6,24.1,7.95,0.0,63.28,63.04,0.0,0.0
3884,2022-11-22 23:48:55,34286,22.4,0,93,0.0,46.4,0.0,0.197,18.6,24.1,7.95,0.0,63.28,63.05,0.0,0.0
3885,2022-11-23 00:03:58,35175,22.3,0,93,0.0,0.0,0.0,0.197,18.6,23.6,7.95,0.0,63.29,63.05,0.0,0.0
3886,2022-11-23 00:19:05,29568,22.4,0,93,0.0,0.0,0.0,0.197,18.6,23.6,7.95,0.0,63.29,63.05,0.0,0.0
3887,2022-11-23 00:34:08,31034,22.3,0,94,0.0,0.0,0.0,0.197,18.6,23.6,7.95,0.0,63.29,63.06,0.0,0.0
3888,2022-11-23 00:49:11,32244,22.3,0,94,0.0,0.0,0.0,0.197,18.6,23.6,7.95,0.0,63.3,63.06,0.0,0.0
3889,2022-11-23 01:04:14,34300,22.3,0,94,0.0,0.0,0.0,0.197,18.6,23.6,7.95,0.0,63.3,63.06,0.0,0.0
3890,2022-11-23 01:24:18,33512,22.2,0,94,0.0,0.0,0.0,0.197,18.6,23.6,7.95,0.0,63.3,63.06,0.0,0.0
3891,2022-11-23 01:39:21,29228,22.0,0,94,0.0,0.0,0.0,0.197,18.6,23.6,7.95,0.0,63.31,63.07,0.0,0.0
3892,2022-11-23 01:54:24,36113,22.0,0,94,0.0,0.0,0.0,0.197,18.6,23.6,7.95,0.0,63.31,63.07,0.0,0.0
3893,2022-11-23 02:09:26,32862,22.0,0,94,0.0,0.0,0.0,0.197,18.6,23.6,7.95,0.0,63.31,63.07,0.0,0.0
3894,2022-11-23 02:24:27,36052,22.1,0,93,0.0,0.0,0.0,0.197,18.6,23.6,7.95,0.0,63.32,63.09,0.0,0.0
3895,2022-11-23 02:39:30,34286,22.0,0,94,0.0,0.0,0.0,0.197,18.6,23.6,7.95,0.0,63.33,63.09,0.0,0.0
3896,2022-11-23 02:54:32,34992,22.1,0,94,0.0,0.0,0.0,0.197,18.6,23.6,7.95,0.0,63.33,63.09,0.0,0.0
3897,2022-11-23 03:09:35,33450,22.1,0,94,0.0,0.0,0.0,0.197,18.6,23.6,7.95,0.0,63.33,63.1,0.0,0.0
3898,2022-11-23 03:24:38,33588,22.1,0,94,0.0,0.0,0.0,0.197,18.6,23.6,7.95,0.0,63.34,63.1,0.0,0.0
3899,2022-11-23 03:39:41,29035,22.1,0,94,0.0,0.0,0.0,0.197,18.6,23.6,7.95,0.0,63.34,63.1,0.0,0.0
3900,2022-11-23 03:54:44,31073,22.1,0,94,0.0,0.0,0.0,0.197,18.6,23.6,7.95,0.0,63.34,63.1,0.0,0.0
3901,2022-11-23 04:09:46,30459,22.2,0,94,0.0,0.0,0.0,0.197,18.6,23.6,7.95,0.0,63.34,63.11,0.0,0.0
3902,2022-11-23 04:24:49,29851,22.1,0,94,0.0,0.0,0.0,0.197,18.6,23.6,7.95,0.0,63.35,63.11,0.0,0.0
3903,2022-11-23 04:39:56,32241,22.0,0,94,0.0,0.0,0.0,0.197,18.6,23.6,7.95,0.0,63.35,63.11,0.0,0.0
3904,2022-11-23 04:54:59,31428,22.0,0,94,0.0,0.0,0.0,0.197,18.6,23.6,7.95,0.0,63.35,63.12,0.0,0.0
3905,2022-11-23 05:10:02,34964,22.0,0,94,0.0,0.0,0.0,0.197,18.6,23.6,7.95,0.0,63.36,63.12,0.0,0.0
3906,2022-11-23 05:25:05,31018,21.9,0,94,0.0,0.0,0.0,0.197,18.6,23.6,7.95,0.0,63.36,63.12,0.0,0.0
3907,2022-11-23 05:40:08,28586,21.8,0,94,0.0,0.0,0.0,0.197,18.6,23.6,7.95,0.0,63.36,63.13,0.0,0.0
3908,2022-11-23 05:55:11,32371,21.8,0,94,0.0,0.0,0.0,0.197,18.6,23.6,7.95,0.0,63.37,63.13,0.0,0.0
3909,2022-11-23 06:10:14,33629,21.6,0,94,0.0,0.0,0.0,0.197,18.6,23.6,7.95,0.0,63.37,63.13,0.0,0.0
3910,2022-11-23 06:25:16,32292,21.6,0,94,0.0,0.0,0.0,0.197,18.6,23.6,7.95,0.0,63.37,63.14,0.0,0.0
3911,2022-11-23 06:40:17,31554,21.5,0,95,0.0,0.0,0.0,0.197,18.6,23.6,7.95,0.0,63.38,63.14,0.0,0.0
3912,2022-11-23 06:55:20,34250,21.4,0,95,0.0,0.0,0.0,0.197,18.6,23.6,7.95,0.0,63.38,63.14,0.0,0.0
3913,2022-11-23 07:10:23,33428,21.3,0,95,0.0,0.0,0.0,0.197,18.6,23.6,7.95,0.0,63.38,63.15,0.0,0.0
3914,2022-11-23 07:25:25,28588,21.3,0,95,0.0,0.0,0.0,0.197,18.6,23.6,7.95,0.0,63.39,63.15,0.0,0.0
3915,2022-11-23 07:40:28,36204,21.4,0,94,0.0,0.0,0.0,0.197,18.6,23.6,7.95,0.0,63.39,63.15,0.0,0.0
3916,2022-11-23 07:55:31,33475,21.5,0,94,0.0,0.0,0.0,0.197,18.6,23.6,7.95,0.0,63.39,63.16,0.0,0.0
3917,2022-11-23 08:10:34,34232,21.5,0,94,0.0,0.0,0.0,0.197,18.6,23.6,7.95,0.0,63.4,63.16,0.0,0.0
3918,2022-11-23 08:25:36,33789,21.6,0,94,0.0,0.0,0.0,0.197,18.6,23.6,7.95,0.0,63.4,63.16,0.0,0.0
3919,2022-11-23 08:40:39,30954,21.7,0,94,0.0,0.0,0.0,0.197,18.6,23.6,7.95,0.0,63.4,63.17,0.0,0.0
3920,2022-11-23 08:55:46,30505,21.8,0,94,0.0,0.0,0.0,0.197,18.6,23.6,7.95,0.0,63.41,63.17,0.0,0.0
3921,2022-11-23 09:10:49,33658,21.8,0,93,0.0,0.0,0.0,0.197,18.6,23.6,7.95,0.0,63.41,63.17,0.0,0.0
3922,2022-11-23 09:25:52,33659,21.8,0,93,0.0,0.0,0.0,0.197,18.6,23.6,7.95,0.0,63.41,63.17,0.0,0.0
3923,2022-11-23 09:40:55,30239,21.8,0,93,0.0,0.0,0.0,0.197,18.6,23.6,7.95,0.0,63.41,63.18,0.0,0.0
3924,2022-11-23 09:55:58,30325,21.8,0,93,0.0,0.0,0.0,0.197,18.6,23.6,7.95,0.0,63.42,63.18,0.0,0.0
3925,2022-11-23 10:11:01,32976,21.8,0,94,0.0,0.0,0.0,0.197,18.6,23.6,7.95,0.0,63.42,63.18,63.42,0.0
3926,2022-11-23 10:26:04,32090,21.7,0,94,0.0,0.0,0.0,0.197,18.6,23.6,7.95,0.0,63.42,63.19,0.0,0.0
3927,2022-11-23 10:41:06,34449,21.6,0,94,0.0,0.0,0.0,0.197,18.6,23.6,7.95,0.0,63.43,63.19,0.0,0.0
3928,2022-11-23 10:56:07,31659,21.5,0,95,0.0,0.0,0.0,0.197,18.6,23.6,7.95,0.0,63.43,63.19,0.0,0.0
3929,2022-11-23 11:11:10,35422,21.5,4,95,0.0,0.0,0.0,0.197,18.6,23.6,7.95,0.0,63.45,63.21,0.0,0.0
3930,2022-11-23 11:26:13,31683,21.5,16,95,0.0,0.0,0.0,0.197,18.6,23.6,7.95,0.0,63.48,63.24,0.0,0.0
3931,2022-11-23 11:41:15,32470,21.5,32,95,0.0,0.0,0.0,0.197,18.6,23.6,7.95,0.0,63.51,63.27,0.0,0.0
3932,2022-11-23 11:56:18,31292,21.5,34,95,0.07,0.07,0.0,0.197,18.6,23.6,7.95,0.0,63.54,63.3,0.0,0.0
3933,2022-11-23 12:11:21,28969,21.5,69,95,0.2,0.2,0.0,0.197,18.6,23.6,7.95,0.0,63.57,63.33,0.0,0.0
3934,2022-11-23 12:26:24,27860,21.7,120,95,0.2,0.2,0.0,0.197,18.6,23.6,7.95,0.0,63.6,63.36,0.0,0.0
3935,2022-11-23 12:41:26,27013,21.6,131,95,0.2,0.2,0.0,0.197,18.6,23.6,7.95,0.0,63.63,63.4,0.0,0.0
3936,2022-11-23 12:56:29,36009,21.9,194,95,0.13,0.2,0.0,0.197,18.6,23.6,7.95,0.0,63.67,63.43,0.0,0.0
3937,2022-11-23 13:11:36,34438,21.9,137,94,0.0,0.2,0.0,0.197,18.6,23.6,7.95,0.0,63.71,63.47,0.0,0.0
3938,2022-11-23 13:26:39,36548,22.0,126,93,0.0,0.2,0.0,0.197,18.6,23.6,7.95,0.0,63.74,63.51,0.0,0.0
3939,2022-11-23 13:41:42,32378,22.2,103,93,0.0,0.2,0.0,0.197,18.6,23.6,7.95,0.0,63.78,63.54,0.0,0.0
3940,2022-11-23 13:56:45,32738,22.5,139,92,0.0,0.2,0.0,0.197,18.6,23.6,7.95,0.0,63.81,63.58,0.0,0.0
3941,2022-11-23 14:11:48,30570,23.1,174,90,0.0,0.2,0.0,0.197,18.6,23.6,7.95,0.0,63.85,63.61,0.0,0.0
3942,2022-11-23 14:26:51,38869,23.4,154,89,0.0,0.2,0.0,0.197,18.6,23.6,7.95,0.0,63.89,63.65,0.0,0.0
3943,2022-11-23 14:41:54,29699,23.5,146,88,0.0,0.2,0.0,0.197,18.6,23.6,7.95,0.0,63.93,63.69,0.0,0.0
3944,2022-11-23 14:56:57,34359,23.5,281,88,0.0,0.2,0.0,0.197,18.6,23.6,7.95,0.0,63.96,63.73,0.0,0.0
3945,2022-11-23 15:11:58,31519,24.2,314,86,0.0,0.2,0.0,0.197,18.6,23.6,7.95,0.0,64.01,63.77,0.0,0.0
3946,2022-11-23 15:27:00,29796,24.8,337,84,0.0,0.2,0.0,0.197,18.6,23.6,7.95,0.0,64.05,63.81,0.0,0.0
3947,2022-11-23 15:42:03,32070,24.7,517,83,0.0,0.2,0.0,0.197,18.6,23.6,7.95,0.0,64.1,63.86,0.0,0.0
3948,2022-11-23 15:57:05,31229,25.3,392,82,0.0,0.2,0.0,0.197,18.6,23.6,7.95,0.0,64.15,63.91,0.0,0.0
3949,2022-11-23 16:12:08,36383,25.6,296,83,0.0,0.2,0.0,0.197,18.6,23.6,7.95,0.0,64.19,63.95,0.0,0.0
3950,2022-11-23 16:27:11,32067,25.8,665,82,0.0,0.2,0.0,0.197,18.6,23.6,7.95,0.0,64.23,64.0,0.0,0.0
3951,2022-11-23 16:42:14,35536,25.6,262,82,0.0,0.2,0.0,0.197,18.6,23.6,7.95,0.0,64.29,64.05,0.0,0.0
3952,2022-11-23 16:57:16,29066,25.6,445,83,0.0,0.2,0.0,0.197,18.6,23.6,7.95,0.0,64.33,64.09,0.0,0.0
3953,2022-11-23 17:12:19,31997,25.0,163,84,0.0,0.2,0.0,0.197,18.6,23.6,7.95,0.0,64.38,64.14,0.0,0.0
3954,2022-11-23 17:27:26,33309,24.5,120,85,0.0,0.2,0.0,0.197,18.6,23.6,7.95,0.0,64.41,64.18,0.0,0.0
3955,2022-11-23 17:42:29,34468,24.4,215,85,0.0,0.2,0.0,0.197,18.6,23.6,7.95,0.0,64.45,64.21,0.0,0.0
3956,2022-11-23 17:57:31,31587,24.5,319,85,0.0,0.2,0.0,0.197,18.6,23.6,7.95,0.0,64.49,64.25,0.0,0.0
3957,2022-11-23 18:12:34,29604,24.6,222,84,0.0,0.2,0.0,0.197,18.6,23.6,7.95,0.0,64.53,64.3,0.0,0.0
3958,2022-11-23 18:27:37,29582,24.4,106,86,0.0,0.2,0.0,0.197,18.6,23.6,7.95,0.0,64.57,64.34,0.0,0.0
3959,2022-11-23 18:37:39,30573,24.1,119,86,0.0,0.2,0.0,0.197,18.6,23.6,7.95,0.0,64.6,64.37,0.0,0.0
3960,2022-11-23 18:52:42,29014,24.0,149,86,0.0,0.2,0.0,0.197,18.6,23.6,7.95,0.0,64.64,64.4,0.0,0.0
3961,2022-11-23 19:07:45,31833,24.4,212,85,0.0,0.2,0.0,0.197,18.6,23.6,7.95,0.0,64.67,64.44,0.0,0.0
3962,2022-11-23 19:22:46,31915,24.7,175,84,0.0,0.2,0.0,0.197,18.6,23.6,7.95,0.0,64.71,64.48,0.0,0.0
3963,2022-11-23 19:37:49,34349,24.5,118,84,0.0,0.2,0.0,0.197,18.6,23.6,7.95,0.0,64.75,64.51,0.0,0.0
3964,2022-11-23 19:47:50,34957,23.9,203,87,0.0,0.2,0.0,0.197,18.6,23.6,7.95,0.0,64.78,64.55,0.0,0.0
3965,2022-11-23 20:02:53,35327,23.8,38,88,0.0,0.2,0.0,0.197,18.6,23.6,7.95,0.0,64.82,64.59,0.0,0.0
3966,2022-11-23 20:17:58,29364,23.6,53,89,0.0,0.2,0.0,0.197,18.6,23.6,7.95,0.0,64.85,64.61,0.0,0.0
3967,2022-11-23 20:32:58,31594,23.5,117,90,0.0,0.2,0.0,0.197,18.6,23.6,7.95,0.0,64.88,64.64,0.0,0.0
3968,2022-11-23 20:48:03,36779,23.6,66,91,0.0,0.2,0.0,0.197,18.6,23.6,7.95,0.0,64.91,64.68,0.0,0.0
3969,2022-11-23 21:03:04,35681,23.7,30,90,0.0,0.2,0.0,0.197,18.6,23.6,7.95,0.0,64.94,64.71,0.0,0.0
3970,2022-11-23 21:18:10,34007,23.6,6,91,0.0,0.2,0.0,0.197,18.6,23.6,7.95,0.0,64.97,64.73,0.0,0.0
3971,2022-11-23 21:33:10,32468,23.4,2,91,0.0,0.2,0.0,0.197,18.6,23.6,7.95,0.0,65.0,64.76,0.0,0.0
3972,2022-11-23 21:48:17,30112,23.0,0,91,0.0,0.2,0.0,0.197,18.6,23.6,7.95,0.0,65.02,64.79,0.0,0.0
3973,2022-11-23 22:03:19,32714,23.0,0,91,0.0,0.2,0.0,0.197,18.6,23.6,7.95,0.0,65.04,64.8,0.0,0.0
3974,2022-11-23 22:18:22,34114,23.0,0,91,0.0,0.2,0.0,0.197,18.6,23.6,7.95,0.0,65.04,64.81,0.0,0.0
3975,2022-11-23 22:33:25,30171,23.0,0,91,0.0,0.2,0.0,0.197,18.6,23.6,7.95,0.0,65.04,64.81,0.0,0.0
3976,2022-11-23 22:48:28,32617,22.9,0,91,0.0,0.2,0.0,0.197,18.6,23.6,7.95,0.0,65.05,64.81,0.0,0.0
3977,2022-11-23 23:03:31,32942,22.9,0,91,0.0,0.2,0.0,0.197,18.6,23.6,7.95,0.0,65.05,64.82,0.0,0.0
3978,2022-11-23 23:18:34,34077,22.8,0,91,0.0,0.2,0.0,0.197,18.6,23.6,7.95,0.0,65.05,64.82,0.0,0.0
3979,2022-11-23 23:33:36,35403,22.7,0,91,0.0,0.2,0.0,0.197,18.6,23.6,7.95,0.0,65.06,64.82,0.0,0.0
3980,2022-11-23 23:48:37,32059,22.6,0,91,0.0,0.2,0.0,0.197,18.6,23.6,7.95,0.0,65.06,64.82,0.0,0.0
3981,2022-11-24 00:03:40,32074,22.6,0,91,0.0,0.0,0.0,0.197,18.6,22.9,7.95,0.0,65.06,64.83,0.0,0.0
3982,2022-11-24 00:18:43,37654,22.6,0,91,0.0,0.0,0.0,0.197,18.6,22.9,7.95,0.0,65.06,64.83,0.0,0.0
3983,2022-11-24 00:33:45,31079,22.6,0,91,0.0,0.0,0.0,0.197,18.6,22.9,7.95,0.0,65.07,64.83,0.0,0.0
3984,2022-11-24 00:48:48,30172,22.6,0,91,0.0,0.0,0.0,0.197,18.6,22.9,7.95,0.0,65.07,64.83,0.0,0.0
3985,2022-11-24 01:03:51,29186,22.5,0,91,0.0,0.0,0.0,0.197,18.6,22.9,7.95,0.0,65.07,64.84,0.0,0.0
3986,2022-11-24 01:18:54,32611,22.5,0,91,0.0,0.0,0.0,0.197,18.6,22.9,7.95,0.0,65.07,64.84,0.0,0.0
3987,2022-11-24 01:33:57,31383,22.5,0,91,0.0,0.0,0.0,0.197,18.6,22.9,7.95,0.0,65.08,64.84,0.0,0.0
3988,2022-11-24 01:49:00,36765,22.5,0,92,0.0,0.0,0.0,0.197,18.6,22.9,7.95,0.0,65.08,64.85,0.0,0.0
3989,2022-11-24 02:04:07,34018,22.5,0,92,0.0,0.0,0.0,0.197,18.6,22.9,7.95,0.0,65.08,64.85,0.0,0.0
3990,2022-11-24 02:19:09,31120,22.4,0,92,0.0,0.0,0.0,0.197,18.6,22.9,7.95,0.0,65.09,64.85,0.0,0.0
3991,2022-11-24 02:34:12,34413,22.3,0,92,0.0,0.0,0.0,0.197,18.6,22.9,7.95,0.0,65.09,64.85,0.0,0.0
3992,2022-11-24 02:49:15,31876,22.2,0,92,0.0,0.0,0.0,0.197,18.6,22.9,7.95,0.0,65.09,64.86,0.0,0.0
3993,2022-11-24 03:04:18,32665,22.1,0,93,0.0,0.0,0.0,0.197,18.6,22.9,7.95,0.0,65.09,64.86,0.0,0.0
3994,2022-11-24 03:19:21,32917,22.1,0,93,0.0,0.0,0.0,0.197,18.6,22.9,7.95,0.0,65.1,64.86,0.0,0.0
3995,2022-11-24 03:34:24,28969,22.1,0,93,0.0,0.0,0.0,0.197,18.6,22.9,7.95,0.0,65.1,64.86,0.0,0.0
3996,2022-11-24 03:49:26,33338,22.0,0,93,0.0,0.0,0.0,0.197,18.6,22.9,7.95,0.0,65.1,64.87,0.0,0.0
3997,2022-11-24 04:04:27,37552,22.0,0,93,0.0,0.0,0.0,0.197,18.6,22.9,7.95,0.0,65.1,64.87,0.0,0.0
3998,2022-11-24 04:19:30,36065,21.8,0,93,0.0,0.0,0.0,0.197,18.6,22.9,7.95,0.0,65.11,64.87,0.0,0.0
3999,2022-11-24 04:34:33,30261,21.8,0,93,0.0,0.0,0.0,0.197,18.6,22.9,7.95,0.0,65.11,64.87,0.0,0.0
4000,2022-11-24 04:49:35,33709,21.8,0,93,0.0,0.0,0.0,0.197,18.6,22.9,7.95,0.0,65.11,64.88,0.0,0.0
4001,2022-11-24 05:04:38,30451,21.8,0,94,0.0,0.0,0.0,0.197,18.6,22.9,7.95,0.0,65.11,64.88,0.0,0.0
4002,2022-11-24 05:19:41,32160,21.8,0,94,0.0,0.0,0.0,0.197,18.6,22.9,7.95,0.0,65.12,64.88,0.0,0.0
4003,2022-11-24 05:34:44,27375,21.8,0,94,0.0,0.0,0.0,0.197,18.6,22.9,7.95,0.0,65.12,64.89,0.0,0.0
4004,2022-11-24 05:49:47,29325,21.7,0,95,0.0,0.0,0.0,0.197,18.6,22.9,7.95,0.0,65.12,64.89,0.0,0.0
4005,2022-11-24 06:04:50,33187,21.6,0,95,0.0,0.0,0.0,0.197,18.6,22.9,7.95,0.0,65.13,64.89,0.0,0.0
4006,2022-11-24 06:19:57,33925,21.5,0,95,0.0,0.0,0.0,0.197,18.6,22.9,7.95,0.0,65.13,64.89,0.0,0.0
4007,2022-11-24 06:34:59,34451,21.4,0,95,0.0,0.0,0.0,0.197,18.6,22.9,7.95,0.0,65.13,64.9,0.0,0.0
4008,2022-11-24 06:50:02,31067,21.4,0,95,0.0,0.0,0.0,0.197,18.6,22.9,7.95,0.0,65.13,64.9,0.0,0.0
4009,2022-11-24 07:05:05,32714,21.3,0,95,0.0,0.0,0.0,0.197,18.6,22.9,7.95,0.0,65.14,64.9,0.0,0.0
4010,2022-11-24 07:20:08,36374,21.4,0,95,0.0,0.0,0.0,0.197,18.6,22.9,7.95,0.0,65.14,64.9,0.0,0.0
4011,2022-11-24 07:35:11,35383,21.4,0,95,0.0,0.0,0.0,0.197,18.6,22.9,7.95,0.0,65.14,64.91,0.0,0.0
4012,2022-11-24 07:50:14,30167,21.5,0,96,0.0,0.0,0.0,0.197,18.6,22.9,7.95,0.0,65.14,64.91,0.0,0.0
4013,2022-11-24 08:05:16,32364,21.4,0,96,0.0,0.0,0.0,0.197,18.6,22.9,7.95,0.0,65.15,64.91,0.0,0.0
4014,2022-11-24 08:20:18,33416,21.4,0,96,0.0,0.0,0.0,0.197,18.6,22.9,7.95,0.0,65.15,64.92,0.0,0.0
4015,2022-11-24 08:35:20,31430,21.5,0,96,0.0,0.0,0.0,0.197,18.6,22.9,7.95,0.0,65.15,64.92,0.0,0.0
4016,2022-11-24 08:50:23,33587,21.4,0,96,0.0,0.0,0.0,0.197,18.6,22.9,7.95,0.0,65.15,64.92,0.0,0.0
4017,2022-11-24 09:05:25,30827,21.4,0,96,0.0,0.0,0.0,0.197,18.6,22.9,7.95,0.0,65.16,64.92,0.0,0.0
4018,2022-11-24 09:20:28,35050,21.4,0,96,0.0,0.0,0.0,0.197,18.6,22.9,7.95,0.0,65.16,64.93,0.0,0.0
4019,2022-11-24 09:35:31,29833,21.3,0,96,0.0,0.0,0.0,0.197,18.6,22.9,7.95,0.0,65.16,64.93,0.0,0.0
4020,2022-11-24 09:50:34,34214,21.3,0,96,0.0,0.0,0.0,0.197,18.6,22.9,7.95,0.0,65.17,64.93,0.0,0.0
4021,2022-11-24 10:05:37,29888,21.4,0,96,0.0,0.0,0.0,0.197,18.6,22.9,7.95,12.0,53.17,52.93,53.17,53.17
4022,2022-11-24 10:20:40,20354,21.4,0,95,0.0,0.0,0.0,0.197,18.6,22.9,7.95,0.0,53.17,52.94,0.0,0.0
4023,2022-11-24 10:35:47,32080,21.3,0,95,0.0,0.0,0.0,0.197,18.6,22.9,7.95,0.0,53.18,52.95,0.0,0.0
4024,2022-11-24 10:50:49,25622,21.1,0,95,0.0,0.0,0.0,0.197,18.6,22.9,7.95,0.0,53.19,52.95,0.0,0.0
4025,2022-11-24 11:05:52,30662,21.1,4,95,0.0,0.0,0.0,0.197,18.6,22.9,7.95,0.0,53.2,52.97,0.0,0.0
4026,2022-11-24 11:20:55,25558,21.0,15,95,0.0,0.0,0.0,0.197,18.6,22.9,7.95,0.0,53.24,53.01,0.0,0.0
4027,2022-11-24 11:35:58,28423,20.9,36,95,0.0,0.0,0.0,0.197,18.6,22.9,7.95,0.0,53.29,53.05,0.0,0.0
4028,2022-11-24 11:51:01,27595,20.9,61,95,0.0,0.0,0.0,0.197,18.6,22.9,7.95,0.0,53.33,53.09,0.0,0.0
4029,2022-11-24 12:06:04,29469,21.1,81,95,0.0,0.0,0.0,0.197,18.6,22.9,7.95,0.0,53.37,53.14,0.0,0.0
4030,2022-11-24 12:21:07,28077,21.2,126,95,0.0,0.0,0.0,0.197,18.6,22.9,7.95,0.0,53.42,53.19,0.0,0.0
4031,2022-11-24 12:36:08,31946,21.3,161,95,0.0,0.0,0.0,0.197,18.6,22.9,7.95,0.0,53.47,53.24,0.0,0.0
4032,2022-11-24 12:51:11,29606,21.6,178,95,0.0,0.0,0.0,0.197,18.6,22.9,7.95,0.0,53.53,53.29,0.0,0.0
4033,2022-11-24 13:06:13,26378,22.0,237,94,0.0,0.0,0.0,0.197,18.6,22.9,7.95,0.0,53.58,53.35,0.0,0.0
4034,2022-11-24 13:21:15,26785,22.4,276,94,0.0,0.0,0.0,0.197,18.6,22.9,7.95,0.0,53.64,53.4,0.0,0.0
4035,2022-11-24 13:36:18,28530,22.8,345,92,0.0,0.0,0.0,0.197,18.6,22.9,7.95,0.0,53.7,53.47,0.0,0.0
4036,2022-11-24 13:51:21,26454,23.4,377,91,0.0,0.0,0.0,0.197,18.6,22.9,7.95,0.0,53.77,53.53,0.0,0.0
4037,2022-11-24 14:06:24,29285,24.2,477,89,0.0,0.0,0.0,0.197,18.6,22.9,7.95,0.0,53.84,53.6,0.0,0.0
4038,2022-11-24 14:21:27,31137,25.6,476,85,0.0,0.0,0.0,0.197,18.6,22.9,7.95,0.0,53.91,53.67,0.0,0.0
4039,2022-11-24 14:36:30,26498,26.8,529,83,0.0,0.0,0.0,0.197,18.6,22.9,7.95,0.0,53.98,53.74,0.0,0.0
4040,2022-11-24 14:51:33,27886,26.9,538,81,0.0,0.0,0.0,0.197,18.6,22.9,7.95,0.0,54.05,53.82,0.0,0.0
4041,2022-11-24 15:06:40,29434,26.8,593,82,0.0,0.0,0.0,0.197,18.6,22.9,7.95,0.0,54.12,53.89,0.0,0.0
4042,2022-11-24 15:21:42,26590,27.3,621,80,0.0,0.0,0.0,0.197,18.6,22.9,7.95,0.0,54.2,53.96,0.0,0.0
4043,2022-11-24 15:36:45,26546,27.2,589,82,0.0,0.0,0.0,0.197,18.6,22.9,7.95,0.0,54.27,54.04,0.0,0.0
4044,2022-11-24 15:51:48,27107,27.8,661,79,0.0,0.0,0.0,0.197,18.6,22.9,7.95,0.0,54.35,54.11,0.0,0.0
4045,2022-11-24 16:06:51,26239,28.2,655,78,0.0,0.0,0.0,0.197,18.6,22.9,7.95,0.0,54.42,54.19,0.0,0.0
4046,2022-11-24 16:21:54,28282,28.2,666,78,0.0,0.0,0.0,0.197,18.6,22.9,7.95,0.0,54.5,54.26,0.0,0.0
4047,2022-11-24 16:36:57,28086,28.1,663,78,0.0,0.0,0.0,0.197,18.6,22.9,7.95,0.0,54.57,54.34,0.0,0.0
4048,2022-11-24 16:52:00,24420,28.0,653,78,0.0,0.0,0.0,0.197,18.6,22.9,7.95,0.0,54.65,54.41,0.0,0.0
4049,2022-11-24 17:07:01,28005,27.4,646,79,0.0,0.0,0.0,0.197,18.6,22.9,7.95,0.0,54.72,54.48,0.0,0.0
4050,2022-11-24 17:22:04,27139,27.5,633,79,0.0,0.0,0.0,0.197,18.6,22.9,7.95,0.0,54.8,54.56,0.0,0.0
4051,2022-11-24 17:37:06,30484,27.8,608,79,0.0,0.0,0.0,0.197,18.6,22.9,7.95,0.0,54.87,54.63,0.0,0.0
4052,2022-11-24 17:52:08,28966,27.9,591,78,0.0,0.0,0.0,0.197,18.6,22.9,7.95,0.0,54.94,54.71,0.0,0.0
4053,2022-11-24 18:07:11,24796,28.0,565,79,0.0,0.0,0.0,0.197,18.6,22.9,7.95,0.0,55.02,54.78,0.0,0.0
4054,2022-11-24 18:22:14,28897,27.7,533,79,0.0,0.0,0.0,0.197,18.6,22.9,7.95,0.0,55.09,54.85,0.0,0.0
4055,2022-11-24 18:37:17,30142,27.4,516,80,0.0,0.0,0.0,0.197,18.6,22.9,7.95,0.0,55.16,54.92,0.0,0.0
4056,2022-11-24 18:52:20,25175,27.3,486,80,0.0,0.0,0.0,0.197,18.6,22.9,7.95,0.0,55.23,54.99,0.0,0.0
4057,2022-11-24 19:07:23,27599,27.3,393,80,0.0,0.0,0.0,0.197,18.6,22.9,7.95,0.0,55.3,55.06,0.0,0.0
4058,2022-11-24 19:22:26,24281,27.0,360,81,0.0,0.0,0.0,0.197,18.6,22.9,7.95,0.0,55.36,55.12,0.0,0.0
4059,2022-11-24 19:37:33,27190,26.7,272,82,0.0,0.0,0.0,0.197,18.6,22.9,7.95,0.0,55.43,55.19,0.0,0.0
4060,2022-11-24 19:52:35,25989,26.8,372,81,0.0,0.0,0.0,0.197,18.6,22.9,7.95,0.0,55.48,55.25,0.0,0.0
4061,2022-11-24 20:07:38,25106,27.0,296,81,0.0,0.0,0.0,0.197,18.6,22.9,7.95,0.0,55.55,55.31,0.0,0.0
4062,2022-11-24 20:22:41,30012,26.8,219,81,0.0,0.0,0.0,0.197,18.6,22.9,7.95,0.0,55.61,55.37,0.0,0.0
4063,2022-11-24 20:32:43,28378,26.5,174,82,0.0,0.0,0.0,0.197,18.6,22.9,7.95,0.0,55.66,55.42,0.0,0.0
4064,2022-11-24 20:47:46,25606,26.4,120,83,0.0,0.0,0.0,0.197,18.6,22.9,7.95,0.0,55.71,55.48,0.0,0.0
4065,2022-11-24 21:02:49,24129,26.0,66,84,0.0,0.0,0.0,0.197,18.6,22.9,7.95,0.0,55.76,55.52,0.0,0.0
4066,2022-11-24 21:17:52,26086,25.5,32,85,0.0,0.0,0.0,0.197,18.6,22.9,7.95,0.0,55.8,55.57,0.0,0.0
4067,2022-11-24 21:32:53,30867,25.1,14,87,0.0,0.0,0.0,0.197,18.6,22.9,7.95,0.0,55.84,55.6,0.0,0.0
4068,2022-11-24 21:47:56,33610,24.8,3,87,0.0,0.0,0.0,0.197,18.6,22.9,7.95,0.0,55.88,55.64,0.0,0.0
4069,2022-11-24 22:02:58,32500,24.5,1,88,0.0,0.0,0.0,0.197,18.6,22.9,7.95,0.0,55.92,55.68,0.0,0.0
4070,2022-11-24 22:18:00,25187,24.4,1,89,0.0,0.0,0.0,0.197,18.6,22.9,7.95,0.0,55.96,55.72,0.0,0.0
4071,2022-11-24 22:33:03,31521,24.2,1,89,0.0,0.0,0.0,0.197,18.6,22.9,7.95,0.0,55.99,55.75,0.0,0.0
4072,2022-11-24 22:48:06,28670,24.1,2,90,0.0,0.0,0.0,0.197,18.6,22.9,7.95,0.0,56.03,55.79,0.0,0.0
4073,2022-11-24 23:03:09,31915,23.9,1,90,0.0,0.0,0.0,0.197,18.6,22.9,7.95,0.0,56.07,55.83,0.0,0.0
4074,2022-11-24 23:18:12,29947,23.6,0,90,0.0,0.0,0.0,0.197,18.6,22.9,7.95,0.0,56.1,55.86,0.0,0.0
4075,2022-11-24 23:33:15,28997,23.3,0,90,0.0,0.0,0.0,0.197,18.6,22.9,7.95,0.0,56.12,55.88,0.0,0.0
4076,2022-11-24 23:48:18,26258,23.3,1,90,0.0,0.0,0.0,0.197,18.6,22.9,7.95,0.0,56.14,55.9,0.0,0.0
4077,2022-11-25 00:03:25,30874,23.4,0,91,0.0,0.0,0.0,0.197,18.6,20.7,7.95,0.0,56.18,55.94,0.0,0.0
4078,2022-11-25 00:18:27,25110,23.5,0,90,0.0,0.0,0.0,0.197,18.6,20.7,7.95,0.0,56.21,55.97,0.0,0.0
4079,2022-11-25 00:33:30,29532,23.8,0,89,0.0,0.0,0.0,0.197,18.6,20.7,7.95,0.0,56.21,55.97,0.0,0.0
4080,2022-11-25 00:48:33,26260,23.9,0,89,0.0,0.0,0.0,0.197,18.6,20.7,7.95,0.0,56.22,55.98,0.0,0.0
4081,2022-11-25 01:03:36,28572,23.9,0,89,0.0,0.0,0.0,0.197,18.6,20.7,7.95,0.0,56.22,55.98,0.0,0.0
4082,2022-11-25 01:18:39,28597,23.8,0,89,0.0,0.0,0.0,0.197,18.6,20.7,7.95,0.0,56.23,55.99,0.0,0.0
4083,2022-11-25 01:33:41,30012,23.8,0,89,0.0,0.0,0.0,0.197,18.6,20.7,7.95,0.0,56.23,55.99,0.0,0.0
4084,2022-11-25 01:48:43,24000,23.8,0,90,0.0,0.0,0.0,0.197,18.6,20.7,7.95,0.0,56.24,56.0,0.0,0.0
4085,2022-11-25 02:03:45,26622,23.8,0,89,0.0,0.0,0.0,0.197,18.6,20.7,7.95,0.0,56.24,56.0,0.0,0.0
4086,2022-11-25 02:18:48,28929,23.9,0,89,0.0,0.0,0.0,0.197,18.6,20.7,7.95,0.0,56.25,56.01,0.0,0.0
4087,2022-11-25 02:33:50,28664,23.9,0,89,0.0,0.0,0.0,0.197,18.6,20.7,7.95,0.0,56.25,56.01,0.0,0.0
4088,2022-11-25 02:48:53,26846,23.7,0,90,0.0,0.0,0.0,0.197,18.6,20.7,7.95,0.0,56.26,56.02,0.0,0.0
4089,2022-11-25 03:03:56,30012,23.5,0,90,0.0,0.0,0.0,0.197,18.6,20.7,7.95,0.0,56.27,56.03,0.0,0.0
4090,2022-11-25 03:18:59,28673,23.3,0,90,0.0,0.0,0.0,0.197,18.6,20.7,7.95,0.0,56.3,56.06,0.0,0.0
4091,2022-11-25 03:34:02,26553,23.3,1,91,0.0,0.0,0.0,0.197,18.6,20.7,7.95,0.0,56.32,56.09,0.0,0.0
4092,2022-11-25 03:49:05,30179,23.3,1,91,0.0,0.0,0.0,0.197,18.6,20.7,7.95,0.0,56.36,56.12,0.0,0.0
4093,2022-11-25 04:04:08,29373,23.3,1,91,0.0,0.0,0.0,0.197,18.6,20.7,7.95,0.0,56.4,56.16,0.0,0.0
4094,2022-11-25 04:19:15,29638,23.3,1,91,0.0,0.0,0.0,0.197,18.6,20.7,7.95,0.0,56.43,56.19,0.0,0.0
4095,2022-11-25 04:34:17,28369,23.3,0,92,0.0,0.0,0.0,0.197,18.6,20.7,7.95,0.0,56.47,56.23,0.0,0.0
4096,2022-11-25 04:49:20,26280,23.3,1,92,0.0,0.0,0.0,0.197,18.6,20.7,7.95,0.0,56.49,56.26,0.0,0.0
4097,2022-11-25 05:04:23,32169,23.3,1,92,0.0,0.0,0.0,0.197,18.6,20.7,7.95,0.0,56.53,56.29,0.0,0.0
4098,2022-11-25 05:19:26,27783,23.2,0,91,0.0,0.0,0.0,0.197,18.6,20.7,7.95,0.0,56.57,56.33,0.0,0.0
4099,2022-11-25 05:34:29,28711,23.1,1,92,0.0,0.0,0.0,0.197,18.6,20.7,7.95,0.0,56.59,56.35,0.0,0.0
4100,2022-11-25 05:49:31,26329,23.1,1,92,0.0,0.0,0.0,0.197,18.6,20.7,7.95,0.0,56.63,56.39,0.0,0.0
4101,2022-11-25 06:04:34,26971,23.2,1,92,0.0,0.0,0.0,0.197,18.6,20.7,7.95,0.0,56.66,56.43,0.0,0.0
4102,2022-11-25 06:19:35,31191,23.2,1,92,0.0,0.0,0.0,0.197,18.6,20.7,7.95,0.0,56.7,56.46,0.0,0.0
4103,2022-11-25 06:34:38,21914,23.2,1,93,0.0,0.0,0.0,0.197,18.6,20.7,7.95,0.0,56.74,56.5,0.0,0.0
4104,2022-11-25 06:49:40,27417,23.2,1,92,0.0,0.0,0.0,0.197,18.6,20.7,7.95,0.0,56.77,56.53,0.0,0.0
4105,2022-11-25 07:04:43,30258,23.2,1,92,0.0,0.0,0.0,0.197,18.6,20.7,7.95,0.0,56.81,56.57,0.0,0.0
4106,2022-11-25 07:19:46,26441,23.1,1,92,0.0,0.0,0.0,0.197,18.6,20.7,7.95,0.0,56.84,56.6,0.0,0.0
4107,2022-11-25 07:34:49,29207,23.0,1,92,0.0,0.0,0.0,0.197,18.6,20.7,7.95,0.0,56.88,56.64,0.0,0.0
4108,2022-11-25 07:49:52,26392,22.9,0,92,0.0,0.0,0.0,0.197,18.6,20.7,7.95,0.0,56.91,56.68,0.0,0.0
4109,2022-11-25 08:04:55,25605,22.5,1,91,0.0,0.0,0.0,0.197,18.6,20.7,7.95,0.0,56.94,56.7,0.0,0.0
4110,2022-11-25 08:19:58,24040,22.3,0,91,0.0,0.0,0.0,0.197,18.6,20.7,7.95,0.0,56.97,56.74,0.0,0.0
4111,2022-11-25 08:35:05,30673,22.1,1,92,0.0,0.0,0.0,0.197,18.6,20.7,7.95,0.0,56.99,56.75,0.0,0.0
4112,2022-11-25 08:50:07,26039,21.9,1,92,0.0,0.0,0.0,0.197,18.6,20.7,7.95,0.0,57.02,56.79,0.0,0.0
4113,2022-11-25 09:05:10,28927,21.8,1,92,0.0,0.0,0.0,0.197,18.6,20.7,7.95,0.0,57.06,56.82,0.0,0.0
4114,2022-11-25 09:20:13,32127,21.7,1,92,0.0,0.0,0.0,0.197,18.6,20.7,7.95,0.0,57.1,56.86,0.0,0.0
4115,2022-11-25 09:35:16,30355,21.8,0,92,0.0,0.0,0.0,0.197,18.6,20.7,7.95,0.0,57.13,56.89,0.0,0.0
4116,2022-11-25 09:50:19,26133,21.7,1,92,0.0,0.0,0.0,0.197,18.6,20.7,7.95,0.0,57.15,56.91,0.0,0.0
4117,2022-11-25 10:05:21,27380,21.7,1,92,0.0,0.0,0.0,0.197,18.6,20.7,7.95,0.0,57.18,56.94,57.18,0.0
4118,2022-11-25 10:15:23,32736,21.5,0,92,0.0,0.0,0.0,0.197,18.6,20.7,7.95,0.0,57.22,56.98,0.0,0.0
4119,2022-11-25 10:30:24,27766,21.4,0,92,0.0,0.0,0.0,0.197,18.6,20.7,7.95,0.0,57.24,57.0,0.0,0.0
4120,2022-11-25 10:45:27,34149,21.4,1,92,0.0,0.0,0.0,0.197,18.6,20.7,7.95,0.0,57.27,57.03,0.0,0.0
4121,2022-11-25 11:00:30,25097,21.4,5,92,0.0,0.0,0.0,0.197,18.6,20.7,7.95,0.0,57.3,57.06,0.0,0.0
4122,2022-11-25 11:15:35,28382,21.4,15,92,0.0,0.0,0.0,0.197,18.6,20.7,7.95,0.0,57.34,57.1,0.0,0.0
4123,2022-11-25 11:30:35,30007,21.6,42,93,0.0,0.0,0.0,0.197,18.6,20.7,7.95,0.0,57.37,57.13,0.0,0.0
4124,2022-11-25 11:45:38,26543,22.2,70,93,0.0,0.0,0.0,0.197,18.6,20.7,7.95,0.0,57.41,57.17,0.0,0.0
4125,2022-11-25 12:00:41,29002,23.0,96,92,0.0,0.0,0.0,0.197,18.6,20.7,7.95,0.0,57.45,57.21,0.0,0.0
4126,2022-11-25 12:15:44,29469,23.7,151,91,0.0,0.0,0.0,0.197,18.6,20.7,7.95,0.0,57.49,57.26,0.0,0.0
4127,2022-11-25 12:30:47,25872,24.5,201,90,0.0,0.0,0.0,0.197,18.6,20.7,7.95,0.0,57.54,57.3,0.0,0.0
4128,2022-11-25 12:45:54,24698,25.5,265,87,0.0,0.0,0.0,0.197,18.6,20.7,7.95,0.0,57.59,57.35,0.0,0.0
4129,2022-11-25 13:00:56,29289,26.2,310,85,0.0,0.0,0.0,0.197,18.6,20.7,7.95,0.0,57.65,57.41,0.0,0.0
4130,2022-11-25 13:15:59,33779,26.7,365,84,0.0,0.0,0.0,0.197,18.6,20.7,7.95,0.0,57.7,57.46,0.0,0.0
4131,2022-11-25 13:31:02,30730,26.9,425,83,0.0,0.0,0.0,0.197,18.6,20.7,7.95,0.0,57.76,57.52,0.0,0.0
4132,2022-11-25 13:46:05,29285,27.3,401,82,0.0,0.0,0.0,0.197,18.6,20.7,7.95,0.0,57.82,57.58,0.0,0.0
4133,2022-11-25 14:01:08,32289,27.4,420,82,0.0,0.0,0.0,0.197,18.6,20.7,7.95,0.0,57.88,57.64,0.0,0.0
4134,2022-11-25 14:16:11,28329,27.7,389,81,0.0,0.0,0.0,0.197,18.6,20.7,7.95,0.0,57.94,57.71,0.0,0.0
4135,2022-11-25 14:31:14,29137,27.2,155,82,0.0,0.0,0.0,0.197,18.6,20.7,7.95,0.0,58.0,57.76,0.0,0.0
4136,2022-11-25 14:46:15,29646,27.3,363,81,0.0,0.0,0.0,0.197,18.6,20.7,7.95,0.0,58.05,57.81,0.0,0.0
4137,2022-11-25 15:01:18,29975,28.6,626,77,0.0,0.0,0.0,0.197,18.6,20.7,7.95,0.0,58.1,57.87,0.0,0.0
4138,2022-11-25 15:16:20,32222,28.5,479,74,0.0,0.0,0.0,0.197,18.6,20.7,7.95,0.0,58.17,57.93,0.0,0.0
4139,2022-11-25 15:31:22,31553,28.4,515,75,0.0,0.0,0.0,0.197,18.6,20.7,7.95,0.0,58.23,57.99,0.0,0.0
4140,2022-11-25 15:46:25,30929,28.9,751,74,0.0,0.0,0.0,0.197,18.6,20.7,7.95,0.0,58.3,58.06,0.0,0.0
4141,2022-11-25 16:01:28,28114,29.2,714,72,0.0,0.0,0.0,0.197,18.6,20.7,7.95,0.0,58.36,58.12,0.0,0.0
4142,2022-11-25 16:16:31,31271,29.5,738,70,0.0,0.0,0.0,0.197,18.6,20.7,7.95,0.0,58.43,58.19,0.0,0.0
4143,2022-11-25 16:31:34,25211,28.8,234,72,0.0,0.0,0.0,0.197,18.6,20.7,7.95,0.0,58.5,58.26,0.0,0.0
4144,2022-11-25 16:46:37,33278,28.9,272,71,0.0,0.0,0.0,0.197,18.6,20.7,7.95,0.0,58.55,58.31,0.0,0.0
4145,2022-11-25 17:01:40,28201,29.4,543,69,0.0,0.0,0.0,0.197,18.6,20.7,7.95,0.0,58.6,58.36,0.0,0.0
4146,2022-11-25 17:16:47,26139,29.1,453,69,0.0,0.0,0.0,0.197,18.6,20.7,7.95,0.0,58.66,58.42,0.0,0.0
4147,2022-11-25 17:31:49,24505,29.3,469,70,0.0,0.0,0.0,0.197,18.6,20.7,7.95,0.0,58.72,58.48,0.0,0.0
4148,2022-11-25 17:46:52,24804,29.3,483,70,0.0,0.0,0.0,0.197,18.6,20.7,7.95,0.0,58.78,58.54,0.0,0.0
4149,2022-11-25 18:01:55,24910,29.6,508,69,0.0,0.0,0.0,0.197,18.6,20.7,7.95,0.0,58.84,58.6,0.0,0.0
4150,2022-11-25 18:16:58,27416,29.8,560,68,0.0,0.0,0.0,0.197,18.6,20.7,7.95,0.0,58.9,58.67,0.0,0.0
4151,2022-11-25 18:32:01,28776,30.0,477,67,0.0,0.0,0.0,0.197,18.6,20.7,7.95,0.0,58.97,58.73,0.0,0.0
4152,2022-11-25 18:47:04,27756,29.7,411,68,0.0,0.0,0.0,0.197,18.6,20.7,7.95,0.0,59.03,58.79,0.0,0.0
4153,2022-11-25 19:02:06,25443,29.7,427,68,0.0,0.0,0.0,0.197,18.6,20.7,7.95,0.0,59.09,58.85,0.0,0.0
4154,2022-11-25 19:17:08,25558,29.9,422,68,0.0,0.0,0.0,0.197,18.6,20.7,7.95,0.0,59.15,58.91,0.0,0.0
4155,2022-11-25 19:32:11,25277,29.8,324,67,0.0,0.0,0.0,0.197,18.6,20.7,7.95,0.0,59.2,58.97,0.0,0.0
4156,2022-11-25 19:47:13,30956,29.9,300,67,0.0,0.0,0.0,0.197,18.6,20.7,7.95,0.0,59.26,59.02,0.0,0.0
4157,2022-11-25 20:02:15,29669,29.8,248,68,0.0,0.0,0.0,0.197,18.6,20.7,7.95,0.0,59.31,59.07,0.0,0.0
4158,2022-11-25 20:17:18,25248,29.7,199,69,0.0,0.0,0.0,0.197,18.6,20.7,7.95,0.0,59.36,59.12,0.0,0.0
4159,2022-11-25 20:32:21,32844,28.9,47,72,0.0,0.0,0.0,0.197,18.6,20.7,7.95,0.0,59.41,59.17,0.0,0.0
4160,2022-11-25 20:47:24,27239,28.5,41,74,0.0,0.0,0.0,0.197,18.6,20.7,7.95,0.0,59.44,59.21,0.0,0.0
4161,2022-11-25 21:02:27,28960,28.5,48,74,0.0,0.0,0.0,0.197,18.6,20.7,7.95,0.0,59.48,59.24,0.0,0.0
4162,2022-11-25 21:17:30,26934,28.7,18,75,0.0,0.0,0.0,0.197,18.6,20.7,7.95,0.0,59.52,59.28,0.0,0.0
4163,2022-11-25 21:32:33,29536,28.4,9,77,0.0,0.0,0.0,0.197,18.6,20.7,7.95,0.0,59.55,59.31,0.0,0.0
4164,2022-11-25 21:47:40,25365,28.3,0,79,0.0,0.0,0.0,0.197,18.6,20.7,7.95,0.0,59.58,59.34,0.0,0.0
4165,2022-11-25 22:02:42,32717,27.6,0,81,0.0,0.0,0.0,0.197,18.6,20.7,7.95,0.0,59.6,59.36,0.0,0.0
4166,2022-11-25 22:17:45,30209,27.0,0,81,0.0,0.0,0.0,0.197,18.6,20.7,7.95,0.0,59.6,59.36,0.0,0.0
4167,2022-11-25 22:32:48,26719,26.3,0,84,0.0,0.0,0.0,0.197,18.6,20.7,7.95,0.0,59.6,59.37,0.0,0.0
4168,2022-11-25 22:47:51,29839,25.7,0,85,0.0,0.0,0.0,0.197,18.6,20.7,7.95,0.0,59.61,59.37,0.0,0.0
4169,2022-11-25 23:02:54,27768,25.3,1,87,0.0,0.0,0.0,0.197,18.6,20.7,7.95,0.0,59.61,59.37,0.0,0.0
4170,2022-11-25 23:17:56,33515,24.9,1,88,0.0,0.0,0.0,0.197,18.6,20.7,7.95,0.0,59.65,59.41,0.0,0.0
4171,2022-11-25 23:32:59,33553,24.4,0,88,0.0,0.0,0.0,0.197,18.6,20.7,7.95,0.0,59.68,59.44,0.0,0.0
4172,2022-11-25 23:48:00,35880,24.2,0,89,0.0,0.0,0.0,0.197,18.6,20.7,7.95,0.0,59.69,59.45,0.0,0.0
4173,2022-11-26 00:03:03,28412,24.1,1,89,0.0,0.0,0.0,0.197,18.6,18.1,7.95,0.0,59.69,59.46,0.0,0.0
4174,2022-11-26 00:18:05,29540,23.8,1,90,0.0,0.0,0.0,0.197,18.6,18.1,7.95,0.0,59.73,59.49,0.0,0.0
4175,2022-11-26 00:33:08,29745,23.6,0,90,0.0,0.0,0.0,0.197,18.6,18.1,7.95,0.0,59.75,59.51,0.0,0.0
4176,2022-11-26 00:48:11,26198,23.3,0,90,0.0,0.0,0.0,0.197,18.6,18.1,7.95,0.0,59.76,59.52,0.0,0.0
4177,2022-11-26 01:03:14,30851,23.2,0,91,0.0,0.0,0.0,0.197,18.6,18.1,7.95,0.0,59.79,59.55,0.0,0.0
4178,2022-11-26 01:18:17,30190,23.1,0,91,0.0,0.0,0.0,0.197,18.6,18.1,7.95,0.0,59.8,59.56,0.0,0.0
4179,2022-11-26 01:33:20,30708,23.0,1,91,0.0,0.0,0.0,0.197,18.6,18.1,7.95,0.0,59.82,59.58,0.0,0.0
4180,2022-11-26 01:48:23,30884,22.8,0,91,0.0,0.0,0.0,0.197,18.6,18.1,7.95,0.0,59.84,59.61,0.0,0.0
4181,2022-11-26 02:03:30,31382,22.9,0,92,0.0,0.0,0.0,0.197,18.6,18.1,7.95,0.0,59.87,59.63,0.0,0.0
4182,2022-11-26 02:18:32,27297,23.2,0,92,0.0,0.0,0.0,0.197,18.6,18.1,7.95,0.0,59.89,59.65,0.0,0.0
4183,2022-11-26 02:33:35,30899,23.0,0,92,0.0,0.0,0.0,0.197,18.6,18.1,7.95,0.0,59.9,59.67,0.0,0.0
4184,2022-11-26 02:48:38,33296,23.0,0,92,0.0,0.0,0.0,0.197,18.6,18.1,7.95,0.0,59.91,59.67,0.0,0.0
4185,2022-11-26 03:03:41,26471,23.0,0,91,0.0,0.0,0.0,0.197,18.6,18.1,7.95,0.0,59.91,59.67,0.0,0.0
4186,2022-11-26 03:18:44,29995,22.9,0,91,0.0,0.0,0.0,0.197,18.6,18.1,7.95,0.0,59.92,59.68,0.0,0.0
4187,2022-11-26 03:33:47,29837,22.8,0,91,0.0,0.0,0.0,0.197,18.6,18.1,7.95,0.0,59.92,59.68,0.0,0.0
4188,2022-11-26 03:48:49,31249,22.7,0,91,0.0,0.0,0.0,0.197,18.6,18.1,7.95,0.0,59.92,59.69,0.0,0.0
4189,2022-11-26 04:03:50,29137,22.7,0,91,0.0,0.0,0.0,0.197,18.6,18.1,7.95,0.0,59.94,59.7,0.0,0.0
4190,2022-11-26 04:18:53,32757,22.9,0,90,0.0,0.0,0.0,0.197,18.6,18.1,7.95,0.0,59.94,59.7,0.0,0.0
4191,2022-11-26 04:33:56,28086,22.9,0,90,0.0,0.0,0.0,0.197,18.6,18.1,7.95,0.0,59.95,59.71,0.0,0.0
4192,2022-11-26 04:48:58,31036,22.8,0,90,0.0,0.0,0.0,0.197,18.6,18.1,7.95,0.0,59.95,59.71,0.0,0.0
4193,2022-11-26 05:04:01,31096,22.6,0,90,0.0,0.0,0.0,0.197,18.6,18.1,7.95,0.0,59.95,59.72,0.0,0.0
4194,2022-11-26 05:19:04,31067,22.5,0,90,0.0,0.0,0.0,0.197,18.6,18.1,7.95,0.0,59.96,59.72,0.0,0.0
4195,2022-11-26 05:34:07,28438,22.2,0,91,0.0,0.0,0.0,0.197,18.6,18.1,7.95,0.0,59.98,59.74,0.0,0.0
4196,2022-11-26 05:49:10,30396,21.9,0,91,0.0,0.0,0.0,0.197,18.6,18.1,7.95,0.0,59.99,59.76,0.0,0.0
4197,2022-11-26 06:04:13,22418,21.8,0,91,0.0,0.0,0.0,0.197,18.6,18.1,7.95,0.0,60.0,59.76,0.0,0.0
4198,2022-11-26 06:19:20,31533,21.8,0,92,0.0,0.0,0.0,0.197,18.6,18.1,7.95,0.0,60.01,59.77,0.0,0.0
4199,2022-11-26 06:34:22,32039,21.8,0,92,0.0,0.0,0.0,0.197,18.6,18.1,7.95,0.0,60.03,59.8,0.0,0.0
4200,2022-11-26 06:49:25,29583,21.9,0,92,0.0,0.0,0.0,0.197,18.6,18.1,7.95,0.0,60.05,59.81,0.0,0.0
4201,2022-11-26 07:04:28,31036,22.1,0,91,0.0,0.0,0.0,0.197,18.6,18.1,7.95,0.0,60.06,59.82,0.0,0.0
4202,2022-11-26 07:19:31,27978,22.2,0,91,0.0,0.0,0.0,0.197,18.6,18.1,7.95,0.0,60.06,59.83,0.0,0.0
4203,2022-11-26 07:34:34,29803,22.2,0,91,0.0,0.0,0.0,0.197,18.6,18.1,7.95,0.0,60.07,59.83,0.0,0.0
4204,2022-11-26 07:49:36,28165,22.3,0,91,0.0,0.0,0.0,0.197,18.6,18.1,7.95,0.0,60.07,59.83,0.0,0.0
4205,2022-11-26 08:04:39,33502,22.3,0,91,0.0,0.0,0.0,0.197,18.6,18.1,7.95,0.0,60.08,59.84,0.0,0.0
4206,2022-11-26 08:19:40,29555,22.3,0,90,0.0,0.0,0.0,0.197,18.6,18.1,7.95,0.0,60.08,59.84,0.0,0.0
4207,2022-11-26 08:34:43,32072,22.0,0,91,0.0,0.0,0.0,0.197,18.6,18.1,7.95,0.0,60.08,59.85,0.0,0.0
4208,2022-11-26 08:49:46,35883,21.8,0,91,0.0,0.0,0.0,0.197,18.6,18.1,7.95,0.0,60.09,59.85,0.0,0.0
4209,2022-11-26 09:04:48,26632,21.8,1,91,0.0,0.0,0.0,0.197,18.6,18.1,7.95,0.0,60.09,59.86,0.0,0.0
4210,2022-11-26 09:19:51,32901,21.8,0,92,0.0,0.0,0.0,0.197,18.6,18.1,7.95,0.0,60.12,59.89,0.0,0.0
4211,2022-11-26 09:34:54,31062,21.7,0,92,0.0,0.0,0.0,0.197,18.6,18.1,7.95,0.0,60.13,59.89,0.0,0.0
4212,2022-11-26 09:49:57,31797,21.7,0,92,0.0,0.0,0.0,0.197,18.6,18.1,7.95,0.0,60.13,59.9,0.0,0.0
4213,2022-11-26 10:05:00,32455,21.8,0,92,0.0,0.0,0.0,0.197,18.6,18.1,7.95,0.0,60.14,59.9,60.14,0.0
4214,2022-11-26 10:20:03,33597,21.8,0,92,0.0,0.0,0.0,0.197,18.6,18.1,7.95,0.0,60.14,59.9,0.0,0.0
4215,2022-11-26 10:35:10,29588,21.6,0,92,0.0,0.0,0.0,0.197,18.6,18.1,7.95,0.0,60.15,59.92,0.0,0.0
4216,2022-11-26 10:50:12,29837,21.2,0,92,0.0,0.0,0.0,0.197,18.6,18.1,7.95,0.0,60.16,59.92,0.0,0.0
4217,2022-11-26 11:05:15,28163,21.0,5,92,0.0,0.0,0.0,0.197,18.6,18.1,7.95,0.0,60.17,59.93,0.0,0.0
4218,2022-11-26 11:20:18,32787,21.1,16,92,0.0,0.0,0.0,0.197,18.6,18.1,7.95,0.0,60.2,59.97,0.0,0.0
4219,2022-11-26 11:35:21,28895,21.5,43,93,0.0,0.0,0.0,0.197,18.6,18.1,7.95,0.0,60.23,60.0,0.0,0.0
4220,2022-11-26 11:50:24,26636,22.0,69,92,0.0,0.0,0.0,0.197,18.6,18.1,7.95,0.0,60.27,60.03,0.0,0.0
4221,2022-11-26 12:05:27,25644,22.6,118,91,0.0,0.0,0.0,0.197,18.6,18.1,7.95,0.0,60.31,60.07,0.0,0.0
4222,2022-11-26 12:20:30,29378,23.3,178,89,0.0,0.0,0.0,0.197,18.6,18.1,7.95,0.0,60.35,60.11,0.0,0.0
4223,2022-11-26 12:35:31,31070,23.9,211,88,0.0,0.0,0.0,0.197,18.6,18.1,7.95,0.0,60.39,60.15,0.0,0.0
4224,2022-11-26 12:50:33,28802,24.4,266,87,0.0,0.0,0.0,0.197,18.6,18.1,7.95,0.0,60.43,60.2,0.0,0.0
4225,2022-11-26 13:05:36,28740,24.1,265,88,0.0,0.0,0.0,0.197,18.6,18.1,7.95,0.0,60.48,60.25,0.0,0.0
4226,2022-11-26 13:20:38,28236,23.9,271,89,0.0,0.0,0.0,0.197,18.6,18.1,7.95,0.0,60.53,60.3,0.0,0.0
4227,2022-11-26 13:35:41,26990,24.4,397,88,0.0,0.0,0.0,0.197,18.6,18.1,7.95,0.0,60.58,60.35,0.0,0.0
4228,2022-11-26 13:50:44,28818,25.5,446,86,0.0,0.0,0.0,0.197,18.6,18.1,7.95,0.0,60.64,60.4,0.0,0.0
4229,2022-11-26 14:05:47,27553,26.2,386,84,0.0,0.0,0.0,0.197,18.6,18.1,7.95,0.0,60.69,60.46,0.0,0.0
4230,2022-11-26 14:20:50,30685,26.3,511,84,0.0,0.0,0.0,0.197,18.6,18.1,7.95,0.0,60.75,60.51,0.0,0.0
4231,2022-11-26 14:35:53,31066,26.2,534,84,0.0,0.0,0.0,0.197,18.6,18.1,7.95,0.0,60.8,60.57,0.0,0.0
4232,2022-11-26 14:51:00,31748,26.8,573,83,0.0,0.0,0.0,0.197,18.6,18.1,7.95,0.0,60.86,60.63,0.0,0.0
4233,2022-11-26 15:06:02,31636,26.6,601,84,0.0,0.0,0.0,0.197,18.6,18.1,7.95,0.0,60.92,60.69,0.0,0.0
4234,2022-11-26 15:21:05,32274,26.4,627,84,0.0,0.0,0.0,0.197,18.6,18.1,7.95,0.0,60.98,60.75,0.0,0.0
4235,2022-11-26 15:36:08,34137,26.7,645,83,0.0,0.0,0.0,0.197,18.6,18.1,7.95,0.0,61.04,60.81,0.0,0.0
4236,2022-11-26 15:51:11,31637,26.5,612,83,0.0,0.0,0.0,0.197,18.6,18.1,7.95,0.0,61.1,60.87,0.0,0.0
4237,2022-11-26 16:06:14,31588,27.1,667,83,0.0,0.0,0.0,0.197,18.6,18.1,7.95,0.0,61.16,60.93,0.0,0.0
4238,2022-11-26 16:21:17,30801,27.8,641,81,0.0,0.0,0.0,0.197,18.6,18.1,7.95,0.0,61.22,60.99,0.0,0.0
4239,2022-11-26 16:36:20,29677,28.3,650,80,0.0,0.0,0.0,0.197,18.6,18.1,7.95,0.0,61.28,61.05,0.0,0.0
4240,2022-11-26 16:51:22,29169,28.3,612,80,0.0,0.0,0.0,0.197,18.6,18.1,7.95,0.0,61.34,61.11,0.0,0.0
4241,2022-11-26 17:06:24,31005,28.1,617,79,0.0,0.0,0.0,0.197,18.6,18.1,7.95,0.0,61.4,61.17,0.0,0.0
4242,2022-11-26 17:21:26,34723,28.3,635,79,0.0,0.0,0.0,0.197,18.6,18.1,7.95,0.0,61.46,61.22,0.0,0.0
4243,2022-11-26 17:36:29,31184,28.9,611,78,0.0,0.0,0.0,0.197,18.6,18.1,7.95,0.0,61.51,61.28,0.0,0.0
4244,2022-11-26 17:51:31,30556,28.2,580,78,0.0,0.0,0.0,0.197,18.6,18.1,7.95,0.0,61.57,61.34,0.0,0.0
4245,2022-11-26 18:06:34,29615,27.7,559,80,0.0,0.0,0.0,0.197,18.6,18.1,7.95,0.0,61.63,61.4,0.0,0.0
4246,2022-11-26 18:21:37,29474,27.7,520,80,0.0,0.0,0.0,0.197,18.6,18.1,7.95,0.0,61.69,61.46,0.0,0.0
4247,2022-11-26 18:36:40,29659,27.6,472,80,0.0,0.0,0.0,0.197,18.6,18.1,7.95,0.0,61.74,61.51,0.0,0.0
4248,2022-11-26 18:51:43,28094,27.7,453,80,0.0,0.0,0.0,0.197,18.6,18.1,7.95,0.0,61.8,61.57,0.0,0.0
4249,2022-11-26 19:06:46,29141,27.6,412,80,0.0,0.0,0.0,0.197,18.6,18.1,7.95,0.0,61.85,61.62,0.0,0.0
4250,2022-11-26 19:21:53,32646,27.4,381,81,0.0,0.0,0.0,0.197,18.6,18.1,7.95,0.0,61.9,61.68,0.0,0.0
4251,2022-11-26 19:36:55,28709,27.3,309,82,0.0,0.0,0.0,0.197,18.6,18.1,7.95,0.0,61.96,61.73,0.0,0.0
4252,2022-11-26 19:51:58,29741,27.3,275,82,0.0,0.0,0.0,0.197,18.6,18.1,7.95,0.0,62.0,61.78,0.0,0.0
4253,2022-11-26 20:07:01,29930,27.1,130,82,0.0,0.0,0.0,0.197,18.6,18.1,7.95,0.0,62.05,61.82,0.0,0.0
4254,2022-11-26 20:22:04,31206,27.0,130,83,0.0,0.0,0.0,0.197,18.6,18.1,7.95,0.0,62.09,61.86,0.0,0.0
4255,2022-11-26 20:37:07,31284,26.8,110,83,0.0,0.0,0.0,0.197,18.6,18.1,7.95,0.0,62.13,61.9,0.0,0.0
4256,2022-11-26 20:52:10,32248,26.9,83,82,0.0,0.0,0.0,0.197,18.6,18.1,7.95,0.0,62.16,61.94,0.0,0.0
4257,2022-11-26 21:07:13,29919,26.7,40,82,0.0,0.0,0.0,0.197,18.6,18.1,7.95,0.0,62.2,61.97,0.0,0.0
4258,2022-11-26 21:22:14,28533,26.2,18,83,0.0,0.0,0.0,0.197,18.6,18.1,7.95,0.0,62.23,62.0,0.0,0.0
4259,2022-11-26 21:37:17,26442,25.9,8,84,0.0,0.0,0.0,0.197,18.6,18.1,7.95,0.0,62.26,62.03,0.0,0.0
4260,2022-11-26 21:52:19,26826,25.7,2,85,0.0,0.0,0.0,0.197,18.6,18.1,7.95,0.0,62.29,62.06,0.0,0.0
4261,2022-11-26 22:07:21,30316,25.6,0,85,0.0,0.0,0.0,0.197,18.6,18.1,7.95,0.0,62.32,62.09,0.0,0.0
4262,2022-11-26 22:22:24,31544,25.5,0,86,0.0,0.0,0.0,0.197,18.6,18.1,7.95,0.0,62.32,62.1,0.0,0.0
4263,2022-11-26 22:37:27,30053,25.4,0,86,0.0,0.0,0.0,0.197,18.6,18.1,7.95,0.0,62.33,62.1,0.0,0.0
4264,2022-11-26 22:52:30,31471,25.4,1,86,0.0,0.0,0.0,0.197,18.6,18.1,7.95,0.0,62.33,62.1,0.0,0.0
4265,2022-11-26 23:07:33,32404,25.5,0,87,0.0,0.0,0.0,0.197,18.6,18.1,7.95,0.0,62.36,62.13,0.0,0.0
4266,2022-11-26 23:22:36,34592,25.5,0,86,0.0,0.0,0.0,0.197,18.6,18.1,7.95,0.0,62.36,62.13,0.0,0.0
4267,2022-11-26 23:37:40,28067,25.6,0,86,0.0,0.0,0.0,0.197,18.6,18.1,7.95,0.0,62.38,62.16,0.0,0.0
4268,2022-11-26 23:52:46,28960,25.5,0,86,0.0,0.0,0.0,0.197,18.6,18.3,7.95,0.0,62.38,62.16,0.0,0.0
4269,2022-11-27 00:07:49,32303,25.5,0,87,0.0,0.0,0.0,0.197,18.6,18.8,7.95,0.0,62.39,62.16,0.0,0.0
4270,2022-11-27 00:22:51,29325,25.5,0,87,0.0,0.0,0.0,0.197,18.6,18.8,7.95,0.0,62.4,62.17,0.0,0.0
4271,2022-11-27 00:37:54,34279,25.5,0,86,0.0,0.0,0.0,0.197,18.6,18.8,7.95,0.0,62.4,62.18,0.0,0.0
4272,2022-11-27 00:52:57,29668,25.5,0,87,0.0,0.0,0.0,0.197,18.6,18.8,7.95,0.0,62.42,62.2,0.0,0.0
4273,2022-11-27 01:08:00,32150,25.4,0,87,0.0,0.0,0.0,0.197,18.6,18.8,7.95,0.0,62.43,62.2,0.0,0.0
4274,2022-11-27 01:23:02,36185,25.4,0,87,0.0,0.0,0.0,0.197,18.6,18.8,7.95,0.0,62.43,62.2,0.0,0.0
4275,2022-11-27 01:38:05,31381,25.3,0,87,0.0,0.0,0.0,0.197,18.6,18.8,7.95,0.0,62.43,62.21,0.0,0.0
4276,2022-11-27 01:53:06,32629,25.2,0,88,0.0,0.0,0.0,0.197,18.6,18.8,7.95,0.0,62.44,62.21,0.0,0.0
4277,2022-11-27 02:08:09,27459,25.1,0,88,0.0,0.0,0.0,0.197,18.6,18.8,7.95,0.0,62.45,62.22,0.0,0.0
4278,2022-11-27 02:23:11,32019,25.0,1,88,0.0,0.0,0.0,0.197,18.6,18.8,7.95,0.0,62.45,62.23,0.0,0.0
4279,2022-11-27 02:38:14,33837,25.1,1,88,0.0,0.0,0.0,0.197,18.6,18.8,7.95,0.0,62.48,62.26,0.0,0.0
4280,2022-11-27 02:53:17,29872,25.2,0,88,0.0,0.0,0.0,0.197,18.6,18.8,7.95,0.0,62.51,62.28,0.0,0.0
4281,2022-11-27 03:08:20,30409,25.1,0,88,0.0,0.0,0.0,0.197,18.6,18.8,7.95,0.0,62.52,62.3,0.0,0.0
4282,2022-11-27 03:23:23,32268,25.0,0,88,0.0,0.0,0.0,0.197,18.6,18.8,7.95,0.0,62.54,62.32,0.0,0.0
4283,2022-11-27 03:38:26,33944,24.8,0,89,0.0,0.0,0.0,0.197,18.6,18.8,7.95,0.0,62.55,62.33,0.0,0.0
4284,2022-11-27 03:53:29,33363,24.6,0,89,0.0,0.0,0.0,0.197,18.6,18.8,7.95,0.0,62.57,62.35,0.0,0.0
4285,2022-11-27 04:08:36,33902,24.5,1,89,0.0,0.0,0.0,0.197,18.6,18.8,7.95,0.0,62.59,62.36,0.0,0.0
4286,2022-11-27 04:23:38,28142,24.5,0,89,0.0,0.0,0.0,0.197,18.6,18.8,7.95,0.0,62.61,62.39,0.0,0.0
4287,2022-11-27 04:38:41,27458,24.3,0,89,0.0,0.0,0.0,0.197,18.6,18.8,7.95,0.0,62.63,62.4,0.0,0.0
4288,2022-11-27 04:53:44,29569,24.2,0,89,0.0,0.0,0.0,0.197,18.6,18.8,7.95,0.0,62.65,62.42,0.0,0.0
4289,2022-11-27 05:08:47,29882,24.1,0,89,0.0,0.0,0.0,0.197,18.6,18.8,7.95,0.0,62.67,62.44,0.0,0.0
4290,2022-11-27 05:18:49,28728,24.1,1,89,0.0,0.0,0.0,0.197,18.6,18.8,7.95,0.0,62.68,62.45,0.0,0.0
4291,2022-11-27 05:33:52,33339,24.1,0,88,0.0,0.0,0.0,0.197,18.6,18.8,7.95,0.0,62.72,62.49,0.0,0.0
4292,2022-11-27 05:48:54,32380,24.1,1,88,0.0,0.0,0.0,0.197,18.6,18.8,7.95,0.0,62.74,62.51,0.0,0.0
4293,2022-11-27 06:03:55,33999,23.9,0,88,0.0,0.0,0.0,0.197,18.6,18.8,7.95,0.0,62.76,62.54,0.0,0.0
4294,2022-11-27 06:18:58,32959,23.8,0,89,0.0,0.0,0.0,0.197,18.6,18.8,7.95,0.0,62.78,62.55,0.0,0.0
4295,2022-11-27 06:34:01,32909,23.6,0,89,0.0,0.0,0.0,0.197,18.6,18.8,7.95,0.0,62.78,62.55,0.0,0.0
4296,2022-11-27 06:49:03,24812,23.6,0,90,0.0,0.0,0.0,0.197,18.6,18.8,7.95,0.0,62.78,62.56,0.0,0.0
4297,2022-11-27 07:04:06,37538,23.5,0,90,0.0,0.0,0.0,0.197,18.6,18.8,7.95,0.0,62.79,62.56,0.0,0.0
4298,2022-11-27 07:19:09,28416,23.4,0,90,0.0,0.0,0.0,0.197,18.6,18.8,7.95,0.0,62.79,62.56,0.0,0.0
4299,2022-11-27 07:34:12,33058,23.4,0,90,0.0,0.0,0.0,0.197,18.6,18.8,7.95,0.0,62.79,62.57,0.0,0.0
4300,2022-11-27 07:49:15,31674,23.4,0,90,0.0,0.0,0.0,0.197,18.6,18.8,7.95,0.0,62.8,62.57,0.0,0.0
4301,2022-11-27 08:04:18,34716,23.3,0,90,0.0,0.0,0.0,0.197,18.6,18.8,7.95,0.0,62.8,62.57,0.0,0.0
4302,2022-11-27 08:19:25,31334,23.2,0,91,0.0,0.0,0.0,0.197,18.6,18.8,7.95,0.0,62.8,62.58,0.0,0.0
4303,2022-11-27 08:34:27,30548,23.0,0,91,0.0,0.0,0.0,0.197,18.6,18.8,7.95,0.0,62.81,62.58,0.0,0.0
4304,2022-11-27 08:49:30,31577,22.9,0,91,0.0,0.0,0.0,0.197,18.6,18.8,7.95,0.0,62.81,62.58,0.0,0.0
4305,2022-11-27 09:04:33,29289,22.8,0,92,0.0,0.0,0.0,0.197,18.6,18.8,7.95,0.0,62.81,62.59,0.0,0.0
4306,2022-11-27 09:19:36,31768,22.7,0,92,0.0,0.0,0.0,0.197,18.6,18.8,7.95,0.0,62.82,62.59,0.0,0.0
4307,2022-11-27 09:34:39,34047,22.5,0,92,0.0,0.0,0.0,0.197,18.6,18.8,7.95,0.0,62.82,62.59,0.0,0.0
4308,2022-11-27 09:49:42,34424,22.3,0,92,0.0,0.0,0.0,0.197,18.6,18.8,7.95,0.0,62.82,62.6,0.0,0.0
4309,2022-11-27 10:04:44,25339,22.3,0,93,0.0,0.0,0.0,0.197,18.6,18.8,7.95,0.0,62.83,62.6,62.83,62.83
4310,2022-11-27 10:19:45,32335,22.3,0,93,0.0,0.0,0.0,0.197,18.6,18.8,7.95,0.0,62.83,62.6,0.0,0.0
4311,2022-11-27 10:34:48,35178,22.2,0,93,0.0,0.0,0.0,0.197,18.6,18.8,7.95,0.0,62.83,62.61,0.0,0.0
4312,2022-11-27 10:49:51,28708,22.2,0,93,0.0,0.0,0.0,0.197,18.6,18.8,7.95,0.0,62.84,62.61,0.0,0.0
4313,2022-11-27 11:04:53,32922,22.2,1,93,0.0,0.0,0.0,0.197,18.6,18.8,7.95,0.0,62.85,62.62,0.0,0.0
4314,2022-11-27 11:14:55,29968,22.1,10,93,0.0,0.0,0.0,0.197,18.6,18.8,7.95,0.0,62.87,62.65,0.0,0.0
4315,2022-11-27 11:30:01,32801,22.2,38,93,0.0,0.0,0.0,0.197,18.6,18.8,7.95,0.0,62.9,62.68,0.0,0.0
4316,2022-11-27 11:45:01,30145,22.5,73,92,0.0,0.0,0.0,0.197,18.6,18.8,7.95,0.0,62.93,62.71,0.0,0.0
4317,2022-11-27 12:00:04,29603,23.0,108,91,0.0,0.0,0.0,0.197,18.6,18.8,7.95,0.0,62.97,62.74,0.0,0.0
4318,2022-11-27 12:15:07,26140,23.6,182,89,0.0,0.0,0.0,0.197,18.6,18.8,7.95,0.0,63.0,62.78,0.0,0.0
4319,2022-11-27 12:30:14,33994,24.3,213,88,0.0,0.0,0.0,0.197,18.6,18.8,7.95,0.0,63.04,62.82,0.0,0.0
4320,2022-11-27 12:45:16,32732,24.8,236,87,0.0,0.0,0.0,0.197,18.6,18.8,7.95,0.0,63.08,62.86,0.0,0.0
4321,2022-11-27 13:00:19,32770,25.4,254,86,0.0,0.0,0.0,0.197,18.6,18.8,7.95,0.0,63.13,62.9,0.0,0.0
4322,2022-11-27 13:15:22,34906,25.7,328,85,0.0,0.0,0.0,0.197,18.6,18.8,7.95,0.0,63.17,62.95,0.0,0.0
4323,2022-11-27 13:30:25,29988,26.1,363,85,0.0,0.0,0.0,0.197,18.6,18.8,7.95,0.0,63.22,63.0,0.0,0.0
4324,2022-11-27 13:45:28,32278,26.7,427,83,0.0,0.0,0.0,0.197,18.6,18.8,7.95,0.0,63.27,63.04,0.0,0.0
4325,2022-11-27 14:00:31,32152,27.2,496,81,0.0,0.0,0.0,0.197,18.6,18.8,7.95,0.0,63.32,63.09,0.0,0.0
4326,2022-11-27 14:15:34,31318,27.4,572,80,0.0,0.0,0.0,0.197,18.6,18.8,7.95,0.0,63.37,63.15,0.0,0.0
4327,2022-11-27 14:30:35,33287,27.7,494,79,0.0,0.0,0.0,0.197,18.6,18.8,7.95,0.0,63.42,63.2,0.0,0.0
4328,2022-11-27 14:45:38,32803,27.3,354,79,0.0,0.0,0.0,0.197,18.6,18.8,7.95,0.0,63.47,63.25,0.0,0.0
4329,2022-11-27 15:00:40,26776,26.9,347,79,0.0,0.0,0.0,0.197,18.6,18.8,7.95,0.0,63.52,63.3,0.0,0.0
4330,2022-11-27 15:15:42,30490,27.7,280,77,0.0,0.0,0.0,0.197,18.6,18.8,7.95,0.0,63.56,63.34,0.0,0.0
4331,2022-11-27 15:30:45,28844,27.9,712,76,0.0,0.0,0.0,0.197,18.6,18.8,7.95,0.0,63.6,63.38,0.0,0.0
4332,2022-11-27 15:45:48,27841,27.4,373,76,0.0,0.0,0.0,0.197,18.6,18.8,7.95,0.0,63.66,63.44,0.0,0.0
4333,2022-11-27 16:00:51,31118,28.4,630,74,0.0,0.0,0.0,0.197,18.6,18.8,7.95,0.0,63.7,63.48,0.0,0.0
4334,2022-11-27 16:15:54,33135,28.1,208,75,0.0,0.0,0.0,0.197,18.6,18.8,7.95,0.0,63.76,63.54,0.0,0.0
4335,2022-11-27 16:30:57,28742,28.4,385,73,0.0,0.0,0.0,0.197,18.6,18.8,7.95,0.0,63.8,63.58,0.0,0.0
4336,2022-11-27 16:46:00,32748,29.0,793,72,0.0,0.0,0.0,0.197,18.6,18.8,7.95,0.0,63.84,63.62,0.0,0.0
4337,2022-11-27 17:01:07,32786,29.0,632,70,0.0,0.0,0.0,0.197,18.6,18.8,7.95,0.0,63.9,63.68,0.0,0.0
4338,2022-11-27 17:16:09,32045,29.0,540,72,0.0,0.0,0.0,0.197,18.6,18.8,7.95,0.0,63.95,63.73,0.0,0.0
4339,2022-11-27 17:31:12,29381,29.0,516,71,0.0,0.0,0.0,0.197,18.6,18.8,7.95,0.0,64.0,63.78,0.0,0.0
4340,2022-11-27 17:46:15,27069,29.4,627,69,0.0,0.0,0.0,0.197,18.6,18.8,7.95,0.0,64.05,63.83,0.0,0.0
4341,2022-11-27 18:01:18,28523,29.4,503,69,0.0,0.0,0.0,0.197,18.6,18.8,7.95,0.0,64.1,63.88,0.0,0.0
4342,2022-11-27 18:16:21,34384,29.0,359,71,0.0,0.0,0.0,0.197,18.6,18.8,7.95,0.0,64.15,63.93,0.0,0.0
4343,2022-11-27 18:31:24,31432,29.0,172,72,0.0,0.0,0.0,0.197,18.6,18.8,7.95,0.0,64.19,63.98,0.0,0.0
4344,2022-11-27 18:46:27,33124,28.9,395,71,0.0,0.0,0.0,0.197,18.6,18.8,7.95,0.0,64.23,64.01,0.0,0.0
4345,2022-11-27 19:01:28,27976,29.1,301,71,0.0,0.0,0.0,0.197,18.6,18.8,7.95,0.0,64.28,64.06,0.0,0.0
4346,2022-11-27 19:16:30,34042,29.8,472,68,0.0,0.0,0.0,0.197,18.6,18.8,7.95,0.0,64.32,64.1,0.0,0.0
4347,2022-11-27 19:31:33,35357,30.0,396,67,0.0,0.0,0.0,0.197,18.6,18.8,7.95,0.0,64.37,64.15,0.0,0.0
4348,2022-11-27 19:46:35,30680,29.8,240,68,0.0,0.0,0.0,0.197,18.6,18.8,7.95,0.0,64.42,64.2,0.0,0.0
4349,2022-11-27 20:01:38,31461,29.3,164,69,0.0,0.0,0.0,0.197,18.6,18.8,7.95,0.0,64.46,64.24,0.0,0.0
4350,2022-11-27 20:16:41,33600,29.0,107,69,0.0,0.0,0.0,0.197,18.6,18.8,7.95,0.0,64.49,64.27,0.0,0.0
4351,2022-11-27 20:31:44,33731,28.6,73,71,0.0,0.0,0.0,0.197,18.6,18.8,7.95,0.0,64.53,64.31,0.0,0.0
4352,2022-11-27 20:46:47,34802,28.3,50,73,0.0,0.0,0.0,0.197,18.6,18.8,7.95,0.0,64.56,64.34,0.0,0.0
4353,2022-11-27 21:06:51,34553,28.2,62,73,0.0,0.0,0.0,0.197,18.6,18.8,7.95,0.0,64.59,64.37,0.0,0.0
4354,2022-11-27 21:21:58,33548,27.8,21,74,0.0,0.0,0.0,0.197,18.6,18.8,7.95,0.0,64.62,64.4,0.0,0.0
4355,2022-11-27 21:37:03,35435,27.2,6,77,0.0,0.0,0.0,0.197,18.6,18.8,7.95,0.0,64.64,64.43,0.0,0.0
4356,2022-11-27 21:52:03,32398,26.6,1,78,0.0,0.0,0.0,0.197,18.6,18.8,7.95,0.0,64.67,64.45,0.0,0.0
4357,2022-11-27 22:07:06,28896,26.2,0,80,0.0,0.0,0.0,0.197,18.6,18.8,7.95,0.0,64.7,64.48,0.0,0.0
4358,2022-11-27 22:22:09,31609,25.7,0,81,0.0,0.0,0.0,0.197,18.6,18.8,7.95,0.0,64.7,64.48,0.0,0.0
4359,2022-11-27 22:37:12,31928,25.4,0,82,0.0,0.0,0.0,0.197,18.6,18.8,7.95,0.0,64.71,64.49,0.0,0.0
4360,2022-11-27 22:52:15,30743,25.1,1,83,0.0,0.0,0.0,0.197,18.6,18.8,7.95,0.0,64.71,64.49,0.0,0.0
4361,2022-11-27 23:07:17,33496,25.1,0,82,0.0,0.0,0.0,0.197,18.6,18.8,7.95,0.0,64.74,64.52,0.0,0.0
4362,2022-11-27 23:22:19,29589,24.9,0,83,0.0,0.0,0.0,0.197,18.6,18.8,7.95,0.0,64.75,64.53,0.0,0.0
4363,2022-11-27 23:37:21,30349,24.8,0,83,0.0,0.0,0.0,0.197,18.6,18.8,7.95,0.0,64.76,64.54,0.0,0.0
4364,2022-11-27 23:52:24,29554,24.5,0,84,0.0,0.0,0.0,0.197,18.6,18.8,7.95,0.0,64.77,64.55,0.0,0.0
4365,2022-11-28 00:07:26,33434,24.4,0,84,0.0,0.0,0.0,0.197,18.6,18.9,7.95,0.0,64.78,64.56,0.0,0.0
4366,2022-11-28 00:22:29,30922,24.3,0,84,0.0,0.0,0.0,0.197,18.6,18.9,7.95,0.0,64.78,64.57,0.0,0.0
4367,2022-11-28 00:37:32,32507,24.2,0,84,0.0,0.0,0.0,0.197,18.6,18.9,7.95,0.0,64.79,64.57,0.0,0.0
4368,2022-11-28 00:52:35,32738,24.1,0,84,0.0,0.0,0.0,0.197,18.6,18.9,7.95,0.0,64.79,64.57,0.0,0.0
4369,2022-11-28 01:07:38,33655,23.9,0,85,0.0,0.0,0.0,0.197,18.6,18.9,7.95,0.0,64.8,64.58,0.0,0.0
4370,2022-11-28 01:22:41,33523,23.8,0,85,0.0,0.0,0.0,0.197,18.6,18.9,7.95,0.0,64.8,64.58,0.0,0.0
4371,2022-11-28 01:37:48,31496,23.7,0,86,0.0,0.0,0.0,0.197,18.6,18.9,7.95,0.0,64.8,64.59,0.0,0.0
4372,2022-11-28 01:52:50,36364,23.5,0,86,0.0,0.0,0.0,0.197,18.6,18.9,7.95,0.0,64.81,64.59,0.0,0.0
4373,2022-11-28 02:07:53,30961,23.2,0,87,0.0,0.0,0.0,0.197,18.6,18.9,7.95,0.0,64.81,64.59,0.0,0.0
4374,2022-11-28 02:22:56,29033,23.1,0,87,0.0,0.0,0.0,0.197,18.6,18.9,7.95,0.0,64.81,64.6,0.0,0.0
4375,2022-11-28 02:37:59,31071,22.8,0,88,0.0,0.0,0.0,0.197,18.6,18.9,7.95,0.0,64.82,64.6,0.0,0.0
4376,2022-11-28 02:53:02,30916,22.5,0,89,0.0,0.0,0.0,0.197,18.6,18.9,7.95,0.0,64.82,64.6,0.0,0.0
4377,2022-11-28 03:08:05,34448,22.3,0,90,0.0,0.0,0.0,0.197,18.6,18.9,7.95,0.0,64.82,64.6,0.0,0.0
4378,2022-11-28 03:23:07,29226,22.3,0,90,0.0,0.0,0.0,0.197,18.6,18.9,7.95,0.0,64.82,64.61,0.0,0.0
4379,2022-11-28 03:38:09,30607,22.3,0,90,0.0,0.0,0.0,0.197,18.6,18.9,7.95,0.0,64.83,64.61,0.0,0.0
4380,2022-11-28 03:53:11,33025,22.3,0,91,0.0,0.0,0.0,0.197,18.6,18.9,7.95,0.0,64.83,64.61,0.0,0.0
4381,2022-11-28 04:08:14,31153,22.3,0,91,0.0,0.0,0.0,0.197,18.6,18.9,7.95,0.0,64.83,64.62,0.0,0.0
4382,2022-11-28 04:23:16,30189,22.1,0,91,0.0,0.0,0.0,0.197,18.6,18.9,7.95,0.0,64.83,64.62,0.0,0.0
4383,2022-11-28 04:38:19,29433,22.1,0,91,0.0,0.0,0.0,0.197,18.6,18.9,7.95,0.0,64.84,64.62,0.0,0.0
4384,2022-11-28 04:53:22,30827,22.2,0,91,0.0,0.0,0.0,0.197,18.6,18.9,7.95,0.0,64.84,64.62,0.0,0.0
4385,2022-11-28 05:08:25,31245,22.4,0,91,0.0,0.0,0.0,0.197,18.6,18.9,7.95,0.0,64.84,64.63,0.0,0.0
4386,2022-11-28 05:23:28,33255,22.5,0,91,0.0,0.0,0.0,0.197,18.6,18.9,7.95,0.0,64.85,64.63,0.0,0.0
4387,2022-11-28 05:38:31,31593,22.6,0,91,0.0,0.0,0.0,0.197,18.6,18.9,7.95,0.0,64.85,64.63,0.0,0.0
4388,2022-11-28 05:53:38,33413,22.8,0,91,0.0,0.0,0.0,0.197,18.6,18.9,7.95,0.0,64.85,64.63,0.0,0.0
4389,2022-11-28 06:08:41,34407,23.0,0,91,0.0,0.0,0.0,0.197,18.6,18.9,7.95,0.0,64.85,64.64,0.0,0.0
4390,2022-11-28 06:23:43,29361,22.8,0,91,0.0,0.0,0.0,0.197,18.6,18.9,7.95,0.0,64.86,64.64,0.0,0.0
4391,2022-11-28 06:38:46,32932,22.7,0,91,0.0,0.0,0.0,0.197,18.6,18.9,7.95,0.0,64.86,64.64,0.0,0.0
4392,2022-11-28 06:53:49,32212,22.7,0,92,0.0,0.0,0.0,0.197,18.6,18.9,7.95,0.0,64.86,64.65,0.0,0.0
4393,2022-11-28 07:08:52,32735,22.5,0,92,0.0,0.0,0.0,0.197,18.6,18.9,7.95,0.0,64.86,64.65,0.0,0.0
4394,2022-11-28 07:23:55,33469,22.5,0,92,0.0,0.0,0.0,0.197,18.6,18.9,7.95,0.0,64.87,64.65,0.0,0.0
4395,2022-11-28 07:38:57,33830,22.6,0,92,0.0,0.0,0.0,0.197,18.6,18.9,7.95,0.0,64.87,64.65,0.0,0.0
4396,2022-11-28 07:53:59,31611,22.7,0,92,0.0,0.0,0.0,0.197,18.6,18.9,7.95,0.0,64.87,64.66,0.0,0.0
4397,2022-11-28 08:09:01,29100,22.7,0,92,0.0,0.0,0.0,0.197,18.6,18.9,7.95,0.0,64.88,64.66,0.0,0.0
4398,2022-11-28 08:24:04,34798,22.7,0,93,0.0,0.0,0.0,0.197,18.6,18.9,7.95,0.0,64.88,64.66,0.0,0.0
4399,2022-11-28 08:39:06,31090,22.7,0,93,0.0,0.0,0.0,0.197,18.6,18.9,7.95,0.0,64.88,64.66,0.0,0.0
4400,2022-11-28 08:54:09,37265,22.8,0,93,0.0,0.0,0.0,0.197,18.6,18.9,7.95,0.0,64.88,64.67,0.0,0.0
4401,2022-11-28 09:09:12,31904,23.0,0,93,0.0,0.0,0.0,0.197,18.6,18.9,7.95,0.0,64.89,64.67,0.0,0.0
4402,2022-11-28 09:24:15,31963,23.1,0,92,0.0,0.0,0.0,0.197,18.6,18.9,7.95,0.0,64.89,64.67,0.0,0.0
4403,2022-11-28 09:39:18,29963,23.2,0,92,0.0,0.0,0.0,0.197,18.6,18.9,7.95,0.0,64.89,64.68,0.0,0.0
4404,2022-11-28 09:54:21,34265,23.2,0,91,0.0,0.0,0.0,0.197,18.6,18.9,7.95,0.0,64.89,64.68,0.0,0.0
4405,2022-11-28 10:09:27,32298,23.1,0,91,0.0,0.0,0.0,0.197,18.6,18.9,7.95,0.0,64.9,64.68,64.9,0.0
4406,2022-11-28 10:24:31,30227,22.8,0,90,0.0,0.0,0.0,0.197,18.6,18.9,7.95,0.0,64.9,64.68,0.0,0.0
4407,2022-11-28 10:39:33,35608,22.6,0,90,0.0,0.0,0.0,0.197,18.6,18.9,7.95,0.0,64.9,64.69,0.0,0.0
4408,2022-11-28 10:54:36,32672,22.5,0,91,0.0,0.0,0.0,0.197,18.6,18.9,7.95,0.0,64.91,64.69,0.0,0.0
4409,2022-11-28 11:09:39,31659,22.5,3,90,0.0,0.0,0.0,0.197,18.6,18.9,7.95,0.0,64.91,64.69,0.0,0.0
4410,2022-11-28 11:24:47,31533,22.5,8,90,0.0,0.0,0.0,0.197,18.6,18.9,7.95,0.0,64.93,64.72,0.0,0.0
4411,2022-11-28 11:39:45,32041,22.4,17,89,0.0,0.0,0.0,0.197,18.6,18.9,7.95,0.0,64.96,64.74,0.0,0.0
4412,2022-11-28 11:54:50,32422,22.4,29,89,0.0,0.0,0.0,0.197,18.6,18.9,7.95,0.0,64.99,64.77,0.0,0.0
4413,2022-11-28 12:09:50,33200,22.3,20,87,0.0,0.0,0.0,0.197,18.6,18.9,7.95,0.0,65.01,64.8,0.0,0.0
4414,2022-11-28 12:24:52,31318,22.0,61,84,0.0,0.0,0.0,0.197,18.6,18.9,7.95,0.0,65.04,64.83,0.0,0.0
4415,2022-11-28 12:39:54,30024,21.7,117,83,0.0,0.0,0.0,0.197,18.6,18.9,7.95,0.0,65.07,64.86,0.0,0.0
4416,2022-11-28 12:54:56,31960,21.5,64,85,0.0,0.0,0.0,0.197,18.6,18.9,7.95,0.0,65.1,64.89,0.0,0.0
4417,2022-11-28 13:09:59,31178,21.0,80,84,0.0,0.0,0.0,0.197,18.6,18.9,7.95,0.0,65.13,64.92,0.0,0.0
4418,2022-11-28 13:25:02,35056,20.9,119,74,0.0,0.0,0.0,0.197,18.6,18.9,7.95,0.0,65.16,64.95,0.0,0.0
4419,2022-11-28 13:40:05,33272,21.2,206,72,0.0,0.0,0.0,0.197,18.6,18.9,7.95,0.0,65.2,64.98,0.0,0.0
4420,2022-11-28 13:55:08,34224,22.0,214,70,0.0,0.0,0.0,0.197,18.6,18.9,7.95,0.0,65.23,65.02,0.0,0.0
4421,2022-11-28 14:10:11,31787,22.6,345,67,0.0,0.0,0.0,0.197,18.6,18.9,7.95,0.0,65.27,65.06,0.0,0.0
4422,2022-11-28 14:25:14,34008,23.3,331,66,0.0,0.0,0.0,0.197,18.6,18.9,7.95,0.0,65.32,65.1,0.0,0.0
4423,2022-11-28 14:40:21,34599,23.5,229,66,0.0,0.0,0.0,0.197,18.6,18.9,7.95,0.0,65.36,65.14,0.0,0.0
4424,2022-11-28 14:55:23,35495,23.3,268,67,0.0,0.0,0.0,0.197,18.6,18.9,7.95,0.0,65.4,65.18,0.0,0.0
4425,2022-11-28 15:10:26,35188,23.6,254,66,0.0,0.0,0.0,0.197,18.6,18.9,7.95,0.0,65.44,65.22,0.0,0.0
4426,2022-11-28 15:25:29,32251,23.5,241,65,0.0,0.0,0.0,0.197,18.6,18.9,7.95,0.0,65.48,65.26,0.0,0.0
4427,2022-11-28 15:40:32,30056,23.5,316,64,0.0,0.0,0.0,0.197,18.6,18.9,7.95,0.0,65.52,65.3,0.0,0.0
4428,2022-11-28 15:55:35,37355,23.7,393,62,0.0,0.0,0.0,0.197,18.6,18.9,7.95,0.0,65.56,65.34,0.0,0.0
4429,2022-11-28 16:10:38,33752,23.9,474,58,0.0,0.0,0.0,0.197,18.6,18.9,7.95,0.0,65.6,65.39,0.0,0.0
4430,2022-11-28 16:25:40,31165,24.5,784,58,0.0,0.0,0.0,0.197,18.6,18.9,7.95,0.0,65.65,65.44,0.0,0.0
4431,2022-11-28 16:40:42,35369,25.1,669,57,0.0,0.0,0.0,0.197,18.6,18.9,7.95,0.0,65.7,65.49,0.0,0.0
4432,2022-11-28 16:55:44,31109,24.7,416,63,0.0,0.0,0.0,0.197,18.6,18.9,7.95,0.0,65.75,65.54,0.0,0.0
4433,2022-11-28 17:10:46,34925,23.9,331,64,0.0,0.0,0.0,0.197,18.6,18.9,7.95,0.0,65.79,65.58,0.0,0.0
4434,2022-11-28 17:25:49,31787,23.9,436,65,0.0,0.0,0.0,0.197,18.6,18.9,7.95,0.0,65.84,65.62,0.0,0.0
4435,2022-11-28 17:40:52,37542,24.0,491,62,0.0,0.0,0.0,0.197,18.6,18.9,7.95,0.0,65.88,65.67,0.0,0.0
4436,2022-11-28 17:55:55,31730,24.1,345,65,0.0,0.0,0.0,0.197,18.6,18.9,7.95,0.0,65.93,65.71,0.0,0.0
4437,2022-11-28 18:10:58,29935,24.3,382,67,0.0,0.0,0.0,0.197,18.6,18.9,7.95,0.0,65.97,65.76,0.0,0.0
4438,2022-11-28 18:26:01,32259,24.2,359,67,0.0,0.0,0.0,0.197,18.6,18.9,7.95,0.0,66.01,65.8,0.0,0.0
4439,2022-11-28 18:41:04,28206,23.6,271,67,0.0,0.0,0.0,0.197,18.6,18.9,7.95,0.0,66.05,65.84,0.0,0.0
4440,2022-11-28 18:56:11,31958,23.5,450,67,0.0,0.0,0.0,0.197,18.6,18.9,7.95,0.0,66.09,65.88,0.0,0.0
4441,2022-11-28 19:11:13,34989,23.8,380,66,0.0,0.0,0.0,0.197,18.6,18.9,7.95,0.0,66.14,65.93,0.0,0.0
4442,2022-11-28 19:26:16,34125,23.9,341,62,0.0,0.0,0.0,0.197,18.6,18.9,7.95,0.0,66.18,65.97,0.0,0.0
4443,2022-11-28 19:41:19,30089,23.7,275,65,0.0,0.0,0.0,0.197,18.6,18.9,7.95,0.0,66.22,66.01,0.0,0.0
4444,2022-11-28 19:56:22,32411,23.9,216,64,0.0,0.0,0.0,0.197,18.6,18.9,7.95,0.0,66.26,66.05,0.0,0.0
4445,2022-11-28 20:11:25,33150,23.7,166,65,0.0,0.0,0.0,0.197,18.6,18.9,7.95,0.0,66.3,66.09,0.0,0.0
4446,2022-11-28 20:26:28,33294,23.6,89,66,0.0,0.0,0.0,0.197,18.6,18.9,7.95,0.0,66.33,66.12,0.0,0.0
4447,2022-11-28 20:41:30,35392,23.3,69,68,0.0,0.0,0.0,0.197,18.6,18.9,7.95,0.0,66.36,66.15,0.0,0.0
4448,2022-11-28 20:56:32,34445,23.2,83,69,0.0,0.0,0.0,0.197,18.6,18.9,7.95,0.0,66.39,66.18,0.0,0.0
4449,2022-11-28 21:11:34,34091,23.0,62,69,0.0,0.0,0.0,0.197,18.6,18.9,7.95,0.0,66.42,66.21,0.0,0.0
4450,2022-11-28 21:26:37,33948,22.5,24,68,0.0,0.0,0.0,0.197,18.6,18.9,7.95,0.0,66.44,66.24,0.0,0.0
4451,2022-11-28 21:41:39,30584,21.8,3,71,0.0,0.0,0.0,0.197,18.6,18.9,7.95,0.0,66.47,66.26,0.0,0.0
4452,2022-11-28 21:56:42,35657,21.1,1,74,0.0,0.0,0.0,0.197,18.6,18.9,7.95,0.0,66.49,66.28,0.0,0.0
4453,2022-11-28 22:11:45,34290,20.4,0,79,0.0,0.0,0.0,0.197,18.6,18.9,7.95,0.0,66.52,66.31,0.0,0.0
4454,2022-11-28 22:26:48,32486,20.0,0,81,0.0,0.0,0.0,0.197,18.6,18.9,7.95,0.0,66.52,66.31,0.0,0.0
4455,2022-11-28 22:41:51,31683,20.0,1,80,0.0,0.0,0.0,0.197,18.6,18.9,7.95,0.0,66.53,66.32,0.0,0.0
4456,2022-11-28 22:56:54,32174,19.9,0,79,0.0,0.0,0.0,0.197,18.6,18.9,7.95,0.0,66.55,66.34,0.0,0.0
4457,2022-11-28 23:12:01,39388,20.1,1,78,0.0,0.0,0.0,0.197,18.6,18.9,7.95,0.0,66.57,66.36,0.0,0.0
4458,2022-11-28 23:27:03,38203,20.2,1,78,0.0,0.0,0.0,0.197,18.6,18.9,7.95,0.0,66.59,66.39,0.0,0.0
4459,2022-11-28 23:42:06,36024,20.1,0,80,0.0,0.0,0.0,0.197,18.6,18.9,7.95,0.0,66.62,66.41,0.0,0.0
4460,2022-11-28 23:57:09,34892,19.6,0,82,0.0,0.0,0.0,0.197,18.6,19.3,7.95,0.0,66.63,66.42,0.0,0.0
4461,2022-11-29 00:12:12,31846,19.6,0,83,0.0,0.0,0.0,0.197,18.6,19.5,7.95,0.0,66.63,66.42,0.0,0.0
4462,2022-11-29 00:27:15,34030,19.5,1,83,0.0,0.0,0.0,0.197,18.6,19.5,7.95,0.0,66.63,66.42,0.0,0.0
4463,2022-11-29 00:42:18,30109,19.8,1,80,0.0,0.0,0.0,0.197,18.6,19.5,7.95,0.0,66.66,66.45,0.0,0.0
4464,2022-11-29 00:57:20,33356,20.0,1,78,0.0,0.0,0.0,0.197,18.6,19.5,7.95,0.0,66.68,66.47,0.0,0.0
4465,2022-11-29 01:12:21,32795,19.9,0,79,0.0,0.0,0.0,0.197,18.6,19.5,7.95,0.0,66.7,66.49,0.0,0.0
4466,2022-11-29 01:27:24,34609,19.6,0,80,0.0,0.0,0.0,0.197,18.6,19.5,7.95,0.0,66.71,66.5,0.0,0.0
4467,2022-11-29 01:42:27,33474,19.1,0,83,0.0,0.0,0.0,0.197,18.6,19.5,7.95,0.0,66.71,66.51,0.0,0.0
4468,2022-11-29 01:57:29,30322,18.7,0,85,0.0,0.0,0.0,0.197,18.6,19.5,7.95,0.0,66.72,66.51,0.0,0.0
4469,2022-11-29 02:12:32,34635,18.1,0,86,0.0,0.0,0.0,0.197,18.6,19.5,7.95,0.0,66.72,66.51,0.0,0.0
4470,2022-11-29 02:27:35,33915,18.0,0,86,0.0,0.0,0.0,0.197,18.6,19.5,7.95,0.0,66.74,66.53,0.0,0.0
4471,2022-11-29 02:42:38,33862,17.9,0,86,0.0,0.0,0.0,0.197,18.6,19.5,7.95,0.0,66.75,66.54,0.0,0.0
4472,2022-11-29 02:57:41,33227,17.8,1,86,0.0,0.0,0.0,0.197,18.6,19.5,7.95,0.0,66.77,66.56,0.0,0.0
4473,2022-11-29 03:12:44,28066,17.8,1,85,0.0,0.0,0.0,0.197,18.6,19.5,7.95,0.0,66.79,66.58,0.0,0.0
4474,2022-11-29 03:27:50,35011,18.2,1,82,0.0,0.0,0.0,0.197,18.6,19.5,7.95,0.0,66.82,66.61,0.0,0.0
4475,2022-11-29 03:42:54,31795,18.6,1,80,0.0,0.0,0.0,0.197,18.6,19.5,7.95,0.0,66.84,66.63,0.0,0.0
4476,2022-11-29 03:57:56,34441,18.6,1,79,0.0,0.0,0.0,0.197,18.6,19.5,7.95,0.0,66.86,66.65,0.0,0.0
4477,2022-11-29 04:12:59,33211,18.4,1,80,0.0,0.0,0.0,0.197,18.6,19.5,7.95,0.0,66.89,66.68,0.0,0.0
4478,2022-11-29 04:28:02,34135,18.2,1,80,0.0,0.0,0.0,0.197,18.6,19.5,7.95,0.0,66.91,66.7,0.0,0.0
4479,2022-11-29 04:43:05,33073,18.1,1,80,0.0,0.0,0.0,0.197,18.6,19.5,7.95,0.0,66.93,66.72,0.0,0.0
4480,2022-11-29 04:58:08,29436,17.5,0,83,0.0,0.0,0.0,0.197,18.6,19.5,7.95,0.0,66.96,66.75,0.0,0.0
4481,2022-11-29 05:13:11,29464,16.7,0,84,0.0,0.0,0.0,0.197,18.6,19.5,7.95,0.0,66.96,66.75,0.0,0.0
4482,2022-11-29 05:28:13,34280,16.3,0,86,0.0,0.0,0.0,0.197,18.6,19.5,7.95,0.0,66.97,66.76,0.0,0.0
4483,2022-11-29 05:43:14,35423,16.2,1,88,0.0,0.0,0.0,0.197,18.6,19.5,7.95,0.0,66.98,66.77,0.0,0.0
4484,2022-11-29 05:58:17,33310,16.3,0,87,0.0,0.0,0.0,0.197,18.6,19.5,7.95,0.0,67.0,66.79,0.0,0.0
4485,2022-11-29 06:13:20,30936,16.4,1,87,0.0,0.0,0.0,0.197,18.6,19.5,7.95,0.0,67.02,66.81,0.0,0.0
4486,2022-11-29 06:28:22,36013,16.2,1,88,0.0,0.0,0.0,0.197,18.6,19.5,7.95,0.0,67.04,66.83,0.0,0.0
4487,2022-11-29 06:43:25,32134,16.0,2,89,0.0,0.0,0.0,0.197,18.6,19.5,7.95,0.0,67.06,66.85,0.0,0.0
4488,2022-11-29 06:58:28,35457,16.0,1,89,0.0,0.0,0.0,0.197,18.6,19.5,7.95,0.0,67.09,66.88,0.0,0.0
4489,2022-11-29 07:13:31,36426,16.1,1,89,0.0,0.0,0.0,0.197,18.6,19.5,7.95,0.0,67.11,66.9,0.0,0.0
4490,2022-11-29 07:28:34,33737,16.3,0,88,0.0,0.0,0.0,0.197,18.6,19.5,7.95,0.0,67.13,66.92,0.0,0.0
4491,2022-11-29 07:43:37,32891,16.5,0,88,0.0,0.0,0.0,0.197,18.6,19.5,7.95,0.0,67.15,66.94,0.0,0.0
4492,2022-11-29 07:58:40,28157,16.8,1,87,0.0,0.0,0.0,0.197,18.6,19.5,7.95,0.0,67.16,66.95,0.0,0.0
4493,2022-11-29 08:13:47,36132,17.1,0,87,0.0,0.0,0.0,0.197,18.6,19.5,7.95,0.0,67.18,66.97,0.0,0.0
4494,2022-11-29 08:28:49,36534,17.5,0,87,0.0,0.0,0.0,0.197,18.6,19.5,7.95,0.0,67.19,66.98,0.0,0.0
4495,2022-11-29 08:43:52,29821,17.6,0,87,0.0,0.0,0.0,0.197,18.6,19.5,7.95,0.0,67.19,66.98,0.0,0.0
4496,2022-11-29 08:58:55,34645,17.8,0,87,0.0,0.0,0.0,0.197,18.6,19.5,7.95,0.0,67.2,66.99,0.0,0.0
4497,2022-11-29 09:13:58,32543,17.8,0,87,0.0,0.0,0.0,0.197,18.6,19.5,7.95,0.0,67.2,66.99,0.0,0.0
4498,2022-11-29 09:29:01,34433,17.8,0,87,0.0,0.0,0.0,0.197,18.6,19.5,7.95,0.0,67.2,66.99,0.0,0.0
4499,2022-11-29 09:44:04,31366,17.4,0,88,0.0,0.0,0.0,0.197,18.6,19.5,7.95,0.0,67.2,66.99,0.0,0.0
4500,2022-11-29 09:59:06,35051,17.2,0,88,0.0,0.0,0.0,0.197,18.6,19.5,7.95,0.0,67.2,66.99,0.0,0.0
4501,2022-11-29 10:14:08,30167,16.9,0,89,0.0,0.0,0.0,0.197,18.6,19.5,7.95,0.0,67.21,67.0,67.21,0.0
4502,2022-11-29 10:29:10,36146,16.7,0,90,0.0,0.0,0.0,0.197,18.6,19.5,7.95,0.0,67.21,67.0,0.0,0.0
4503,2022-11-29 10:44:13,36179,16.4,0,90,0.0,0.0,0.0,0.197,18.6,19.5,7.95,0.0,67.21,67.0,0.0,0.0
4504,2022-11-29 10:59:15,36310,16.3,2,91,0.0,0.0,0.0,0.197,18.6,19.5,7.95,0.0,67.22,67.01,0.0,0.0
4505,2022-11-29 11:14:18,39565,16.2,9,91,0.0,0.0,0.0,0.197,18.6,19.5,7.95,0.0,67.24,67.03,0.0,0.0
4506,2022-11-29 11:29:21,32612,16.5,33,91,0.0,0.0,0.0,0.197,18.6,19.5,7.95,0.0,67.27,67.06,0.0,0.0
4507,2022-11-29 11:44:24,35157,17.2,46,91,0.0,0.0,0.0,0.197,18.6,19.5,7.95,0.0,67.29,67.08,0.0,0.0
4508,2022-11-29 11:59:27,30985,18.0,106,89,0.0,0.0,0.0,0.197,18.6,19.5,7.95,0.0,67.32,67.11,0.0,0.0
4509,2022-11-29 12:14:30,36063,19.5,162,86,0.0,0.0,0.0,0.197,18.6,19.5,7.95,0.0,67.35,67.14,0.0,0.0
4510,2022-11-29 12:29:33,35757,21.3,206,83,0.0,0.0,0.0,0.197,18.6,19.5,7.95,0.0,67.38,67.17,0.0,0.0
4511,2022-11-29 12:44:40,36530,24.2,250,71,0.0,0.0,0.0,0.197,18.6,19.5,7.95,0.0,67.41,67.2,0.0,0.0
4512,2022-11-29 12:59:42,30679,25.4,303,66,0.0,0.0,0.0,0.197,18.6,19.5,7.95,0.0,67.45,67.24,0.0,0.0
4513,2022-11-29 13:14:45,34624,25.7,350,64,0.0,0.0,0.0,0.197,18.6,19.5,7.95,0.0,67.48,67.27,0.0,0.0
4514,2022-11-29 13:29:48,35146,25.8,395,63,0.0,0.0,0.0,0.197,18.6,19.5,7.95,0.0,67.52,67.31,0.0,0.0
4515,2022-11-29 13:44:51,32613,25.9,438,64,0.0,0.0,0.0,0.197,18.6,19.5,7.95,0.0,67.56,67.36,0.0,0.0
4516,2022-11-29 13:59:54,35494,26.0,479,63,0.0,0.0,0.0,0.197,18.6,19.5,7.95,0.0,67.61,67.4,0.0,0.0
4517,2022-11-29 14:14:57,36817,26.0,515,63,0.0,0.0,0.0,0.197,18.6,19.5,7.95,0.0,67.65,67.44,0.0,0.0
4518,2022-11-29 14:29:59,30192,26.1,536,63,0.0,0.0,0.0,0.197,18.6,19.5,7.95,0.0,67.69,67.48,0.0,0.0
4519,2022-11-29 14:45:01,32484,26.0,577,64,0.0,0.0,0.0,0.197,18.6,19.5,7.95,0.0,67.74,67.53,0.0,0.0
4520,2022-11-29 15:00:03,33381,26.1,507,63,0.0,0.0,0.0,0.197,18.6,19.5,7.95,0.0,67.78,67.57,0.0,0.0
4521,2022-11-29 15:15:06,31990,26.2,625,64,0.0,0.0,0.0,0.197,18.6,19.5,7.95,0.0,67.82,67.61,0.0,0.0
4522,2022-11-29 15:30:08,33851,26.1,643,63,0.0,0.0,0.0,0.197,18.6,19.5,7.95,0.0,67.87,67.66,0.0,0.0
4523,2022-11-29 15:45:11,36222,26.1,656,64,0.0,0.0,0.0,0.197,18.6,19.5,7.95,0.0,67.91,67.7,0.0,0.0
4524,2022-11-29 16:00:14,35306,26.1,668,63,0.0,0.0,0.0,0.197,18.6,19.5,7.95,0.0,67.96,67.75,0.0,0.0
4525,2022-11-29 16:15:17,30796,26.1,671,65,0.0,0.0,0.0,0.197,18.6,19.5,7.95,0.0,68.0,67.79,0.0,0.0
4526,2022-11-29 16:30:20,36329,26.2,674,65,0.0,0.0,0.0,0.197,18.6,19.5,7.95,0.0,68.05,67.84,0.0,0.0
4527,2022-11-29 16:45:23,37840,26.1,678,67,0.0,0.0,0.0,0.197,18.6,19.5,7.95,0.0,68.09,67.88,0.0,0.0
4528,2022-11-29 17:00:30,31128,26.0,581,66,0.0,0.0,0.0,0.197,18.6,19.5,7.95,0.0,68.14,67.93,0.0,0.0
4529,2022-11-29 17:15:32,34603,26.2,651,67,0.0,0.0,0.0,0.197,18.6,19.5,7.95,0.0,68.18,67.97,0.0,0.0
4530,2022-11-29 17:30:35,32990,26.2,636,66,0.0,0.0,0.0,0.197,18.6,19.5,7.95,0.0,68.22,68.02,0.0,0.0
4531,2022-11-29 17:45:38,31993,26.2,593,65,0.0,0.0,0.0,0.197,18.6,19.5,7.95,0.0,68.27,68.06,0.0,0.0
4532,2022-11-29 18:00:41,30755,26.2,588,65,0.0,0.0,0.0,0.197,18.6,19.5,7.95,0.0,68.31,68.1,0.0,0.0
4533,2022-11-29 18:15:44,31659,26.1,572,66,0.0,0.0,0.0,0.197,18.6,19.5,7.95,0.0,68.35,68.15,0.0,0.0
4534,2022-11-29 18:30:47,35015,25.9,343,68,0.0,0.0,0.0,0.197,18.6,19.5,7.95,0.0,68.4,68.19,0.0,0.0
4535,2022-11-29 18:45:49,37209,25.8,506,67,0.0,0.0,0.0,0.197,18.6,19.5,7.95,0.0,68.43,68.23,0.0,0.0
4536,2022-11-29 19:00:51,32585,26.0,467,66,0.0,0.0,0.0,0.197,18.6,19.5,7.95,0.0,68.47,68.27,0.0,0.0
4537,2022-11-29 19:15:54,32091,26.0,411,68,0.0,0.0,0.0,0.197,18.6,19.5,7.95,0.0,68.51,68.31,0.0,0.0
4538,2022-11-29 19:30:56,34657,25.9,361,67,0.0,0.0,0.0,0.197,18.6,19.5,7.95,0.0,68.55,68.35,0.0,0.0
4539,2022-11-29 19:45:58,34398,25.8,315,67,0.0,0.0,0.0,0.197,18.6,19.5,7.95,0.0,68.59,68.39,0.0,0.0
4540,2022-11-29 20:01:01,36319,25.7,273,68,0.0,0.0,0.0,0.197,18.6,19.5,7.95,0.0,68.63,68.42,0.0,0.0
4541,2022-11-29 20:16:04,31517,25.7,219,69,0.0,0.0,0.0,0.197,18.6,19.5,7.95,0.0,68.66,68.46,0.0,0.0
4542,2022-11-29 20:31:07,35586,25.6,180,69,0.0,0.0,0.0,0.197,18.6,19.5,7.95,0.0,68.69,68.49,0.0,0.0
4543,2022-11-29 20:46:10,33072,25.4,129,70,0.0,0.0,0.0,0.197,18.6,19.5,7.95,0.0,68.73,68.52,0.0,0.0
4544,2022-11-29 21:01:13,37527,25.2,85,70,0.0,0.0,0.0,0.197,18.6,19.5,7.95,0.0,68.75,68.55,0.0,0.0
4545,2022-11-29 21:16:16,36702,24.9,45,71,0.0,0.0,0.0,0.197,18.6,19.5,7.95,0.0,68.78,68.58,0.0,0.0
4546,2022-11-29 21:31:23,34614,24.6,14,71,0.0,0.0,0.0,0.197,18.6,19.5,7.95,0.0,68.8,68.6,0.0,0.0
4547,2022-11-29 21:46:25,38348,24.5,3,73,0.0,0.0,0.0,0.197,18.6,19.5,7.95,0.0,68.82,68.62,0.0,0.0
4548,2022-11-29 22:01:28,33161,24.5,0,72,0.0,0.0,0.0,0.197,18.6,19.5,7.95,0.0,68.85,68.64,0.0,0.0
4549,2022-11-29 22:16:31,31347,24.4,0,72,0.0,0.0,0.0,0.197,18.6,19.5,7.95,0.0,68.85,68.65,0.0,0.0
4550,2022-11-29 22:31:34,33262,24.3,0,73,0.0,0.0,0.0,0.197,18.6,19.5,7.95,0.0,68.86,68.65,0.0,0.0
4551,2022-11-29 22:46:37,33216,24.4,0,73,0.0,0.0,0.0,0.197,18.6,19.5,7.95,0.0,68.86,68.65,0.0,0.0
4552,2022-11-29 23:01:40,35075,24.4,0,73,0.0,0.0,0.0,0.197,18.6,19.5,7.95,0.0,68.86,68.66,0.0,0.0
4553,2022-11-29 23:16:42,36372,24.4,0,74,0.0,0.0,0.0,0.197,18.6,19.5,7.95,0.0,68.87,68.66,0.0,0.0
4554,2022-11-29 23:31:43,33245,24.4,0,73,0.0,0.0,0.0,0.197,18.6,19.5,7.95,0.0,68.87,68.67,0.0,0.0
4555,2022-11-29 23:46:46,39508,24.4,0,72,0.0,0.0,0.0,0.197,18.6,19.5,7.95,0.0,68.87,68.67,0.0,0.0
4556,2022-11-30 00:01:48,37646,24.5,0,73,0.0,0.0,0.0,0.197,18.6,22.1,7.95,0.0,68.87,68.67,0.0,0.0
4557,2022-11-30 00:16:51,31639,24.5,0,73,0.0,0.0,0.0,0.197,18.6,22.1,7.95,0.0,68.87,68.67,0.0,0.0
4558,2022-11-30 00:31:54,36278,24.5,0,74,0.0,0.0,0.0,0.197,18.6,22.1,7.95,0.0,68.87,68.67,0.0,0.0
4559,2022-11-30 00:46:57,34086,24.5,0,73,0.0,0.0,0.0,0.197,18.6,22.1,7.95,0.0,68.88,68.67,0.0,0.0
4560,2022-11-30 01:02:00,30610,24.5,0,73,0.0,0.0,0.0,0.197,18.6,22.1,7.95,0.0,68.88,68.68,0.0,0.0
4561,2022-11-30 01:17:03,33180,24.5,0,73,0.0,0.0,0.0,0.197,18.6,22.1,7.95,0.0,68.88,68.68,0.0,0.0
4562,2022-11-30 01:32:06,35768,24.4,0,74,0.0,0.0,0.0,0.197,18.6,22.1,7.95,0.0,68.88,68.68,0.0,0.0
4563,2022-11-30 01:47:13,31289,24.3,0,75,0.0,0.0,0.0,0.197,18.6,22.1,7.95,0.0,68.88,68.68,0.0,0.0
4564,2022-11-30 02:02:15,34586,24.4,0,74,0.0,0.0,0.0,0.197,18.6,22.1,7.95,0.0,68.88,68.68,0.0,0.0
4565,2022-11-30 02:17:18,32256,24.5,0,74,0.0,0.0,0.0,0.197,18.6,22.1,7.95,0.0,68.89,68.68,0.0,0.0
4566,2022-11-30 02:32:21,35329,24.5,0,74,0.0,0.0,0.0,0.197,18.6,22.1,7.95,0.0,68.89,68.69,0.0,0.0
4567,2022-11-30 02:47:24,36678,24.5,0,75,0.0,0.0,0.0,0.197,18.6,22.1,7.95,0.0,68.9,68.7,0.0,0.0
4568,2022-11-30 03:02:27,32350,24.5,0,73,0.0,0.0,0.0,0.197,18.6,22.1,7.95,0.0,68.9,68.7,0.0,0.0
4569,2022-11-30 03:17:30,32248,24.5,0,75,0.0,0.0,0.0,0.197,18.6,22.1,7.95,0.0,68.91,68.7,0.0,0.0
4570,2022-11-30 03:32:32,34994,24.5,0,73,0.0,0.0,0.0,0.197,18.6,22.1,7.95,0.0,68.91,68.7,0.0,0.0
4571,2022-11-30 03:47:33,34700,24.4,0,74,0.0,0.0,0.0,0.197,18.6,22.1,7.95,0.0,68.91,68.71,0.0,0.0
4572,2022-11-30 04:02:36,36462,24.5,0,74,0.0,0.0,0.0,0.197,18.6,22.1,7.95,0.0,68.91,68.71,0.0,0.0
4573,2022-11-30 04:17:38,33034,24.4,0,74,0.0,0.0,0.0,0.197,18.6,22.1,7.95,0.0,68.91,68.71,0.0,0.0
4574,2022-11-30 04:32:41,38531,24.4,0,74,0.0,0.0,0.0,0.197,18.6,22.1,7.95,0.0,68.91,68.71,0.0,0.0
4575,2022-11-30 04:47:44,39909,24.3,0,74,0.0,0.0,0.0,0.197,18.6,22.1,7.95,0.0,68.92,68.71,0.0,0.0
4576,2022-11-30 05:02:47,35952,24.2,0,75,0.0,0.0,0.0,0.197,18.6,22.1,7.95,0.0,68.92,68.71,0.0,0.0
4577,2022-11-30 05:17:50,36261,24.1,0,76,0.0,0.0,0.0,0.197,18.6,22.1,7.95,0.0,68.92,68.72,0.0,0.0
4578,2022-11-30 05:32:53,35855,24.1,0,76,0.0,0.0,0.0,0.197,18.6,22.1,7.95,0.0,68.92,68.72,0.0,0.0
4579,2022-11-30 05:47:56,32991,24.1,0,75,0.0,0.0,0.0,0.197,18.6,22.1,7.95,0.0,68.92,68.72,0.0,0.0
4580,2022-11-30 06:03:03,32927,24.1,0,76,0.0,0.0,0.0,0.197,18.6,22.1,7.95,0.0,68.92,68.72,0.0,0.0
4581,2022-11-30 06:18:05,32407,24.1,0,74,0.0,0.0,0.0,0.197,18.6,22.1,7.95,0.0,68.93,68.72,0.0,0.0
4582,2022-11-30 06:33:08,38559,24.1,0,75,0.0,0.0,0.0,0.197,18.6,22.1,7.95,0.0,68.93,68.72,0.0,0.0
4583,2022-11-30 06:48:11,36113,23.9,0,77,0.0,0.0,0.0,0.197,18.6,22.1,7.95,0.0,68.93,68.73,0.0,0.0
4584,2022-11-30 07:03:14,36786,23.9,0,77,0.0,0.0,0.0,0.197,18.6,22.1,7.95,0.0,68.93,68.73,0.0,0.0
4585,2022-11-30 07:18:17,31973,23.9,0,76,0.0,0.0,0.0,0.197,18.6,22.1,7.95,0.0,68.93,68.73,0.0,0.0
4586,2022-11-30 07:33:20,35013,24.0,0,75,0.0,0.0,0.0,0.197,18.6,22.1,7.95,0.0,68.93,68.73,0.0,0.0
4587,2022-11-30 07:48:22,32646,23.9,0,76,0.0,0.0,0.0,0.197,18.6,22.1,7.95,0.0,68.93,68.73,0.0,0.0
4588,2022-11-30 08:03:23,40373,23.9,0,76,0.0,0.0,0.0,0.197,18.6,22.1,7.95,0.0,68.94,68.73,0.0,0.0
4589,2022-11-30 08:18:26,35203,23.9,0,77,0.0,0.0,0.0,0.197,18.6,22.1,7.95,0.0,68.94,68.74,0.0,0.0
4590,2022-11-30 08:33:28,32605,23.8,0,77,0.0,0.0,0.0,0.197,18.6,22.1,7.95,0.0,68.95,68.74,0.0,0.0
4591,2022-11-30 08:48:31,32204,23.8,0,77,0.0,0.0,0.0,0.197,18.6,22.1,7.95,0.0,68.95,68.75,0.0,0.0
4592,2022-11-30 09:03:34,31756,23.7,0,79,0.0,0.0,0.0,0.197,18.6,22.1,7.95,0.0,68.96,68.75,0.0,0.0
4593,2022-11-30 09:18:37,34694,23.5,0,80,0.0,0.0,0.0,0.197,18.6,22.1,7.95,0.0,68.96,68.76,0.0,0.0
4594,2022-11-30 09:33:40,32231,23.4,0,80,0.0,0.0,0.0,0.197,18.6,22.1,7.95,0.0,68.96,68.76,0.0,0.0
4595,2022-11-30 09:48:43,35221,23.3,0,80,0.0,0.0,0.0,0.197,18.6,22.1,7.95,0.0,68.97,68.77,0.0,0.0
4596,2022-11-30 10:03:46,40160,23.4,1,81,0.0,0.0,0.0,0.197,18.6,22.1,7.95,0.0,68.98,68.78,68.98,68.98
4597,2022-11-30 10:18:53,34668,23.4,0,81,0.0,0.0,0.0,0.197,18.6,22.1,7.95,0.0,69.0,68.8,0.0,0.0
4598,2022-11-30 10:33:55,33753,23.3,0,81,0.0,0.0,0.0,0.197,18.6,22.1,7.95,0.0,69.01,68.81,0.0,0.0
4599,2022-11-30 10:48:58,38893,23.0,1,83,0.0,0.0,0.0,0.197,18.6,22.1,7.95,0.0,69.03,68.82,0.0,0.0
4600,2022-11-30 11:04:01,36451,22.5,3,83,0.0,0.0,0.0,0.197,18.6,22.1,7.95,0.0,69.05,68.84,0.0,0.0
4601,2022-11-30 11:19:04,36414,21.7,13,85,0.0,0.0,0.0,0.197,18.6,22.1,7.95,0.0,69.07,68.87,0.0,0.0
4602,2022-11-30 11:34:07,32067,21.4,37,86,0.0,0.0,0.0,0.197,18.6,22.1,7.95,0.0,69.09,68.89,0.0,0.0
4603,2022-11-30 11:49:10,36532,22.1,52,85,0.0,0.0,0.0,0.197,18.6,22.1,7.95,0.0,69.11,68.91,0.0,0.0
4604,2022-11-30 12:04:12,33724,22.7,107,84,0.0,0.0,0.0,0.197,18.6,22.1,7.95,0.0,69.14,68.93,0.0,0.0
4605,2022-11-30 12:19:14,33916,24.1,161,82,0.0,0.0,0.0,0.197,18.6,22.1,7.95,0.0,69.16,68.96,0.0,0.0
4606,2022-11-30 12:34:16,35749,25.5,208,79,0.0,0.0,0.0,0.197,18.6,22.1,7.95,0.0,69.19,68.99,0.0,0.0
4607,2022-11-30 12:49:18,37741,26.6,255,76,0.0,0.0,0.0,0.197,18.6,22.1,7.95,0.0,69.22,69.02,0.0,0.0
4608,2022-11-30 13:04:21,34753,27.2,292,74,0.0,0.0,0.0,0.197,18.6,22.1,7.95,0.0,69.25,69.05,0.0,0.0
4609,2022-11-30 13:19:24,33926,27.5,321,74,0.0,0.0,0.0,0.197,18.6,22.1,7.95,0.0,69.29,69.09,0.0,0.0
4610,2022-11-30 13:34:27,32382,27.7,381,73,0.0,0.0,0.0,0.197,18.6,22.1,7.95,0.0,69.32,69.12,0.0,0.0
4611,2022-11-30 13:49:30,32700,27.8,402,73,0.0,0.0,0.0,0.197,18.6,22.1,7.95,0.0,69.36,69.16,0.0,0.0
4612,2022-11-30 14:04:33,34173,28.1,463,72,0.0,0.0,0.0,0.197,18.6,22.1,7.95,0.0,69.4,69.2,0.0,0.0
4613,2022-11-30 14:19:36,38871,28.4,503,71,0.0,0.0,0.0,0.197,18.6,22.1,7.95,0.0,69.44,69.24,0.0,0.0
4614,2022-11-30 14:34:43,30097,28.2,546,72,0.0,0.0,0.0,0.197,18.6,22.1,7.95,0.0,69.48,69.27,0.0,0.0
4615,2022-11-30 14:49:45,33011,28.1,598,73,0.0,0.0,0.0,0.197,18.6,22.1,7.95,0.0,69.52,69.32,0.0,0.0
4616,2022-11-30 15:04:48,34559,28.3,577,74,0.0,0.0,0.0,0.197,18.6,22.1,7.95,0.0,69.56,69.36,0.0,0.0
4617,2022-11-30 15:19:51,33654,28.1,588,73,0.0,0.0,0.0,0.197,18.6,22.1,7.95,0.0,69.6,69.4,0.0,0.0
4618,2022-11-30 15:34:54,34346,28.3,580,73,0.0,0.0,0.0,0.197,18.6,22.1,7.95,0.0,69.64,69.44,0.0,0.0
4619,2022-11-30 15:49:57,37638,28.0,320,74,0.0,0.0,0.0,0.197,18.6,22.1,7.95,0.0,69.68,69.48,0.0,0.0
4620,2022-11-30 16:05:00,32780,27.9,441,74,0.0,0.0,0.0,0.197,18.6,22.1,7.95,0.0,69.71,69.51,0.0,0.0
4621,2022-11-30 16:20:05,36921,27.7,245,76,0.0,0.0,0.0,0.197,18.6,22.1,7.95,0.0,69.75,69.55,0.0,0.0
4622,2022-11-30 16:35:04,36332,27.5,250,77,0.0,0.0,0.0,0.197,18.6,22.1,7.95,0.0,69.78,69.58,0.0,0.0
4623,2022-11-30 16:50:07,33977,27.7,415,77,0.0,0.0,0.0,0.197,18.6,22.1,7.95,0.0,69.81,69.61,0.0,0.0
4624,2022-11-30 17:05:09,37445,27.7,339,76,0.0,0.0,0.0,0.197,18.6,22.1,7.95,0.0,69.85,69.65,0.0,0.0
4625,2022-11-30 17:20:11,35530,28.1,205,76,0.0,0.0,0.0,0.197,18.6,22.1,7.95,0.0,69.88,69.68,0.0,0.0
4626,2022-11-30 17:35:14,34115,28.3,158,77,0.0,0.0,0.0,0.197,18.6,22.1,7.95,0.0,69.91,69.71,0.0,0.0
4627,2022-11-30 17:50:17,33219,28.6,745,70,0.0,0.0,0.0,0.197,18.6,22.1,7.95,0.0,69.94,69.74,0.0,0.0
4628,2022-11-30 18:05:20,32305,29.4,633,66,0.0,0.0,0.0,0.197,18.6,22.1,7.95,0.0,69.98,69.78,0.0,0.0
4629,2022-11-30 18:20:23,34947,29.8,532,62,0.0,0.0,0.0,0.197,18.6,22.1,7.95,0.0,70.02,69.82,0.0,0.0
4630,2022-11-30 18:35:26,34144,29.9,514,61,0.0,0.0,0.0,0.197,18.6,22.1,7.95,0.0,70.06,69.86,0.0,0.0
4631,2022-11-30 18:50:29,30745,29.9,491,62,0.0,0.0,0.0,0.197,18.6,22.1,7.95,0.0,70.09,69.89,0.0,0.0
4632,2022-11-30 19:05:36,34596,30.0,357,61,0.0,0.0,0.0,0.197,18.6,22.1,7.95,0.0,70.13,69.93,0.0,0.0
4633,2022-11-30 19:20:38,32314,29.6,219,63,0.0,0.0,0.0,0.197,18.6,22.1,7.95,0.0,70.17,69.97,0.0,0.0
4634,2022-11-30 19:35:41,31763,29.1,110,65,0.0,0.0,0.0,0.197,18.6,22.1,7.95,0.0,70.19,69.99,0.0,0.0
4635,2022-11-30 19:50:48,38549,29.1,202,66,0.0,0.0,0.0,0.197,18.6,22.1,7.95,0.0,70.22,70.02,0.0,0.0
4636,2022-11-30 20:05:47,31125,29.7,268,65,0.0,0.0,0.0,0.197,18.6,22.1,7.95,0.0,70.25,70.05,0.0,0.0
4637,2022-11-30 20:20:50,34750,29.8,243,64,0.0,0.0,0.0,0.197,18.6,22.1,7.95,0.0,70.28,70.08,0.0,0.0
4638,2022-11-30 20:35:53,35895,29.5,134,64,0.0,0.0,0.0,0.197,18.6,22.1,7.95,0.0,70.31,70.11,0.0,0.0
4639,2022-11-30 20:50:56,34539,29.1,96,66,0.0,0.0,0.0,0.197,18.6,22.1,7.95,0.0,70.34,70.14,0.0,0.0
4640,2022-11-30 21:05:57,32917,28.6,64,72,0.0,0.0,0.0,0.197,18.6,22.1,7.95,0.0,70.36,70.16,0.0,0.0
4641,2022-11-30 21:20:59,34111,27.6,30,78,0.0,0.0,0.0,0.197,18.6,22.1,7.95,0.0,70.38,70.18,0.0,0.0
4642,2022-11-30 21:36:04,36242,27.0,4,81,0.0,0.0,0.0,0.197,18.6,22.1,7.95,0.0,70.4,70.2,0.0,0.0
4643,2022-11-30 21:51:04,33862,26.7,0,83,0.0,0.0,0.0,0.197,18.6,22.1,7.95,0.0,70.42,70.22,0.0,0.0
4644,2022-11-30 22:06:07,29577,26.4,0,84,0.0,0.0,0.0,0.197,18.6,22.1,7.95,0.0,70.43,70.23,0.0,0.0
4645,2022-11-30 22:21:10,37771,26.1,0,84,0.0,0.0,0.0,0.197,18.6,22.1,7.95,0.0,70.43,70.23,0.0,0.0
4646,2022-11-30 22:36:13,36832,25.5,0,86,0.0,0.0,0.0,0.197,18.6,22.1,7.95,0.0,70.43,70.23,0.0,0.0
4647,2022-11-30 22:51:16,38520,24.8,0,87,0.0,0.0,0.0,0.197,18.6,22.1,7.95,0.0,70.43,70.23,0.0,0.0
4648,2022-11-30 23:06:19,31293,24.6,1,87,0.0,0.0,0.0,0.197,18.6,22.1,7.95,0.0,70.44,70.24,0.0,0.0
4649,2022-11-30 23:21:26,25680,24.1,0,87,0.0,0.0,0.0,0.197,18.6,22.1,7.95,0.0,48.7,48.5,0.0,0.0
4650,2022-11-30 23:36:29,30551,24.1,0,85,0.0,0.0,0.0,0.197,18.6,22.1,7.95,0.0,48.71,48.51,0.0,0.0
4651,2022-11-30 23:51:31,24812,23.7,0,85,0.0,0.0,0.0,0.197,18.6,22.0,7.95,0.0,48.74,48.53,0.0,0.0
4652,2022-12-01 00:06:34,26596,23.6,0,84,0.0,0.0,0.0,0.197,18.6,21.8,7.95,0.0,48.77,48.56,0.0,0.0
4653,2022-12-01 00:21:37,26450,23.7,1,84,0.0,0.0,0.0,0.197,18.6,21.8,7.95,0.0,48.81,48.6,0.0,0.0
4654,2022-12-01 00:36:40,20709,23.7,1,85,0.0,0.0,0.0,0.197,18.6,21.8,7.95,0.0,48.86,48.65,0.0,0.0
4655,2022-12-01 00:51:43,23584,23.8,1,85,0.0,0.0,0.0,0.197,18.6,21.8,7.95,0.0,48.91,48.7,0.0,0.0
4656,2022-12-01 01:06:45,22932,23.7,1,85,0.0,0.0,0.0,0.197,18.6,21.8,7.95,0.0,48.96,48.76,0.0,0.0
4657,2022-12-01 01:21:47,29761,23.7,1,86,0.0,0.0,0.0,0.197,18.6,21.8,7.95,0.0,49.02,48.81,0.0,0.0
4658,2022-12-01 01:36:49,24337,23.6,1,86,0.0,0.0,0.0,0.197,18.6,21.8,7.95,0.0,49.07,48.86,0.0,0.0
4659,2022-12-01 01:51:52,25040,22.8,0,87,0.0,0.0,0.0,0.197,18.6,21.8,7.95,0.0,49.11,48.9,0.0,0.0
4660,2022-12-01 02:06:54,24253,22.7,1,88,0.0,0.0,0.0,0.197,18.6,21.8,7.95,0.0,49.12,48.91,0.0,0.0
4661,2022-12-01 02:21:57,23331,22.4,0,89,0.0,0.0,0.0,0.197,18.6,21.8,7.95,0.0,49.17,48.97,0.0,0.0
4662,2022-12-01 02:37:00,29641,22.2,1,89,0.0,0.0,0.0,0.197,18.6,21.8,7.95,0.0,49.19,48.98,0.0,0.0
4663,2022-12-01 02:52:03,22337,21.9,0,89,0.0,0.0,0.0,0.197,18.6,21.8,7.95,0.0,49.24,49.03,0.0,0.0
4664,2022-12-01 03:07:06,24357,21.7,0,90,0.0,0.0,0.0,0.197,18.6,21.8,7.95,0.0,49.25,49.05,0.0,0.0
4665,2022-12-01 03:22:09,22349,21.9,0,90,0.0,0.0,0.0,0.197,18.6,21.8,7.95,0.0,49.28,49.07,0.0,0.0
4666,2022-12-01 03:37:12,25072,22.2,0,90,0.0,0.0,0.0,0.197,18.6,21.8,7.95,0.0,49.31,49.1,0.0,0.0
4667,2022-12-01 03:52:19,29146,22.2,0,90,0.0,0.0,0.0,0.197,18.6,21.8,7.95,0.0,49.32,49.11,0.0,0.0
4668,2022-12-01 04:07:21,25157,22.2,0,91,0.0,0.0,0.0,0.197,18.6,21.8,7.95,0.0,49.34,49.13,0.0,0.0
4669,2022-12-01 04:22:24,33066,22.0,0,90,0.0,0.0,0.0,0.197,18.6,21.8,7.95,0.0,49.35,49.14,0.0,0.0
4670,2022-12-01 04:37:27,36262,21.8,0,90,0.0,0.0,0.0,0.197,18.6,21.8,7.95,0.0,70.46,70.26,0.0,0.0
4671,2022-12-01 04:52:30,41614,21.6,0,90,0.0,0.0,0.0,0.197,18.6,21.8,7.95,0.0,70.46,70.26,0.0,0.0
4672,2022-12-01 05:07:33,34410,21.5,0,91,0.0,0.0,0.0,0.197,18.6,21.8,7.95,0.0,70.46,70.26,0.0,0.0
4673,2022-12-01 05:22:35,34905,21.4,0,90,0.0,0.0,0.0,0.197,18.6,21.8,7.95,0.0,70.46,70.26,0.0,0.0
4674,2022-12-01 05:37:37,36476,21.2,0,90,0.0,0.0,0.0,0.197,18.6,21.8,7.95,0.0,70.46,70.26,0.0,0.0
4675,2022-12-01 05:52:39,33930,21.0,0,91,0.0,0.0,0.0,0.197,18.6,21.8,7.95,0.0,70.46,70.26,0.0,0.0
4676,2022-12-01 06:07:42,35758,21.1,0,91,0.0,0.0,0.0,0.197,18.6,21.8,7.95,0.0,70.46,70.26,0.0,0.0
4677,2022-12-01 06:22:44,35630,21.2,0,91,0.0,0.0,0.0,0.197,18.6,21.8,7.95,0.0,70.46,70.26,0.0,0.0
4678,2022-12-01 06:37:47,34024,21.2,0,89,0.0,0.0,0.0,0.197,18.6,21.8,7.95,0.0,70.47,70.27,0.0,0.0
4679,2022-12-01 06:52:50,33058,21.3,0,88,0.0,0.0,0.0,0.197,18.6,21.8,7.95,0.0,70.47,70.27,0.0,0.0
4680,2022-12-01 07:07:53,31200,21.4,0,88,0.0,0.0,0.0,0.197,18.6,21.8,7.95,0.0,70.47,70.27,0.0,0.0
4681,2022-12-01 07:22:56,33915,21.3,0,88,0.0,0.0,0.0,0.197,18.6,21.8,7.95,0.0,70.47,70.27,0.0,0.0
4682,2022-12-01 07:37:59,38992,21.5,0,87,0.0,0.0,0.0,0.197,18.6,21.8,7.95,0.0,70.47,70.27,0.0,0.0
4683,2022-12-01 07:53:02,31413,21.6,0,87,0.0,0.0,0.0,0.197,18.6,21.8,7.95,0.0,70.47,70.27,0.0,0.0
4684,2022-12-01 08:08:09,33558,21.7,0,87,0.0,0.0,0.0,0.197,18.6,21.8,7.95,0.0,70.47,70.27,0.0,0.0
4685,2022-12-01 08:23:11,35453,21.7,0,87,0.0,0.0,0.0,0.197,18.6,21.8,7.95,0.0,70.47,70.27,0.0,0.0
4686,2022-12-01 08:38:14,36043,21.7,0,88,0.0,0.0,0.0,0.197,18.6,21.8,7.95,0.0,70.47,70.28,0.0,0.0
4687,2022-12-01 08:53:17,33436,22.0,0,87,0.0,0.0,0.0,0.197,18.6,21.8,7.95,0.0,70.48,70.28,0.0,0.0
4688,2022-12-01 09:08:20,34895,22.1,0,86,0.0,0.0,0.0,0.197,18.6,21.8,7.95,0.0,70.49,70.29,0.0,0.0
4689,2022-12-01 09:23:23,35789,22.2,0,86,0.0,0.0,0.0,0.197,18.6,21.8,7.95,0.0,70.49,70.29,0.0,0.0
4690,2022-12-01 09:38:26,33898,22.3,0,86,0.0,0.0,0.0,0.197,18.6,21.8,7.95,0.0,70.49,70.29,0.0,0.0
4691,2022-12-01 09:53:28,34947,22.3,0,86,0.0,0.0,0.0,0.197,18.6,21.8,7.95,0.0,70.49,70.29,0.0,0.0
4692,2022-12-01 10:08:29,21950,22.4,0,85,0.0,0.0,0.0,0.197,18.6,21.8,7.95,25.0,45.49,45.29,45.49,0.0
4693,2022-12-01 10:23:32,23776,22.4,0,85,0.0,0.0,0.0,0.197,18.6,21.8,7.95,0.0,45.52,45.32,0.0,0.0
4694,2022-12-01 10:38:35,30605,22.4,0,85,0.0,0.0,0.0,0.197,18.6,21.8,7.95,0.0,45.52,45.32,0.0,0.0
4695,2022-12-01 10:53:37,19686,22.3,0,85,0.0,0.0,0.0,0.197,18.6,21.8,7.95,0.0,45.53,45.33,0.0,0.0
4696,2022-12-01 11:08:40,18405,22.3,3,86,0.0,0.0,0.0,0.197,18.6,21.8,7.95,0.0,45.55,45.35,0.0,0.0
4697,2022-12-01 11:23:49,23374,22.3,12,86,0.0,0.0,0.0,0.197,18.6,21.8,7.95,0.0,45.6,45.4,0.0,0.0
4698,2022-12-01 11:38:46,22612,22.4,31,85,0.0,0.0,0.0,0.197,18.6,21.8,7.95,0.0,45.65,45.45,0.0,0.0
4699,2022-12-01 11:53:49,18607,22.5,49,85,0.0,0.0,0.0,0.197,18.6,21.8,7.95,0.0,45.71,45.51,0.0,0.0
4700,2022-12-01 12:08:52,17689,23.3,64,82,0.0,0.0,0.0,0.197,18.6,21.8,7.95,0.0,45.76,45.56,0.0,0.0
4701,2022-12-01 12:23:59,21408,23.9,146,79,0.0,0.0,0.0,0.197,18.6,21.8,7.95,0.0,45.82,45.62,0.0,0.0
4702,2022-12-01 12:39:01,23411,24.5,213,78,0.0,0.0,0.0,0.197,18.6,21.8,7.95,0.0,45.88,45.68,0.0,0.0
4703,2022-12-01 12:54:04,22414,25.0,297,76,0.0,0.0,0.0,0.197,18.6,21.8,7.95,0.0,45.95,45.75,0.0,0.0
4704,2022-12-01 13:09:07,22961,25.5,364,74,0.0,0.0,0.0,0.197,18.6,21.8,7.95,0.0,46.03,45.83,0.0,0.0
4705,2022-12-01 13:24:10,27532,25.4,245,73,0.0,0.0,0.0,0.197,18.6,21.8,7.95,0.0,46.11,45.91,0.0,0.0
4706,2022-12-01 13:39:13,23445,25.1,229,75,0.0,0.0,0.0,0.197,18.6,21.8,7.95,0.0,46.18,45.98,0.0,0.0
4707,2022-12-01 13:54:16,24462,25.3,285,73,0.0,0.0,0.0,0.197,18.6,21.8,7.95,0.0,46.26,46.05,0.0,0.0
4708,2022-12-01 14:09:19,23704,25.9,619,72,0.0,0.0,0.0,0.197,18.6,21.8,7.95,0.0,46.33,46.13,0.0,0.0
4709,2022-12-01 14:24:20,24181,26.1,535,71,0.0,0.0,0.0,0.197,18.6,21.8,7.95,0.0,46.42,46.22,0.0,0.0
4710,2022-12-01 14:39:22,25534,26.1,579,72,0.0,0.0,0.0,0.197,18.6,21.8,7.95,0.0,46.51,46.31,0.0,0.0
4711,2022-12-01 14:54:25,23253,26.2,450,72,0.0,0.0,0.0,0.197,18.6,21.8,7.95,0.0,46.6,46.4,0.0,0.0
4712,2022-12-01 15:09:27,25887,25.9,586,71,0.0,0.0,0.0,0.197,18.6,21.8,7.95,0.0,46.68,46.48,0.0,0.0
4713,2022-12-01 15:24:30,23323,26.4,451,71,0.0,0.0,0.0,0.197,18.6,21.8,7.95,0.0,46.77,46.57,0.0,0.0
4714,2022-12-01 15:39:33,27304,26.0,358,70,0.0,0.0,0.0,0.197,18.6,21.8,7.95,0.0,46.85,46.65,0.0,0.0
4715,2022-12-01 15:54:36,24401,26.3,542,70,0.0,0.0,0.0,0.197,18.6,21.8,7.95,0.0,46.93,46.73,0.0,0.0
4716,2022-12-01 16:09:42,22977,25.7,395,71,0.0,0.0,0.0,0.197,18.6,21.8,7.95,0.0,47.02,46.81,0.0,0.0
4717,2022-12-01 16:24:42,22899,26.0,320,70,0.0,0.0,0.0,0.197,18.6,21.8,7.95,0.0,47.1,46.89,0.0,0.0
4718,2022-12-01 16:39:49,24544,25.6,283,72,0.0,0.0,0.0,0.197,18.6,21.8,7.95,0.0,47.17,46.97,0.0,0.0
4719,2022-12-01 16:54:51,19004,25.2,204,72,0.0,0.0,0.0,0.197,18.6,21.8,7.95,0.0,47.24,47.04,0.0,0.0
4720,2022-12-01 17:09:54,24975,25.4,425,71,0.0,0.0,0.0,0.197,18.6,21.8,7.95,0.0,47.31,47.11,0.0,0.0
4721,2022-12-01 17:24:57,29538,25.9,689,68,0.0,0.0,0.0,0.197,18.6,21.8,7.95,0.0,47.39,47.19,0.0,0.0
4722,2022-12-01 17:40:00,20039,26.1,660,68,0.0,0.0,0.0,0.197,18.6,21.8,7.95,0.0,47.48,47.28,0.0,0.0
4723,2022-12-01 17:55:03,24110,26.2,535,66,0.0,0.0,0.0,0.197,18.6,21.8,7.95,0.0,47.57,47.37,0.0,0.0
4724,2022-12-01 18:10:06,22745,26.2,568,66,0.0,0.0,0.0,0.197,18.6,21.8,7.95,0.0,47.66,47.45,0.0,0.0
4725,2022-12-01 18:25:09,23351,26.2,556,64,0.0,0.0,0.0,0.197,18.6,21.8,7.95,0.0,47.75,47.54,0.0,0.0
4726,2022-12-01 18:40:10,25608,26.2,502,66,0.0,0.0,0.0,0.197,18.6,21.8,7.95,0.0,47.83,47.63,0.0,0.0
4727,2022-12-01 18:55:13,25468,25.8,184,68,0.0,0.0,0.0,0.197,18.6,21.8,7.95,0.0,47.92,47.71,0.0,0.0
4728,2022-12-01 19:10:18,29746,25.5,283,68,0.0,0.0,0.0,0.197,18.6,21.8,7.95,0.0,47.98,47.77,0.0,0.0
4729,2022-12-01 19:30:18,26411,25.6,392,67,0.0,0.0,0.0,0.197,18.6,21.8,7.95,0.0,48.05,47.85,0.0,0.0
4730,2022-12-01 19:45:21,24395,25.8,251,68,0.0,0.0,0.0,0.197,18.6,21.8,7.95,0.0,48.13,47.93,0.0,0.0
4731,2022-12-01 20:00:24,21918,25.3,167,69,0.0,0.0,0.0,0.197,18.6,21.8,7.95,0.0,48.2,47.99,0.0,0.0
4732,2022-12-01 20:15:27,20837,24.9,153,68,0.0,0.0,0.0,0.197,18.6,21.8,7.95,0.0,48.26,48.06,0.0,0.0
4733,2022-12-01 20:30:30,25524,24.6,131,67,0.0,0.0,0.0,0.197,18.6,21.8,7.95,0.0,48.32,48.12,0.0,0.0
4734,2022-12-01 20:45:33,27255,24.6,106,67,0.0,0.0,0.0,0.197,18.6,21.8,7.95,0.0,48.38,48.18,0.0,0.0
4735,2022-12-01 21:00:40,20575,24.8,92,68,0.0,0.0,0.0,0.197,18.6,21.8,7.95,0.0,48.44,48.23,0.0,0.0
4736,2022-12-01 21:15:42,25605,24.4,22,68,0.0,0.0,0.0,0.197,18.6,21.8,7.95,0.0,48.5,48.29,0.0,0.0
4737,2022-12-01 21:30:45,24540,24.1,9,67,0.0,0.0,0.0,0.197,18.6,21.8,7.95,0.0,48.54,48.34,0.0,0.0
4738,2022-12-01 21:45:48,27999,23.9,2,65,0.0,0.0,0.0,0.197,18.6,21.8,7.95,0.0,48.59,48.38,0.0,0.0
4739,2022-12-01 22:00:51,22377,23.9,0,67,0.0,0.0,0.0,0.197,18.6,21.8,7.95,0.0,48.63,48.43,0.0,0.0
4740,2022-12-01 22:15:54,28386,24.0,0,67,0.0,0.0,0.0,0.197,18.6,21.8,7.95,0.0,48.65,48.45,0.0,0.0
4741,2022-12-01 22:30:57,23445,24.0,0,67,0.0,0.0,0.0,0.197,18.6,21.8,7.95,0.0,48.66,48.45,0.0,0.0
4742,2022-12-01 22:45:59,24533,23.9,0,68,0.0,0.0,0.0,0.197,18.6,21.8,7.95,0.0,48.67,48.46,0.0,0.0
4743,2022-12-01 23:01:01,22262,23.8,0,66,0.0,0.0,0.0,0.197,18.6,21.8,7.95,0.0,48.68,48.47,0.0,0.0
4744,2022-12-01 23:16:03,22050,23.9,0,69,0.0,0.0,0.0,0.197,18.6,21.8,7.95,0.0,48.68,48.48,0.0,0.0
4745,2022-12-01 23:31:06,24924,24.0,0,72,0.0,0.0,0.0,0.197,18.6,21.8,7.95,0.0,48.71,48.5,0.0,0.0
4746,2022-12-01 23:46:08,25655,24.1,0,69,0.0,0.0,0.0,0.197,18.6,21.8,7.95,0.0,48.73,48.53,0.0,0.0
4747,2022-12-02 00:01:11,24379,24.0,0,72,0.0,0.0,0.0,0.197,18.6,21.6,7.95,0.0,48.75,48.54,0.0,0.0
4748,2022-12-02 00:16:14,27653,24.0,0,74,0.0,0.0,0.0,0.197,18.6,21.6,7.95,0.0,48.79,48.58,0.0,0.0
4749,2022-12-02 00:31:17,27098,24.0,0,71,0.0,0.0,0.0,0.197,18.6,21.6,7.95,0.0,48.84,48.63,0.0,0.0
4750,2022-12-02 00:46:20,23901,24.0,0,70,0.0,0.0,0.0,0.197,18.6,21.6,7.95,0.0,48.89,48.68,0.0,0.0
4751,2022-12-02 01:01:23,26696,23.8,0,74,0.0,0.0,0.0,0.197,18.6,21.6,7.95,0.0,48.94,48.74,0.0,0.0
4752,2022-12-02 01:16:30,21615,23.8,0,74,0.0,0.0,0.0,0.197,18.6,21.6,7.95,0.0,49.0,48.79,0.0,0.0
4753,2022-12-02 01:31:32,22004,23.9,0,74,0.0,0.0,0.0,0.197,18.6,21.6,7.95,0.0,49.05,48.84,0.0,0.0
4754,2022-12-02 01:46:35,27082,23.8,0,73,0.0,0.0,0.0,0.197,18.6,21.6,7.95,0.0,49.1,48.89,0.0,0.0
4755,2022-12-02 02:01:38,24979,23.8,0,72,0.0,0.0,0.0,0.197,18.6,21.6,7.95,0.0,49.12,48.91,0.0,0.0
4756,2022-12-02 02:16:41,24355,23.7,0,74,0.0,0.0,0.0,0.197,18.6,21.6,7.95,0.0,49.15,48.95,0.0,0.0
4757,2022-12-02 02:31:44,23567,23.6,0,73,0.0,0.0,0.0,0.197,18.6,21.6,7.95,0.0,49.18,48.97,0.0,0.0
4758,2022-12-02 02:46:47,24831,23.5,0,73,0.0,0.0,0.0,0.197,18.6,21.6,7.95,0.0,49.22,49.01,0.0,0.0
4759,2022-12-02 03:01:49,23829,23.4,0,73,0.0,0.0,0.0,0.197,18.6,21.6,7.95,0.0,49.25,49.04,0.0,0.0
4760,2022-12-02 03:16:51,29044,23.3,0,73,0.0,0.0,0.0,0.197,18.6,21.6,7.95,0.0,49.27,49.07,0.0,0.0
4761,2022-12-02 03:31:53,22610,23.2,0,72,0.0,0.0,0.0,0.197,18.6,21.6,7.95,0.0,49.29,49.08,0.0,0.0
4762,2022-12-02 03:46:56,23621,23.1,0,70,0.0,0.0,0.0,0.197,18.6,21.6,7.95,0.0,49.32,49.11,0.0,0.0
4763,2022-12-02 04:01:58,24673,23.3,0,69,0.0,0.0,0.0,0.197,18.6,21.6,7.95,0.0,49.33,49.12,0.0,0.0
4764,2022-12-02 04:17:01,23958,23.3,0,70,0.0,0.0,0.0,0.197,18.6,21.6,7.95,0.0,49.34,49.13,0.0,0.0
4765,2022-12-02 04:32:04,23195,23.4,0,69,0.0,0.0,0.0,0.197,18.6,21.6,7.95,0.0,49.37,49.16,0.0,0.0
4766,2022-12-02 04:47:07,27941,23.4,0,67,0.0,0.0,0.0,0.197,18.6,21.6,7.95,0.0,49.37,49.17,0.0,0.0
4767,2022-12-02 05:02:10,21637,23.4,0,68,0.0,0.0,0.0,0.197,18.6,21.6,7.95,0.0,49.38,49.17,0.0,0.0
4768,2022-12-02 05:17:13,23721,23.5,0,70,0.0,0.0,0.0,0.197,18.6,21.6,7.95,0.0,49.4,49.19,0.0,0.0
4769,2022-12-02 05:32:19,24971,23.5,0,70,0.0,0.0,0.0,0.197,18.6,21.6,7.95,0.0,49.41,49.2,0.0,0.0
4770,2022-12-02 05:47:23,28310,23.5,0,68,0.0,0.0,0.0,0.197,18.6,21.6,7.95,0.0,49.42,49.21,0.0,0.0
4771,2022-12-02 06:02:25,20417,23.4,0,67,0.0,0.0,0.0,0.197,18.6,21.6,7.95,0.0,49.42,49.21,0.0,0.0
4772,2022-12-02 06:17:28,22524,23.4,0,68,0.0,0.0,0.0,0.197,18.6,21.6,7.95,0.0,49.43,49.22,0.0,0.0
4773,2022-12-02 06:32:31,24428,23.4,0,69,0.0,0.0,0.0,0.197,18.6,21.6,7.95,0.0,49.44,49.23,0.0,0.0
4774,2022-12-02 06:47:34,26330,23.3,0,70,0.0,0.0,0.0,0.197,18.6,21.6,7.95,0.0,49.44,49.23,0.0,0.0
4775,2022-12-02 07:02:37,22870,23.3,0,68,0.0,0.0,0.0,0.197,18.6,21.6,7.95,0.0,49.45,49.24,0.0,0.0
4776,2022-12-02 07:17:39,26935,23.4,0,65,0.0,0.0,0.0,0.197,18.6,21.6,7.95,0.0,49.46,49.25,0.0,0.0
4777,2022-12-02 07:32:41,24392,23.3,0,66,0.0,0.0,0.0,0.197,18.6,21.6,7.95,0.0,49.46,49.26,0.0,0.0
4778,2022-12-02 07:47:43,22441,23.1,0,66,0.0,0.0,0.0,0.197,18.6,21.6,7.95,0.0,49.47,49.26,0.0,0.0
4779,2022-12-02 08:02:46,20719,23.1,0,69,0.0,0.0,0.0,0.197,18.6,21.6,7.95,0.0,49.48,49.27,0.0,0.0
4780,2022-12-02 08:17:48,25533,23.3,0,69,0.0,0.0,0.0,0.197,18.6,21.6,7.95,0.0,49.5,49.29,0.0,0.0
4781,2022-12-02 08:32:51,25076,23.3,0,65,0.0,0.0,0.0,0.197,18.6,21.6,7.95,0.0,49.51,49.3,0.0,0.0
4782,2022-12-02 08:47:54,28115,23.2,0,65,0.0,0.0,0.0,0.197,18.6,21.6,7.95,0.0,49.51,49.3,0.0,0.0
4783,2022-12-02 09:02:57,28589,23.3,0,67,0.0,0.0,0.0,0.197,18.6,21.6,7.95,0.0,49.52,49.31,0.0,0.0
4784,2022-12-02 09:18:00,28180,23.3,0,66,0.0,0.0,0.0,0.197,18.6,21.6,7.95,0.0,49.54,49.33,0.0,0.0
4785,2022-12-02 09:33:03,23726,23.3,0,66,0.0,0.0,0.0,0.197,18.6,21.6,7.95,0.0,49.55,49.34,0.0,0.0
4786,2022-12-02 09:48:08,27249,23.4,0,65,0.0,0.0,0.0,0.197,18.6,21.6,7.95,0.0,49.55,49.34,0.0,0.0
4787,2022-12-02 10:03:13,23845,23.4,0,66,0.0,0.0,0.0,0.197,18.6,21.6,7.95,0.0,49.56,49.35,49.56,0.0
4788,2022-12-02 10:18:15,23439,23.3,0,68,0.0,0.0,0.0,0.197,18.6,21.6,7.95,0.0,49.57,49.36,0.0,0.0
4789,2022-12-02 10:33:18,22100,23.3,0,67,0.0,0.0,0.0,0.197,18.6,21.6,7.95,0.0,49.57,49.36,0.0,0.0
4790,2022-12-02 10:48:21,20880,23.3,0,67,0.0,0.0,0.0,0.197,18.6,21.6,7.95,0.0,49.58,49.37,0.0,0.0
4791,2022-12-02 11:03:24,27661,23.4,1,67,0.0,0.0,0.0,0.197,18.6,21.6,7.95,0.0,49.59,49.38,0.0,0.0
4792,2022-12-02 11:18:27,24805,23.3,7,70,0.0,0.0,0.0,0.197,18.6,21.6,7.95,0.0,49.63,49.42,0.0,0.0
4793,2022-12-02 11:33:30,23670,23.3,29,69,0.0,0.0,0.0,0.197,18.6,21.6,7.95,0.0,49.68,49.47,0.0,0.0
4794,2022-12-02 11:48:31,22380,23.8,87,68,0.0,0.0,0.0,0.197,18.6,21.6,7.95,0.0,49.72,49.51,0.0,0.0
4795,2022-12-02 12:03:36,21484,23.9,110,66,0.0,0.0,0.0,0.197,18.6,21.6,7.95,0.0,49.78,49.57,0.0,0.0
4796,2022-12-02 12:18:36,26888,24.0,152,65,0.0,0.0,0.0,0.197,18.6,21.6,7.95,0.0,49.83,49.62,0.0,0.0
4797,2022-12-02 12:33:38,23282,24.3,184,67,0.0,0.0,0.0,0.197,18.6,21.6,7.95,0.0,49.89,49.68,0.0,0.0
4798,2022-12-02 12:48:41,30058,24.0,101,67,0.0,0.0,0.0,0.197,18.6,21.6,7.95,0.0,49.95,49.74,0.0,0.0
4799,2022-12-02 13:03:44,24962,24.3,300,66,0.0,0.0,0.0,0.197,18.6,21.6,7.95,0.0,50.01,49.8,0.0,0.0
4800,2022-12-02 13:18:47,24296,24.5,240,66,0.0,0.0,0.0,0.197,18.6,21.6,7.95,0.0,50.08,49.86,0.0,0.0
4801,2022-12-02 13:33:50,26593,25.0,443,62,0.0,0.0,0.0,0.197,18.6,21.6,7.95,0.0,50.14,49.93,0.0,0.0
4802,2022-12-02 13:48:53,23606,25.4,483,60,0.0,0.0,0.0,0.197,18.6,21.6,7.95,0.0,50.22,50.01,0.0,0.0
4803,2022-12-02 14:03:56,27480,25.3,488,64,0.0,0.0,0.0,0.197,18.6,21.6,7.95,0.0,50.3,50.09,0.0,0.0
4804,2022-12-02 14:19:03,24318,25.2,487,63,0.0,0.0,0.0,0.197,18.6,21.6,7.95,0.0,50.38,50.17,0.0,0.0
4805,2022-12-02 14:34:05,23991,25.3,556,61,0.0,0.0,0.0,0.197,18.6,21.6,7.95,0.0,50.46,50.24,0.0,0.0
4806,2022-12-02 14:49:08,19017,25.5,586,60,0.0,0.0,0.0,0.197,18.6,21.6,7.95,0.0,50.54,50.33,0.0,0.0
4807,2022-12-02 15:04:11,22257,25.6,608,62,0.0,0.0,0.0,0.197,18.6,21.6,7.95,0.0,50.62,50.41,0.0,0.0
4808,2022-12-02 15:19:14,26706,25.8,670,62,0.0,0.0,0.0,0.197,18.6,21.6,7.95,0.0,50.7,50.49,0.0,0.0
4809,2022-12-02 15:34:17,25718,25.9,654,64,0.0,0.0,0.0,0.197,18.6,21.6,7.95,0.0,50.79,50.57,0.0,0.0
4810,2022-12-02 15:49:20,20219,25.6,418,65,0.0,0.0,0.0,0.197,18.6,21.6,7.95,0.0,50.87,50.66,0.0,0.0
4811,2022-12-02 16:04:23,28657,25.3,706,67,0.0,0.0,0.0,0.197,18.6,21.6,7.95,0.0,50.94,50.73,0.0,0.0
4812,2022-12-02 16:19:24,22747,25.9,792,64,0.0,0.0,0.0,0.197,18.6,21.6,7.95,0.0,51.02,50.81,0.0,0.0
4813,2022-12-02 16:34:26,28227,26.0,675,63,0.0,0.0,0.0,0.197,18.6,21.6,7.95,0.0,51.11,50.89,0.0,0.0
4814,2022-12-02 16:49:29,22310,25.9,594,63,0.0,0.0,0.0,0.197,18.6,21.6,7.95,0.0,51.19,50.98,0.0,0.0
4815,2022-12-02 17:04:31,28203,25.7,681,65,0.0,0.0,0.0,0.197,18.6,21.6,7.95,0.0,51.27,51.05,0.0,0.0
4816,2022-12-02 17:19:34,22989,25.6,488,65,0.0,0.0,0.0,0.197,18.6,21.6,7.95,0.0,51.35,51.14,0.0,0.0
4817,2022-12-02 17:34:37,22265,25.5,422,64,0.0,0.0,0.0,0.197,18.6,21.6,7.95,0.0,51.42,51.21,0.0,0.0
4818,2022-12-02 17:49:40,23262,25.7,608,63,0.0,0.0,0.0,0.197,18.6,21.6,7.95,0.0,51.49,51.28,0.0,0.0
4819,2022-12-02 18:04:43,27080,25.8,532,62,0.0,0.0,0.0,0.197,18.6,21.6,7.95,0.0,51.57,51.36,0.0,0.0
4820,2022-12-02 18:19:46,24226,25.8,554,60,0.0,0.0,0.0,0.197,18.6,21.6,7.95,0.0,51.65,51.44,0.0,0.0
4821,2022-12-02 18:34:53,25325,25.8,515,63,0.0,0.0,0.0,0.197,18.6,21.6,7.95,0.0,51.73,51.52,0.0,0.0
4822,2022-12-02 18:49:57,25808,25.8,406,62,0.0,0.0,0.0,0.197,18.6,21.6,7.95,0.0,51.81,51.59,0.0,0.0
4823,2022-12-02 19:04:58,22292,25.5,457,66,0.0,0.0,0.0,0.197,18.6,21.6,7.95,0.0,51.88,51.67,0.0,0.0
4824,2022-12-02 19:20:01,23696,25.6,428,65,0.0,0.0,0.0,0.197,18.6,21.6,7.95,0.0,51.96,51.74,0.0,0.0
4825,2022-12-02 19:35:04,28691,25.5,377,66,0.0,0.0,0.0,0.197,18.6,21.6,7.95,0.0,52.03,51.81,0.0,0.0
4826,2022-12-02 19:50:07,29972,25.1,231,66,0.0,0.0,0.0,0.197,18.6,21.6,7.95,0.0,52.1,51.89,0.0,0.0
4827,2022-12-02 20:05:10,26440,25.1,191,66,0.0,0.0,0.0,0.197,18.6,21.6,7.95,0.0,52.16,51.95,0.0,0.0
4828,2022-12-02 20:20:13,25837,24.9,130,65,0.0,0.0,0.0,0.197,18.6,21.6,7.95,0.0,52.22,52.0,0.0,0.0
4829,2022-12-02 20:35:14,29549,24.9,155,64,0.0,0.0,0.0,0.197,18.6,21.6,7.95,0.0,52.27,52.06,0.0,0.0
4830,2022-12-02 20:50:17,24041,24.6,106,65,0.0,0.0,0.0,0.197,18.6,21.6,7.95,0.0,52.33,52.11,0.0,0.0
4831,2022-12-02 21:10:20,26114,24.5,57,65,0.0,0.0,0.0,0.197,18.6,21.6,7.95,0.0,52.38,52.16,0.0,0.0
4832,2022-12-02 21:25:22,21739,24.5,24,66,0.0,0.0,0.0,0.197,18.6,21.6,7.95,0.0,52.42,52.21,0.0,0.0
4833,2022-12-02 21:40:25,27910,24.4,7,68,0.0,0.0,0.0,0.197,18.6,21.6,7.95,0.0,52.47,52.25,0.0,0.0
4834,2022-12-02 21:55:28,23681,24.2,1,69,0.0,0.0,0.0,0.197,18.6,21.6,7.95,0.0,52.51,52.29,0.0,0.0
4835,2022-12-02 22:10:31,22329,24.2,0,67,0.0,0.0,0.0,0.197,18.6,21.6,7.95,0.0,52.54,52.32,0.0,0.0
4836,2022-12-02 22:25:34,28518,24.3,0,65,0.0,0.0,0.0,0.197,18.6,21.6,7.95,0.0,52.54,52.33,0.0,0.0
4837,2022-12-02 22:40:37,28607,24.2,0,66,0.0,0.0,0.0,0.197,18.6,21.6,7.95,0.0,52.55,52.34,0.0,0.0
4838,2022-12-02 22:55:44,24054,24.3,0,65,0.0,0.0,0.0,0.197,18.6,21.6,7.95,0.0,52.56,52.34,0.0,0.0
4839,2022-12-02 23:10:46,32968,24.2,0,68,0.0,0.0,0.0,0.197,18.6,21.6,7.95,0.0,52.56,52.35,0.0,0.0
4840,2022-12-02 23:25:49,26786,24.1,0,69,0.0,0.0,0.0,0.197,18.6,21.6,7.95,0.0,52.57,52.35,0.0,0.0
4841,2022-12-02 23:40:52,26242,24.2,0,69,0.0,0.0,0.0,0.197,18.6,21.6,7.95,0.0,52.58,52.36,0.0,0.0
4842,2022-12-02 23:55:55,29325,24.2,0,70,0.0,0.0,0.0,0.197,18.6,22.9,7.95,0.0,52.58,52.37,0.0,0.0
4843,2022-12-03 00:10:58,26972,24.4,0,69,0.0,0.0,0.0,0.197,18.6,23.6,7.95,0.0,52.59,52.37,0.0,0.0
4844,2022-12-03 00:26:01,30141,24.3,0,68,0.0,0.0,0.0,0.197,18.6,23.6,7.95,0.0,52.59,52.38,0.0,0.0
4845,2022-12-03 00:41:03,28658,24.4,0,66,0.0,0.0,0.0,0.197,18.6,23.6,7.95,0.0,52.6,52.39,0.0,0.0
4846,2022-12-03 00:56:04,27890,24.3,0,67,0.0,0.0,0.0,0.197,18.6,23.6,7.95,0.0,52.61,52.39,0.0,0.0
4847,2022-12-03 01:11:07,23486,24.4,0,66,0.0,0.0,0.0,0.197,18.6,23.6,7.95,0.0,52.61,52.4,0.0,0.0
4848,2022-12-03 01:26:10,28836,24.3,0,63,0.0,0.0,0.0,0.197,18.6,23.6,7.95,0.0,52.62,52.4,0.0,0.0
4849,2022-12-03 01:41:12,24310,24.2,0,67,0.0,0.0,0.0,0.197,18.6,23.6,7.95,0.0,52.62,52.41,0.0,0.0
4850,2022-12-03 01:56:15,25980,24.2,0,71,0.0,0.0,0.0,0.197,18.6,23.6,7.95,0.0,52.63,52.42,0.0,0.0
4851,2022-12-03 02:11:18,29863,24.4,0,71,0.0,0.0,0.0,0.197,18.6,23.6,7.95,0.0,52.64,52.42,0.0,0.0
4852,2022-12-03 02:26:21,27204,24.5,0,69,0.0,0.0,0.0,0.197,18.6,23.6,7.95,0.0,52.65,52.44,0.0,0.0
4853,2022-12-03 02:41:24,22833,24.5,0,68,0.0,0.0,0.0,0.197,18.6,23.6,7.95,0.0,52.66,52.45,0.0,0.0
4854,2022-12-03 02:56:27,27306,24.4,0,67,0.0,0.0,0.0,0.197,18.6,23.6,7.95,0.0,52.67,52.45,0.0,0.0
4855,2022-12-03 03:11:34,21688,24.4,0,66,0.0,0.0,0.0,0.197,18.6,23.6,7.95,0.0,52.67,52.46,0.0,0.0
4856,2022-12-03 03:26:36,28066,24.5,0,67,0.0,0.0,0.0,0.197,18.6,23.6,7.95,0.0,52.68,52.46,0.0,0.0
4857,2022-12-03 03:41:39,27503,24.4,0,65,0.0,0.0,0.0,0.197,18.6,23.6,7.95,0.0,52.68,52.47,0.0,0.0
4858,2022-12-03 03:56:42,22516,24.5,0,63,0.0,0.0,0.0,0.197,18.6,23.6,7.95,0.0,52.69,52.48,0.0,0.0
4859,2022-12-03 04:11:45,25952,24.4,0,67,0.0,0.0,0.0,0.197,18.6,23.6,7.95,0.0,52.7,52.48,0.0,0.0
4860,2022-12-03 04:26:48,24437,24.3,0,65,0.0,0.0,0.0,0.197,18.6,23.6,7.95,0.0,52.7,52.49,0.0,0.0
4861,2022-12-03 04:41:51,27444,24.4,0,68,0.0,0.0,0.0,0.197,18.6,23.6,7.95,0.0,52.71,52.49,0.0,0.0
4862,2022-12-03 04:56:53,24339,24.2,0,71,0.0,0.0,0.0,0.197,18.6,23.6,7.95,0.0,52.72,52.5,0.0,0.0
4863,2022-12-03 05:11:54,29951,24.1,0,70,0.0,0.0,0.0,0.197,18.6,23.6,7.95,0.0,52.72,52.51,0.0,0.0
4864,2022-12-03 05:26:57,24217,24.2,0,69,0.0,0.0,0.0,0.197,18.6,23.6,7.95,0.0,52.73,52.51,0.0,0.0
4865,2022-12-03 05:42:00,21718,24.1,0,67,0.0,0.0,0.0,0.197,18.6,23.6,7.95,0.0,52.73,52.52,0.0,0.0
4866,2022-12-03 05:57:02,24852,24.1,0,66,0.0,0.0,0.0,0.197,18.6,23.6,7.95,0.0,52.74,52.53,0.0,0.0
4867,2022-12-03 06:12:05,21956,24.0,0,66,0.0,0.0,0.0,0.197,18.6,23.6,7.95,0.0,52.75,52.53,0.0,0.0
4868,2022-12-03 06:27:08,21305,23.9,0,66,0.0,0.0,0.0,0.197,18.6,23.6,7.95,0.0,52.75,52.54,0.0,0.0
4869,2022-12-03 06:42:11,25317,23.9,0,67,0.0,0.0,0.0,0.197,18.6,23.6,7.95,0.0,52.76,52.54,0.0,0.0
4870,2022-12-03 06:57:14,24638,23.9,0,68,0.0,0.0,0.0,0.197,18.6,23.6,7.95,0.0,52.76,52.55,0.0,0.0
4871,2022-12-03 07:12:17,31236,23.8,0,67,0.0,0.0,0.0,0.197,18.6,23.6,7.95,0.0,52.77,52.56,0.0,0.0
4872,2022-12-03 07:27:24,26036,23.7,0,70,0.0,0.0,0.0,0.197,18.6,23.6,7.95,0.0,52.78,52.56,0.0,0.0
4873,2022-12-03 07:42:26,23305,23.9,0,71,0.0,0.0,0.0,0.197,18.6,23.6,7.95,0.0,52.78,52.57,0.0,0.0
4874,2022-12-03 07:57:29,26329,23.9,0,73,0.0,0.0,0.0,0.197,18.6,23.6,7.95,0.0,52.81,52.6,0.0,0.0
4875,2022-12-03 08:12:32,28939,24.0,0,72,0.0,0.0,0.0,0.197,18.6,23.6,7.95,0.0,52.82,52.6,0.0,0.0
4876,2022-12-03 08:27:35,25208,23.9,0,69,0.0,0.0,0.0,0.197,18.6,23.6,7.95,0.0,52.82,52.61,0.0,0.0
4877,2022-12-03 08:42:38,27268,23.9,0,67,0.0,0.0,0.0,0.197,18.6,23.6,7.95,0.0,52.83,52.62,0.0,0.0
4878,2022-12-03 08:57:41,30646,23.8,0,67,0.0,0.0,0.0,0.197,18.6,23.6,7.95,0.0,52.84,52.62,0.0,0.0
4879,2022-12-03 09:12:43,23854,23.8,0,68,0.0,0.0,0.0,0.197,18.6,23.6,7.95,0.0,52.84,52.63,0.0,0.0
4880,2022-12-03 09:27:45,26756,23.7,0,70,0.0,0.0,0.0,0.197,18.6,23.6,7.95,0.0,52.85,52.63,0.0,0.0
4881,2022-12-03 09:42:47,29265,23.7,0,71,0.0,0.0,0.0,0.197,18.6,23.6,7.95,0.0,52.85,52.64,0.0,0.0
4882,2022-12-03 09:57:50,26201,23.7,0,70,0.0,0.0,0.0,0.197,18.6,23.6,7.95,0.0,52.86,52.65,0.0,0.0
4883,2022-12-03 10:12:52,28946,23.8,0,69,0.0,0.0,0.0,0.197,18.6,23.6,7.95,0.0,52.87,52.65,52.87,52.87
4884,2022-12-03 10:27:55,23767,23.9,0,70,0.0,0.0,0.0,0.197,18.6,23.6,7.95,0.0,52.87,52.66,0.0,0.0
4885,2022-12-03 10:42:58,27754,23.9,0,73,0.0,0.0,0.0,0.197,18.6,23.6,7.95,0.0,52.88,52.66,0.0,0.0
4886,2022-12-03 10:58:01,27744,23.8,0,73,0.0,0.0,0.0,0.197,18.6,23.6,7.95,0.0,52.9,52.68,0.0,0.0
4887,2022-12-03 11:13:04,25770,23.7,4,73,0.0,0.0,0.0,0.197,18.6,23.6,7.95,0.0,52.91,52.7,0.0,0.0
4888,2022-12-03 11:28:07,26836,23.7,15,74,0.0,0.0,0.0,0.197,18.6,23.6,7.95,0.0,52.95,52.74,0.0,0.0
4889,2022-12-03 11:43:14,26187,23.8,37,72,0.0,0.0,0.0,0.197,18.6,23.6,7.95,0.0,53.0,52.78,0.0,0.0
4890,2022-12-03 11:58:16,22057,24.0,59,71,0.0,0.0,0.0,0.197,18.6,23.6,7.95,0.0,53.04,52.82,0.0,0.0
4891,2022-12-03 12:13:19,22026,24.2,95,72,0.0,0.0,0.0,0.197,18.6,23.6,7.95,0.0,53.09,52.87,0.0,0.0
4892,2022-12-03 12:28:22,28395,24.3,140,70,0.0,0.0,0.0,0.197,18.6,23.6,7.95,0.0,53.13,52.92,0.0,0.0
4893,2022-12-03 12:43:25,27983,24.6,188,69,0.0,0.0,0.0,0.197,18.6,23.6,7.95,0.0,53.19,52.97,0.0,0.0
4894,2022-12-03 12:58:28,30323,25.2,284,67,0.0,0.0,0.0,0.197,18.6,23.6,7.95,0.0,53.24,53.03,0.0,0.0
4895,2022-12-03 13:13:31,28458,25.3,257,63,0.0,0.0,0.0,0.197,18.6,23.6,7.95,0.0,53.31,53.09,0.0,0.0
4896,2022-12-03 13:28:34,28774,25.2,213,64,0.0,0.0,0.0,0.197,18.6,23.6,7.95,0.0,53.37,53.15,0.0,0.0
4897,2022-12-03 13:43:35,21164,25.3,276,63,0.0,0.0,0.0,0.197,18.6,23.6,7.95,0.0,53.43,53.21,0.0,0.0
4898,2022-12-03 13:58:37,23528,25.5,338,63,0.0,0.0,0.0,0.197,18.6,23.6,7.95,0.0,53.49,53.27,0.0,0.0
4899,2022-12-03 14:13:40,28574,25.7,388,63,0.0,0.0,0.0,0.197,18.6,23.6,7.95,0.0,53.55,53.34,0.0,0.0
4900,2022-12-03 14:28:42,22807,26.1,515,61,0.0,0.0,0.0,0.197,18.6,23.6,7.95,0.0,53.62,53.41,0.0,0.0
4901,2022-12-03 14:43:45,24238,26.4,598,59,0.0,0.0,0.0,0.197,18.6,23.6,7.95,0.0,53.7,53.48,0.0,0.0
4902,2022-12-03 14:58:48,25556,26.5,497,59,0.0,0.0,0.0,0.197,18.6,23.6,7.95,0.0,53.77,53.55,0.0,0.0
4903,2022-12-03 15:13:51,29263,26.4,534,60,0.0,0.0,0.0,0.197,18.6,23.6,7.95,0.0,53.84,53.62,0.0,0.0
4904,2022-12-03 15:28:54,29549,26.1,636,60,0.0,0.0,0.0,0.197,18.6,23.6,7.95,0.0,53.91,53.7,0.0,0.0
4905,2022-12-03 15:43:57,26093,26.3,653,61,0.0,0.0,0.0,0.197,18.6,23.6,7.95,0.0,53.99,53.77,0.0,0.0
4906,2022-12-03 15:59:04,29463,26.4,652,58,0.0,0.0,0.0,0.197,18.6,23.6,7.95,0.0,54.06,53.85,0.0,0.0
4907,2022-12-03 16:14:07,24818,26.6,662,61,0.0,0.0,0.0,0.197,18.6,23.6,7.95,0.0,54.14,53.92,0.0,0.0
4908,2022-12-03 16:29:09,29857,26.6,669,58,0.0,0.0,0.0,0.197,18.6,23.6,7.95,0.0,54.22,54.0,0.0,0.0
4909,2022-12-03 16:44:12,26574,26.5,666,59,0.0,0.0,0.0,0.197,18.6,23.6,7.95,0.0,54.29,54.07,0.0,0.0
4910,2022-12-03 16:59:15,23036,26.7,624,60,0.0,0.0,0.0,0.197,18.6,23.6,7.95,0.0,54.37,54.15,0.0,0.0
4911,2022-12-03 17:14:18,29381,26.8,596,60,0.0,0.0,0.0,0.197,18.6,23.6,7.95,0.0,54.44,54.22,0.0,0.0
4912,2022-12-03 17:29:21,33729,27.1,570,62,0.0,0.0,0.0,0.197,18.6,23.6,7.95,0.0,54.51,54.3,0.0,0.0
4913,2022-12-03 17:44:24,28041,26.6,477,63,0.0,0.0,0.0,0.197,18.6,23.6,7.95,0.0,54.59,54.37,0.0,0.0
4914,2022-12-03 17:59:25,27078,26.0,277,66,0.0,0.0,0.0,0.197,18.6,23.6,7.95,0.0,54.65,54.43,0.0,0.0
4915,2022-12-03 18:14:28,29848,25.8,355,70,0.0,0.0,0.0,0.197,18.6,23.6,7.95,0.0,54.71,54.49,0.0,0.0
4916,2022-12-03 18:29:30,29637,26.3,465,69,0.0,0.0,0.0,0.197,18.6,23.6,7.95,0.0,54.78,54.56,0.0,0.0
4917,2022-12-03 18:44:33,29367,25.6,214,72,0.0,0.0,0.0,0.197,18.6,23.6,7.95,0.0,54.84,54.63,0.0,0.0
4918,2022-12-03 18:59:35,22982,25.3,347,73,0.0,0.0,0.0,0.197,18.6,23.6,7.95,0.0,54.9,54.68,0.0,0.0
4919,2022-12-03 19:14:38,25025,24.2,114,79,0.0,0.0,0.0,0.197,18.6,23.6,7.95,0.0,54.96,54.74,0.0,0.0
4920,2022-12-03 19:29:41,25478,24.2,142,79,0.0,0.0,0.0,0.197,18.6,23.6,7.95,0.0,55.01,54.79,0.0,0.0
4921,2022-12-03 19:44:44,29151,24.5,135,78,0.0,0.0,0.0,0.197,18.6,23.6,7.95,0.0,55.06,54.84,0.0,0.0
4922,2022-12-03 19:59:47,25906,24.8,250,77,0.0,0.0,0.0,0.197,18.6,23.6,7.95,0.0,55.11,54.89,0.0,0.0
4923,2022-12-03 20:14:50,26275,25.3,205,74,0.0,0.0,0.0,0.197,18.6,23.6,7.95,0.0,55.17,54.95,0.0,0.0
4924,2022-12-03 20:29:57,27224,25.2,151,74,0.0,0.0,0.0,0.197,18.6,23.6,7.95,0.0,55.22,55.0,0.0,0.0
4925,2022-12-03 20:44:59,30779,25.5,120,75,0.0,0.0,0.0,0.197,18.6,23.6,7.95,0.0,55.27,55.05,0.0,0.0
4926,2022-12-03 21:00:02,26268,25.9,94,73,0.0,0.0,0.0,0.197,18.6,23.6,7.95,0.0,55.32,55.1,0.0,0.0
4927,2022-12-03 21:15:05,25546,25.2,28,74,0.0,0.0,0.0,0.197,18.6,23.6,7.95,0.0,55.36,55.14,0.0,0.0
4928,2022-12-03 21:30:08,24577,24.6,14,73,0.0,0.0,0.0,0.197,18.6,23.6,7.95,0.0,55.4,55.18,0.0,0.0
4929,2022-12-03 21:45:11,28694,24.4,3,73,0.0,0.0,0.0,0.197,18.6,23.6,7.95,0.0,55.44,55.22,0.0,0.0
4930,2022-12-03 22:00:14,26064,24.4,0,71,0.0,0.0,0.0,0.197,18.6,23.6,7.95,0.0,55.48,55.26,0.0,0.0
4931,2022-12-03 22:15:16,25471,24.2,0,72,0.0,0.0,0.0,0.197,18.6,23.6,7.95,0.0,55.5,55.28,0.0,0.0
4932,2022-12-03 22:30:17,30676,24.0,0,72,0.0,0.0,0.0,0.197,18.6,23.6,7.95,0.0,55.5,55.28,0.0,0.0
4933,2022-12-03 22:45:20,29185,23.9,0,72,0.0,0.0,0.0,0.197,18.6,23.6,7.95,0.0,55.51,55.29,0.0,0.0
4934,2022-12-03 23:00:23,30949,23.9,0,72,0.0,0.0,0.0,0.197,18.6,23.6,7.95,0.0,55.51,55.29,0.0,0.0
4935,2022-12-03 23:15:25,27140,23.8,0,72,0.0,0.0,0.0,0.197,18.6,23.6,7.95,0.0,55.52,55.3,0.0,0.0
4936,2022-12-03 23:30:28,25900,23.5,0,73,0.0,0.0,0.0,0.197,18.6,23.6,7.95,0.0,55.52,55.3,0.0,0.0
4937,2022-12-03 23:45:31,29213,23.2,0,75,0.0,0.0,0.0,0.197,18.6,23.6,7.95,0.0,55.53,55.31,0.0,0.0
4938,2022-12-04 00:00:34,25097,23.1,1,77,0.0,0.0,0.0,0.197,18.6,23.1,7.95,0.0,55.55,55.33,0.0,0.0
4939,2022-12-04 00:15:37,25368,23.0,1,76,0.0,0.0,0.0,0.197,18.6,23.1,7.95,0.0,55.59,55.37,0.0,0.0
4940,2022-12-04 00:30:40,28813,22.7,1,76,0.0,0.0,0.0,0.197,18.6,23.1,7.95,0.0,55.63,55.41,0.0,0.0
4941,2022-12-04 00:45:47,27750,22.0,0,78,0.0,0.0,0.0,0.197,18.6,23.1,7.95,0.0,55.67,55.45,0.0,0.0
4942,2022-12-04 01:00:49,27136,20.9,0,81,0.0,0.0,0.0,0.197,18.6,23.1,7.95,0.0,55.69,55.47,0.0,0.0
4943,2022-12-04 01:15:52,28099,20.3,0,82,0.0,0.0,0.0,0.197,18.6,23.1,7.95,0.0,55.71,55.49,0.0,0.0
4944,2022-12-04 01:30:55,30190,19.7,0,85,0.0,0.0,0.0,0.197,18.6,23.1,7.95,0.0,55.72,55.5,0.0,0.0
4945,2022-12-04 01:45:58,27307,19.3,0,86,0.0,0.0,0.0,0.197,18.6,23.1,7.95,0.0,55.74,55.52,0.0,0.0
4946,2022-12-04 02:01:01,27649,19.0,0,87,0.0,0.0,0.0,0.197,18.6,23.1,7.95,0.0,55.77,55.55,0.0,0.0
4947,2022-12-04 02:16:04,30178,18.9,1,87,0.0,0.0,0.0,0.197,18.6,23.1,7.95,0.0,55.79,55.57,0.0,0.0
4948,2022-12-04 02:31:06,28754,18.7,0,87,0.0,0.0,0.0,0.197,18.6,23.1,7.95,0.0,55.83,55.61,0.0,0.0
4949,2022-12-04 02:46:07,26130,18.6,1,87,0.0,0.0,0.0,0.197,18.6,23.1,7.95,0.0,55.85,55.62,0.0,0.0
4950,2022-12-04 03:01:10,26228,18.5,1,88,0.0,0.0,0.0,0.197,18.6,23.1,7.95,0.0,55.88,55.66,0.0,0.0
4951,2022-12-04 03:16:13,26089,18.5,1,88,0.0,0.0,0.0,0.197,18.6,23.1,7.95,0.0,55.92,55.7,0.0,0.0
4952,2022-12-04 03:31:15,27307,18.3,0,88,0.0,0.0,0.0,0.197,18.6,23.1,7.95,0.0,55.96,55.73,0.0,0.0
4953,2022-12-04 03:46:18,28623,18.2,1,88,0.0,0.0,0.0,0.197,18.6,23.1,7.95,0.0,55.98,55.76,0.0,0.0
4954,2022-12-04 04:01:21,34936,18.3,0,88,0.0,0.0,0.0,0.197,18.6,23.1,7.95,0.0,56.02,55.8,0.0,0.0
4955,2022-12-04 04:16:24,26676,18.5,0,89,0.0,0.0,0.0,0.197,18.6,23.1,7.95,0.0,56.04,55.82,0.0,0.0
4956,2022-12-04 04:31:27,32413,18.8,0,89,0.0,0.0,0.0,0.197,18.6,23.1,7.95,0.0,56.07,55.85,0.0,0.0
4957,2022-12-04 04:46:30,32893,19.0,0,88,0.0,0.0,0.0,0.197,18.6,23.1,7.95,0.0,56.08,55.85,0.0,0.0
4958,2022-12-04 05:01:33,29755,19.1,0,88,0.0,0.0,0.0,0.197,18.6,23.1,7.95,0.0,56.08,55.86,0.0,0.0
4959,2022-12-04 05:16:39,29985,19.1,0,87,0.0,0.0,0.0,0.197,18.6,23.1,7.95,0.0,56.09,55.86,0.0,0.0
4960,2022-12-04 05:31:41,24842,19.0,0,88,0.0,0.0,0.0,0.197,18.6,23.1,7.95,0.0,56.1,55.88,0.0,0.0
4961,2022-12-04 05:46:44,27110,18.9,0,88,0.0,0.0,0.0,0.197,18.6,23.1,7.95,0.0,56.11,55.88,0.0,0.0
4962,2022-12-04 06:01:47,28359,18.8,0,88,0.0,0.0,0.0,0.197,18.6,23.1,7.95,0.0,56.11,55.89,0.0,0.0
4963,2022-12-04 06:16:50,24604,18.6,0,88,0.0,0.0,0.0,0.197,18.6,23.1,7.95,0.0,56.12,55.89,0.0,0.0
4964,2022-12-04 06:31:53,30400,18.6,1,88,0.0,0.0,0.0,0.197,18.6,23.1,7.95,0.0,56.13,55.91,0.0,0.0
4965,2022-12-04 06:46:55,24850,18.9,0,88,0.0,0.0,0.0,0.197,18.6,23.1,7.95,0.0,56.17,55.95,0.0,0.0
4966,2022-12-04 07:01:58,27020,18.7,0,88,0.0,0.0,0.0,0.197,18.6,23.1,7.95,0.0,56.19,55.96,0.0,0.0
4967,2022-12-04 07:16:59,23846,18.6,0,88,0.0,0.0,0.0,0.197,18.6,23.1,7.95,0.0,56.19,55.97,0.0,0.0
4968,2022-12-04 07:32:02,28073,18.5,0,88,0.0,0.0,0.0,0.197,18.6,23.1,7.95,0.0,56.2,55.97,0.0,0.0
4969,2022-12-04 07:47:04,28850,18.4,1,88,0.0,0.0,0.0,0.197,18.6,23.1,7.95,0.0,56.2,55.98,0.0,0.0
4970,2022-12-04 08:02:07,25899,18.3,0,89,0.0,0.0,0.0,0.197,18.6,23.1,7.95,0.0,56.24,56.01,0.0,0.0
4971,2022-12-04 08:17:10,30090,18.6,0,89,0.0,0.0,0.0,0.197,18.6,23.1,7.95,0.0,56.26,56.04,0.0,0.0
4972,2022-12-04 08:32:13,29714,18.7,0,89,0.0,0.0,0.0,0.197,18.6,23.1,7.95,0.0,56.28,56.05,0.0,0.0
4973,2022-12-04 08:47:16,28465,18.6,0,89,0.0,0.0,0.0,0.197,18.6,23.1,7.95,0.0,56.28,56.06,0.0,0.0
4974,2022-12-04 09:02:19,24518,18.4,0,90,0.0,0.0,0.0,0.197,18.6,23.1,7.95,0.0,56.3,56.08,0.0,0.0
4975,2022-12-04 09:17:22,29950,18.3,0,90,0.0,0.0,0.0,0.197,18.6,23.1,7.95,0.0,56.31,56.09,0.0,0.0
4976,2022-12-04 09:32:29,27140,18.3,0,90,0.0,0.0,0.0,0.197,18.6,23.1,7.95,0.0,56.33,56.11,0.0,0.0
4977,2022-12-04 09:47:31,28728,18.5,0,91,0.0,0.0,0.0,0.197,18.6,23.1,7.95,0.0,56.36,56.13,0.0,0.0
4978,2022-12-04 10:02:34,25441,18.8,0,91,0.0,0.0,0.0,0.197,18.6,23.1,7.95,0.0,56.38,56.16,56.38,0.0
4979,2022-12-04 10:17:37,32262,18.8,0,91,0.0,0.0,0.0,0.197,18.6,23.1,7.95,0.0,56.4,56.17,0.0,0.0
4980,2022-12-04 10:32:40,28253,18.4,0,91,0.0,0.0,0.0,0.197,18.6,23.1,7.95,0.0,56.4,56.18,0.0,0.0
4981,2022-12-04 10:47:43,31499,18.4,0,91,0.0,0.0,0.0,0.197,18.6,23.1,7.95,0.0,56.41,56.18,0.0,0.0
4982,2022-12-04 11:02:46,28864,18.4,3,91,0.0,0.0,0.0,0.197,18.6,23.1,7.95,0.0,56.43,56.21,0.0,0.0
4983,2022-12-04 11:17:49,31254,18.4,9,91,0.0,0.0,0.0,0.197,18.6,23.1,7.95,0.0,56.47,56.24,0.0,0.0
4984,2022-12-04 11:32:50,29717,18.6,26,91,0.0,0.0,0.0,0.197,18.6,23.1,7.95,0.0,56.51,56.28,0.0,0.0
4985,2022-12-04 11:47:52,26020,18.9,50,91,0.0,0.0,0.0,0.197,18.6,23.1,7.95,0.0,56.54,56.32,0.0,0.0
4986,2022-12-04 12:02:55,30382,19.3,54,90,0.0,0.0,0.0,0.197,18.6,23.1,7.95,0.0,56.58,56.36,0.0,0.0
4987,2022-12-04 12:17:57,30012,19.7,165,89,0.0,0.0,0.0,0.197,18.6,23.1,7.95,0.0,56.63,56.4,0.0,0.0
4988,2022-12-04 12:33:00,34099,20.9,211,88,0.0,0.0,0.0,0.197,18.6,23.1,7.95,0.0,56.67,56.45,0.0,0.0
4989,2022-12-04 12:48:03,26799,22.2,259,85,0.0,0.0,0.0,0.197,18.6,23.1,7.95,0.0,56.73,56.5,0.0,0.0
4990,2022-12-04 13:03:06,23513,23.2,277,83,0.0,0.0,0.0,0.197,18.6,23.1,7.95,0.0,56.78,56.56,0.0,0.0
4991,2022-12-04 13:18:09,30716,23.8,168,80,0.0,0.0,0.0,0.197,18.6,23.1,7.95,0.0,56.84,56.61,0.0,0.0
4992,2022-12-04 13:33:12,28037,23.8,259,81,0.0,0.0,0.0,0.197,18.6,23.1,7.95,0.0,56.89,56.66,0.0,0.0
4993,2022-12-04 13:48:19,28797,24.5,427,79,0.0,0.0,0.0,0.197,18.6,23.1,7.95,0.0,56.94,56.71,0.0,0.0
4994,2022-12-04 14:03:21,31406,25.3,462,76,0.0,0.0,0.0,0.197,18.6,23.1,7.95,0.0,57.0,56.78,0.0,0.0
4995,2022-12-04 14:18:24,35265,25.9,522,73,0.0,0.0,0.0,0.197,18.6,23.1,7.95,0.0,57.07,56.84,0.0,0.0
4996,2022-12-04 14:33:27,29952,26.0,286,72,0.0,0.0,0.0,0.197,18.6,23.1,7.95,0.0,57.14,56.91,0.0,0.0
4997,2022-12-04 14:48:35,29792,25.1,280,76,0.0,0.0,0.0,0.197,18.6,23.1,7.95,0.0,57.19,56.96,0.0,0.0
4998,2022-12-04 15:03:33,24951,25.4,511,76,0.0,0.0,0.0,0.197,18.6,23.1,7.95,0.0,57.25,57.02,0.0,0.0
4999,2022-12-04 15:18:36,32745,25.5,613,74,0.0,0.0,0.0,0.197,18.6,23.1,7.95,0.0,57.31,57.08,0.0,0.0
5000,2022-12-04 15:33:39,26480,25.9,648,73,0.0,0.0,0.0,0.197,18.6,23.1,7.95,0.0,57.38,57.15,0.0,0.0
5001,2022-12-04 15:48:40,28795,25.9,641,71,0.0,0.0,0.0,0.197,18.6,23.1,7.95,0.0,57.45,57.22,0.0,0.0
5002,2022-12-04 16:03:42,30325,26.2,650,70,0.0,0.0,0.0,0.197,18.6,23.1,7.95,0.0,57.51,57.29,0.0,0.0
5003,2022-12-04 16:18:45,30312,26.4,667,69,0.0,0.0,0.0,0.197,18.6,23.1,7.95,0.0,57.58,57.35,0.0,0.0
5004,2022-12-04 16:33:47,27843,26.5,658,67,0.0,0.0,0.0,0.197,18.6,23.1,7.95,0.0,57.65,57.42,0.0,0.0
5005,2022-12-04 16:48:50,29437,26.5,670,66,0.0,0.0,0.0,0.197,18.6,23.1,7.95,0.0,57.72,57.49,0.0,0.0
5006,2022-12-04 17:03:53,28707,26.6,677,64,0.0,0.0,0.0,0.197,18.6,23.1,7.95,0.0,57.79,57.56,0.0,0.0
5007,2022-12-04 17:18:56,26471,26.6,650,64,0.0,0.0,0.0,0.197,18.6,23.1,7.95,0.0,57.85,57.63,0.0,0.0
5008,2022-12-04 17:33:59,29703,26.8,626,60,0.0,0.0,0.0,0.197,18.6,23.1,7.95,0.0,57.92,57.69,0.0,0.0
5009,2022-12-04 17:49:02,27143,26.9,521,59,0.0,0.0,0.0,0.197,18.6,23.1,7.95,0.0,57.99,57.76,0.0,0.0
5010,2022-12-04 18:04:05,27817,26.5,506,59,0.0,0.0,0.0,0.197,18.6,23.1,7.95,0.0,58.05,57.82,0.0,0.0
5011,2022-12-04 18:19:12,27576,27.2,603,61,0.0,0.0,0.0,0.197,18.6,23.1,7.95,0.0,58.11,57.89,0.0,0.0
5012,2022-12-04 18:34:14,28004,27.0,468,61,0.0,0.0,0.0,0.197,18.6,23.1,7.95,0.0,58.18,57.95,0.0,0.0
5013,2022-12-04 18:49:17,32703,26.6,458,63,0.0,0.0,0.0,0.197,18.6,23.1,7.95,0.0,58.24,58.01,0.0,0.0
5014,2022-12-04 19:04:20,33157,26.5,420,64,0.0,0.0,0.0,0.197,18.6,23.1,7.95,0.0,58.3,58.08,0.0,0.0
5015,2022-12-04 19:19:23,31984,26.2,380,64,0.0,0.0,0.0,0.197,18.6,23.1,7.95,0.0,58.36,58.14,0.0,0.0
5016,2022-12-04 19:34:26,32442,26.2,332,65,0.0,0.0,0.0,0.197,18.6,23.1,7.95,0.0,58.42,58.19,0.0,0.0
5017,2022-12-04 19:49:29,27172,26.0,290,64,0.0,0.0,0.0,0.197,18.6,23.1,7.95,0.0,58.48,58.25,0.0,0.0
5018,2022-12-04 20:04:32,26800,25.7,240,66,0.0,0.0,0.0,0.197,18.6,23.1,7.95,0.0,58.53,58.3,0.0,0.0
5019,2022-12-04 20:19:33,32111,25.3,194,68,0.0,0.0,0.0,0.197,18.6,23.1,7.95,0.0,58.58,58.36,0.0,0.0
5020,2022-12-04 20:34:35,29643,25.1,148,69,0.0,0.0,0.0,0.197,18.6,23.1,7.95,0.0,58.63,58.4,0.0,0.0
5021,2022-12-04 20:49:38,30609,24.8,104,70,0.0,0.0,0.0,0.197,18.6,23.1,7.95,0.0,58.68,58.45,0.0,0.0
5022,2022-12-04 21:04:40,33492,24.4,65,71,0.0,0.0,0.0,0.197,18.6,23.1,7.95,0.0,58.72,58.49,0.0,0.0
5023,2022-12-04 21:19:43,27387,23.9,33,74,0.0,0.0,0.0,0.197,18.6,23.1,7.95,0.0,58.76,58.53,0.0,0.0
5024,2022-12-04 21:34:46,29643,23.4,11,76,0.0,0.0,0.0,0.197,18.6,23.1,7.95,0.0,58.79,58.56,0.0,0.0
5025,2022-12-04 21:49:49,30017,23.0,2,76,0.0,0.0,0.0,0.197,18.6,23.1,7.95,0.0,58.83,58.6,0.0,0.0
5026,2022-12-04 22:04:52,26775,22.7,0,77,0.0,0.0,0.0,0.197,18.6,23.1,7.95,0.0,58.86,58.63,0.0,0.0
5027,2022-12-04 22:19:55,32615,22.3,0,78,0.0,0.0,0.0,0.197,18.6,23.1,7.95,0.0,58.86,58.64,0.0,0.0
5028,2022-12-04 22:35:02,27233,22.0,0,80,0.0,0.0,0.0,0.197,18.6,23.1,7.95,0.0,58.87,58.64,0.0,0.0
5029,2022-12-04 22:50:04,29497,21.8,0,80,0.0,0.0,0.0,0.197,18.6,23.1,7.95,0.0,58.87,58.64,0.0,0.0
5030,2022-12-04 23:05:07,31555,21.6,0,81,0.0,0.0,0.0,0.197,18.6,23.1,7.95,0.0,58.88,58.65,0.0,0.0
5031,2022-12-04 23:20:10,26717,21.2,0,81,0.0,0.0,0.0,0.197,18.6,23.1,7.95,0.0,58.9,58.67,0.0,0.0
5032,2022-12-04 23:35:13,29823,20.7,1,83,0.0,0.0,0.0,0.197,18.6,23.1,7.95,0.0,58.92,58.7,0.0,0.0
5033,2022-12-04 23:50:16,29702,20.1,1,84,0.0,0.0,0.0,0.197,18.6,23.1,7.95,0.0,58.96,58.73,0.0,0.0
5034,2022-12-05 00:05:19,31833,19.7,1,86,0.0,0.0,0.0,0.197,18.6,23.0,7.95,0.0,58.99,58.76,0.0,0.0
5035,2022-12-05 00:20:21,23581,19.4,0,86,0.0,0.0,0.0,0.197,18.6,23.0,7.95,0.0,59.02,58.8,0.0,0.0
5036,2022-12-05 00:35:23,30243,19.1,0,86,0.0,0.0,0.0,0.197,18.6,23.0,7.95,0.0,59.05,58.82,0.0,0.0
5037,2022-12-05 00:50:25,30888,19.0,1,86,0.0,0.0,0.0,0.197,18.6,23.0,7.95,0.0,59.05,58.82,0.0,0.0
5038,2022-12-05 01:05:28,30433,18.9,1,87,0.0,0.0,0.0,0.197,18.6,23.0,7.95,0.0,59.08,58.86,0.0,0.0
5039,2022-12-05 01:20:30,30508,18.8,1,87,0.0,0.0,0.0,0.197,18.6,23.0,7.95,0.0,59.12,58.89,0.0,0.0
5040,2022-12-05 01:35:33,28674,18.7,1,87,0.0,0.0,0.0,0.197,18.6,23.0,7.95,0.0,59.15,58.92,0.0,0.0
5041,2022-12-05 01:50:36,27698,18.5,0,88,0.0,0.0,0.0,0.197,18.6,23.0,7.95,0.0,59.18,58.95,0.0,0.0
5042,2022-12-05 02:05:39,29293,18.4,0,88,0.0,0.0,0.0,0.197,18.6,23.0,7.95,0.0,59.21,58.98,0.0,0.0
5043,2022-12-05 02:20:42,31472,18.4,0,88,0.0,0.0,0.0,0.197,18.6,23.0,7.95,0.0,59.22,58.99,0.0,0.0
5044,2022-12-05 02:35:45,32419,18.5,0,88,0.0,0.0,0.0,0.197,18.6,23.0,7.95,0.0,59.22,59.0,0.0,0.0
5045,2022-12-05 02:50:48,29433,18.4,0,88,0.0,0.0,0.0,0.197,18.6,23.0,7.95,0.0,59.23,59.0,0.0,0.0
5046,2022-12-05 03:05:55,32378,18.3,0,88,0.0,0.0,0.0,0.197,18.6,23.0,7.95,0.0,59.24,59.01,0.0,0.0
5047,2022-12-05 03:20:57,30623,18.3,0,88,0.0,0.0,0.0,0.197,18.6,23.0,7.95,0.0,59.25,59.02,0.0,0.0
5048,2022-12-05 03:36:00,34360,18.3,0,88,0.0,0.0,0.0,0.197,18.6,23.0,7.95,0.0,59.25,59.02,0.0,0.0
5049,2022-12-05 03:51:03,28126,18.2,0,88,0.0,0.0,0.0,0.197,18.6,23.0,7.95,0.0,59.26,59.03,0.0,0.0
5050,2022-12-05 04:06:06,34051,18.0,0,88,0.0,0.0,0.0,0.197,18.6,23.0,7.95,0.0,59.26,59.03,0.0,0.0
5051,2022-12-05 04:21:09,29960,17.9,0,89,0.0,0.0,0.0,0.197,18.6,23.0,7.95,0.0,59.26,59.03,0.0,0.0
5052,2022-12-05 04:36:12,31624,18.0,0,89,0.0,0.0,0.0,0.197,18.6,23.0,7.95,0.0,59.27,59.04,0.0,0.0
5053,2022-12-05 04:51:14,33682,18.2,0,89,0.0,0.0,0.0,0.197,18.6,23.0,7.95,0.0,59.27,59.04,0.0,0.0
5054,2022-12-05 05:06:15,28788,18.2,0,89,0.0,0.0,0.0,0.197,18.6,23.0,7.95,0.0,59.28,59.05,0.0,0.0
5055,2022-12-05 05:21:18,31648,18.1,0,89,0.0,0.0,0.0,0.197,18.6,23.0,7.95,0.0,59.28,59.05,0.0,0.0
5056,2022-12-05 05:36:21,29791,18.1,0,89,0.0,0.0,0.0,0.197,18.6,23.0,7.95,0.0,59.29,59.06,0.0,0.0
5057,2022-12-05 05:51:23,28765,18.0,0,89,0.0,0.0,0.0,0.197,18.6,23.0,7.95,0.0,59.29,59.06,0.0,0.0
5058,2022-12-05 06:06:26,31893,18.2,0,89,0.0,0.0,0.0,0.197,18.6,23.0,7.95,0.0,59.29,59.06,0.0,0.0
5059,2022-12-05 06:21:29,31041,18.2,0,89,0.0,0.0,0.0,0.197,18.6,23.0,7.95,0.0,59.3,59.07,0.0,0.0
5060,2022-12-05 06:36:32,25893,18.2,0,89,0.0,0.0,0.0,0.197,18.6,23.0,7.95,0.0,59.3,59.07,0.0,0.0
5061,2022-12-05 06:51:35,27837,18.2,0,90,0.0,0.0,0.0,0.197,18.6,23.0,7.95,0.0,59.31,59.08,0.0,0.0
5062,2022-12-05 07:06:38,28965,18.2,0,90,0.0,0.0,0.0,0.197,18.6,23.0,7.95,0.0,59.31,59.08,0.0,0.0
5063,2022-12-05 07:21:43,33271,18.3,0,90,0.0,0.0,0.0,0.197,18.6,23.0,7.95,0.0,59.32,59.09,0.0,0.0
5064,2022-12-05 07:36:48,29510,18.4,0,90,0.0,0.0,0.0,0.197,18.6,23.0,7.95,0.0,59.32,59.09,0.0,0.0
5065,2022-12-05 07:51:50,32862,18.2,0,90,0.0,0.0,0.0,0.197,18.6,23.0,7.95,0.0,59.32,59.09,0.0,0.0
5066,2022-12-05 08:06:53,27658,18.1,0,91,0.0,0.0,0.0,0.197,18.6,23.0,7.95,0.0,59.33,59.1,0.0,0.0
5067,2022-12-05 08:21:56,29209,18.0,0,91,0.0,0.0,0.0,0.197,18.6,23.0,7.95,0.0,59.33,59.1,0.0,0.0
5068,2022-12-05 08:36:59,28953,18.0,0,91,0.0,0.0,0.0,0.197,18.6,23.0,7.95,0.0,59.34,59.11,0.0,0.0
5069,2022-12-05 08:52:02,29205,18.1,0,91,0.0,0.0,0.0,0.197,18.6,23.0,7.95,0.0,59.34,59.11,0.0,0.0
5070,2022-12-05 09:07:05,30090,18.2,0,91,0.0,0.0,0.0,0.197,18.6,23.0,7.95,0.0,59.35,59.12,0.0,0.0
5071,2022-12-05 09:22:07,28346,18.3,0,92,0.0,0.0,0.0,0.197,18.6,23.0,7.95,0.0,59.35,59.12,0.0,0.0
5072,2022-12-05 09:37:08,26161,18.4,0,92,0.0,0.0,0.0,0.197,18.6,23.0,7.95,0.0,59.35,59.12,0.0,0.0
5073,2022-12-05 09:52:11,29949,18.3,0,92,0.0,0.0,0.0,0.197,18.6,23.0,7.95,0.0,59.36,59.13,0.0,0.0
5074,2022-12-05 10:07:14,34648,18.2,0,92,0.0,0.0,0.0,0.197,18.6,23.0,7.95,0.0,59.36,59.13,59.36,0.0
5075,2022-12-05 10:22:16,31609,18.1,0,92,0.0,0.0,0.0,0.197,18.6,23.0,7.95,0.0,59.37,59.14,0.0,0.0
5076,2022-12-05 10:37:19,30417,18.0,0,93,0.0,0.0,0.0,0.197,18.6,23.0,7.95,0.0,59.37,59.14,0.0,0.0
5077,2022-12-05 10:52:22,27522,18.1,0,93,0.0,0.0,0.0,0.197,18.6,23.0,7.95,0.0,59.38,59.15,0.0,0.0
5078,2022-12-05 11:07:25,29135,17.9,2,93,0.0,0.0,0.0,0.197,18.6,23.0,7.95,0.0,59.39,59.16,0.0,0.0
5079,2022-12-05 11:22:28,28144,17.7,11,93,0.0,0.0,0.0,0.197,18.6,23.0,7.95,0.0,59.42,59.19,0.0,0.0
5080,2022-12-05 11:37:31,33133,17.7,32,93,0.0,0.0,0.0,0.197,18.6,23.0,7.95,0.0,59.46,59.22,0.0,0.0
5081,2022-12-05 11:52:38,33133,18.1,58,93,0.0,0.0,0.0,0.197,18.6,23.0,7.95,0.0,59.49,59.26,0.0,0.0
5082,2022-12-05 12:07:40,30596,18.6,128,93,0.0,0.0,0.0,0.197,18.6,23.0,7.95,0.0,59.53,59.3,0.0,0.0
5083,2022-12-05 12:22:43,30013,19.3,166,92,0.0,0.0,0.0,0.197,18.6,23.0,7.95,0.0,59.57,59.34,0.0,0.0
5084,2022-12-05 12:37:46,29942,20.2,197,90,0.0,0.0,0.0,0.197,18.6,23.0,7.95,0.0,59.61,59.38,0.0,0.0
5085,2022-12-05 12:52:49,27991,21.3,237,87,0.0,0.0,0.0,0.197,18.6,23.0,7.95,0.0,59.66,59.43,0.0,0.0
5086,2022-12-05 13:07:52,32209,22.3,292,84,0.0,0.0,0.0,0.197,18.6,23.0,7.95,0.0,59.71,59.48,0.0,0.0
5087,2022-12-05 13:22:55,29017,23.2,317,82,0.0,0.0,0.0,0.197,18.6,23.0,7.95,0.0,59.76,59.53,0.0,0.0
5088,2022-12-05 13:37:58,32741,23.8,369,79,0.0,0.0,0.0,0.197,18.6,23.0,7.95,0.0,59.81,59.58,0.0,0.0
5089,2022-12-05 13:52:59,29495,24.4,422,76,0.0,0.0,0.0,0.197,18.6,23.0,7.95,0.0,59.87,59.64,0.0,0.0
5090,2022-12-05 14:08:01,26331,25.0,458,74,0.0,0.0,0.0,0.197,18.6,23.0,7.95,0.0,59.93,59.69,0.0,0.0
5091,2022-12-05 14:23:04,28000,25.3,493,72,0.0,0.0,0.0,0.197,18.6,23.0,7.95,0.0,59.98,59.75,0.0,0.0
5092,2022-12-05 14:38:06,26903,25.6,528,72,0.0,0.0,0.0,0.197,18.6,23.0,7.95,0.0,60.04,59.81,0.0,0.0
5093,2022-12-05 14:53:09,30078,25.5,561,72,0.0,0.0,0.0,0.197,18.6,23.0,7.95,0.0,60.1,59.87,0.0,0.0
5094,2022-12-05 15:08:12,31178,25.9,583,71,0.0,0.0,0.0,0.197,18.6,23.0,7.95,0.0,60.16,59.93,0.0,0.0
5095,2022-12-05 15:23:15,29965,26.0,603,70,0.0,0.0,0.0,0.197,18.6,23.0,7.95,0.0,60.23,59.99,0.0,0.0
5096,2022-12-05 15:38:18,33665,26.4,621,70,0.0,0.0,0.0,0.197,18.6,23.0,7.95,0.0,60.29,60.06,0.0,0.0
5097,2022-12-05 15:53:21,33373,26.4,634,69,0.0,0.0,0.0,0.197,18.6,23.0,7.95,0.0,60.35,60.12,0.0,0.0
5098,2022-12-05 16:08:24,32907,26.7,648,70,0.0,0.0,0.0,0.197,18.6,23.0,7.95,0.0,60.41,60.18,0.0,0.0
5099,2022-12-05 16:23:31,30567,26.7,635,69,0.0,0.0,0.0,0.197,18.6,23.0,7.95,0.0,60.47,60.24,0.0,0.0
5100,2022-12-05 16:38:33,31216,26.6,613,69,0.0,0.0,0.0,0.197,18.6,23.0,7.95,0.0,60.53,60.3,0.0,0.0
5101,2022-12-05 16:53:36,28408,26.6,624,70,0.0,0.0,0.0,0.197,18.6,23.0,7.95,0.0,60.59,60.36,0.0,0.0
5102,2022-12-05 17:08:39,31921,26.7,595,70,0.0,0.0,0.0,0.197,18.6,23.0,7.95,0.0,60.65,60.42,0.0,0.0
5103,2022-12-05 17:23:42,28083,26.4,596,70,0.0,0.0,0.0,0.197,18.6,23.0,7.95,0.0,60.71,60.48,0.0,0.0
5104,2022-12-05 17:38:45,32640,26.5,559,69,0.0,0.0,0.0,0.197,18.6,23.0,7.95,0.0,60.77,60.54,0.0,0.0
5105,2022-12-05 17:53:48,28477,26.5,558,69,0.0,0.0,0.0,0.197,18.6,23.0,7.95,0.0,60.83,60.6,0.0,0.0
5106,2022-12-05 18:08:51,29788,26.5,501,69,0.0,0.0,0.0,0.197,18.6,23.0,7.95,0.0,60.89,60.66,0.0,0.0
5107,2022-12-05 18:23:52,29867,26.6,487,69,0.0,0.0,0.0,0.197,18.6,23.0,7.95,0.0,60.95,60.72,0.0,0.0
5108,2022-12-05 18:38:54,27003,26.3,401,68,0.0,0.0,0.0,0.197,18.6,23.0,7.95,0.0,61.01,60.78,0.0,0.0
5109,2022-12-05 18:53:57,29829,26.1,438,69,0.0,0.0,0.0,0.197,18.6,23.0,7.95,0.0,61.06,60.83,0.0,0.0
5110,2022-12-05 19:08:59,29704,26.1,399,68,0.0,0.0,0.0,0.197,18.6,23.0,7.95,0.0,61.12,60.88,0.0,0.0
5111,2022-12-05 19:24:02,29652,26.1,365,68,0.0,0.0,0.0,0.197,18.6,23.0,7.95,0.0,61.17,60.94,0.0,0.0
5112,2022-12-05 19:39:05,29123,25.8,320,68,0.0,0.0,0.0,0.197,18.6,23.0,7.95,0.0,61.22,60.99,0.0,0.0
5113,2022-12-05 19:54:08,29945,25.9,255,69,0.0,0.0,0.0,0.197,18.6,23.0,7.95,0.0,61.27,61.04,0.0,0.0
5114,2022-12-05 20:09:11,30163,25.6,222,70,0.0,0.0,0.0,0.197,18.6,23.0,7.95,0.0,61.32,61.09,0.0,0.0
5115,2022-12-05 20:24:14,33302,25.6,195,69,0.0,0.0,0.0,0.197,18.6,23.0,7.95,0.0,61.37,61.13,0.0,0.0
5116,2022-12-05 20:39:21,28216,25.4,141,69,0.0,0.0,0.0,0.197,18.6,23.0,7.95,0.0,61.41,61.18,0.0,0.0
5117,2022-12-05 20:54:23,28610,25.3,105,71,0.0,0.0,0.0,0.197,18.6,23.0,7.95,0.0,61.45,61.22,0.0,0.0
5118,2022-12-05 21:09:26,35141,24.9,63,72,0.0,0.0,0.0,0.197,18.6,23.0,7.95,0.0,61.49,61.25,0.0,0.0
5119,2022-12-05 21:24:29,32505,24.3,33,73,0.0,0.0,0.0,0.197,18.6,23.0,7.95,0.0,61.52,61.29,0.0,0.0
5120,2022-12-05 21:39:32,31026,23.8,9,74,0.0,0.0,0.0,0.197,18.6,23.0,7.95,0.0,61.55,61.32,0.0,0.0
5121,2022-12-05 21:54:35,31841,23.5,2,76,0.0,0.0,0.0,0.197,18.6,23.0,7.95,0.0,61.58,61.35,0.0,0.0
5122,2022-12-05 22:09:38,29693,23.2,0,77,0.0,0.0,0.0,0.197,18.6,23.0,7.95,0.0,61.61,61.38,0.0,0.0
5123,2022-12-05 22:24:40,33128,23.0,1,79,0.0,0.0,0.0,0.197,18.6,23.0,7.95,0.0,61.63,61.4,0.0,0.0
5124,2022-12-05 22:39:42,29668,22.9,1,79,0.0,0.0,0.0,0.197,18.6,23.0,7.95,0.0,61.66,61.43,0.0,0.0
5125,2022-12-05 22:54:44,32206,22.8,1,79,0.0,0.0,0.0,0.197,18.6,23.0,7.95,0.0,61.69,61.46,0.0,0.0
5126,2022-12-05 23:09:47,27990,22.8,1,79,0.0,0.0,0.0,0.197,18.6,23.0,7.95,0.0,61.72,61.49,0.0,0.0
5127,2022-12-05 23:24:49,28262,22.7,1,79,0.0,0.0,0.0,0.197,18.6,23.0,7.95,0.0,61.75,61.52,0.0,0.0
5128,2022-12-05 23:39:52,34327,22.7,1,79,0.0,0.0,0.0,0.197,18.6,23.0,7.95,0.0,61.78,61.55,0.0,0.0
5129,2022-12-05 23:54:55,29147,22.6,1,80,0.0,0.0,0.0,0.197,18.6,22.8,7.95,0.0,61.81,61.58,0.0,0.0
5130,2022-12-06 00:09:58,29297,22.5,1,80,0.0,0.0,0.0,0.197,18.6,22.4,7.95,0.0,61.84,61.61,0.0,0.0
5131,2022-12-06 00:25:01,34284,22.4,2,80,0.0,0.0,0.0,0.197,18.6,22.4,7.95,0.0,61.87,61.64,0.0,0.0
5132,2022-12-06 00:40:04,28760,22.4,1,80,0.0,0.0,0.0,0.197,18.6,22.4,7.95,0.0,61.9,61.67,0.0,0.0
5133,2022-12-06 00:55:09,30533,21.8,0,81,0.0,0.0,0.0,0.197,18.6,22.4,7.95,0.0,61.93,61.7,0.0,0.0
5134,2022-12-06 01:10:14,35422,20.8,0,84,0.0,0.0,0.0,0.197,18.6,22.4,7.95,0.0,61.94,61.71,0.0,0.0
5135,2022-12-06 01:25:16,31340,20.3,0,85,0.0,0.0,0.0,0.197,18.6,22.4,7.95,0.0,61.95,61.72,0.0,0.0
5136,2022-12-06 01:40:19,30732,20.0,0,86,0.0,0.0,0.0,0.197,18.6,22.4,7.95,0.0,61.95,61.72,0.0,0.0
5137,2022-12-06 01:55:22,28515,19.8,0,87,0.0,0.0,0.0,0.197,18.6,22.4,7.95,0.0,61.96,61.73,0.0,0.0
5138,2022-12-06 02:10:25,28200,19.5,0,87,0.0,0.0,0.0,0.197,18.6,22.4,7.95,0.0,61.97,61.74,0.0,0.0
5139,2022-12-06 02:25:28,26676,19.3,0,88,0.0,0.0,0.0,0.197,18.6,22.4,7.95,0.0,61.98,61.75,0.0,0.0
5140,2022-12-06 02:40:30,30776,19.3,1,88,0.0,0.0,0.0,0.197,18.6,22.4,7.95,0.0,61.98,61.75,0.0,0.0
5141,2022-12-06 02:55:33,34949,19.1,0,89,0.0,0.0,0.0,0.197,18.6,22.4,7.95,0.0,62.01,61.78,0.0,0.0
5142,2022-12-06 03:10:34,29392,18.9,0,89,0.0,0.0,0.0,0.197,18.6,22.4,7.95,0.0,62.02,61.79,0.0,0.0
5143,2022-12-06 03:25:37,33349,18.9,0,90,0.0,0.0,0.0,0.197,18.6,22.4,7.95,0.0,62.04,61.81,0.0,0.0
5144,2022-12-06 03:40:39,32580,18.8,0,90,0.0,0.0,0.0,0.197,18.6,22.4,7.95,0.0,62.06,61.83,0.0,0.0
5145,2022-12-06 03:55:42,30808,18.7,0,90,0.0,0.0,0.0,0.197,18.6,22.4,7.95,0.0,62.08,61.85,0.0,0.0
5146,2022-12-06 04:10:45,30593,18.5,0,90,0.0,0.0,0.0,0.197,18.6,22.4,7.95,0.0,62.08,61.85,0.0,0.0
5147,2022-12-06 04:25:48,31173,18.5,0,90,0.0,0.0,0.0,0.197,18.6,22.4,7.95,0.0,62.09,61.85,0.0,0.0
5148,2022-12-06 04:40:51,30003,18.5,0,90,0.0,0.0,0.0,0.197,18.6,22.4,7.95,0.0,62.11,61.87,0.0,0.0
5149,2022-12-06 04:55:54,30189,18.4,0,91,0.0,0.0,0.0,0.197,18.6,22.4,7.95,0.0,62.12,61.89,0.0,0.0
5150,2022-12-06 05:10:57,28820,18.3,0,91,0.0,0.0,0.0,0.197,18.6,22.4,7.95,0.0,62.12,61.89,0.0,0.0
5151,2022-12-06 05:26:04,34121,18.2,0,91,0.0,0.0,0.0,0.197,18.6,22.4,7.95,0.0,62.13,61.9,0.0,0.0
5152,2022-12-06 05:41:06,26787,18.1,0,91,0.0,0.0,0.0,0.197,18.6,22.4,7.95,0.0,62.14,61.91,0.0,0.0
5153,2022-12-06 05:56:09,30524,18.1,0,91,0.0,0.0,0.0,0.197,18.6,22.4,7.95,0.0,62.14,61.91,0.0,0.0
5154,2022-12-06 06:11:12,27359,18.1,0,91,0.0,0.0,0.0,0.197,18.6,22.4,7.95,0.0,62.16,61.93,0.0,0.0
5155,2022-12-06 06:26:15,27906,18.0,0,91,0.0,0.0,0.0,0.197,18.6,22.4,7.95,0.0,62.18,61.95,0.0,0.0
5156,2022-12-06 06:41:18,28729,18.0,0,91,0.0,0.0,0.0,0.197,18.6,22.4,7.95,0.0,62.19,61.95,0.0,0.0
5157,2022-12-06 06:56:21,32742,17.9,0,91,0.0,0.0,0.0,0.197,18.6,22.4,7.95,0.0,62.19,61.96,0.0,0.0
5158,2022-12-06 07:11:23,28112,17.8,0,91,0.0,0.0,0.0,0.197,18.6,22.4,7.95,0.0,62.21,61.98,0.0,0.0
5159,2022-12-06 07:26:24,31407,17.9,0,91,0.0,0.0,0.0,0.197,18.6,22.4,7.95,0.0,62.22,61.99,0.0,0.0
5160,2022-12-06 07:41:27,38133,17.8,0,91,0.0,0.0,0.0,0.197,18.6,22.4,7.95,0.0,62.23,62.0,0.0,0.0
5161,2022-12-06 07:56:30,30578,17.7,0,91,0.0,0.0,0.0,0.197,18.6,22.4,7.95,0.0,62.25,62.01,0.0,0.0
5162,2022-12-06 08:11:32,34936,17.6,0,91,0.0,0.0,0.0,0.197,18.6,22.4,7.95,0.0,62.27,62.03,0.0,0.0
5163,2022-12-06 08:26:35,33015,17.6,0,91,0.0,0.0,0.0,0.197,18.6,22.4,7.95,0.0,62.29,62.05,0.0,0.0
5164,2022-12-06 08:41:38,29926,17.7,0,92,0.0,0.0,0.0,0.197,18.6,22.4,7.95,0.0,62.31,62.07,0.0,0.0
5165,2022-12-06 08:56:41,33095,17.8,0,91,0.0,0.0,0.0,0.197,18.6,22.4,7.95,0.0,62.32,62.09,0.0,0.0
5166,2022-12-06 09:11:44,32927,17.8,0,91,0.0,0.0,0.0,0.197,18.6,22.4,7.95,0.0,62.32,62.09,0.0,0.0
5167,2022-12-06 09:26:47,31609,17.8,0,91,0.0,0.0,0.0,0.197,18.6,22.4,7.95,0.0,62.34,62.11,0.0,0.0
5168,2022-12-06 09:41:50,30220,17.7,0,91,0.0,0.0,0.0,0.197,18.6,22.4,7.95,0.0,62.36,62.12,0.0,0.0
5169,2022-12-06 09:56:57,30226,17.6,0,91,0.0,0.0,0.0,0.197,18.6,22.4,7.95,0.0,62.38,62.14,0.0,0.0
5170,2022-12-06 10:11:59,26607,17.5,1,91,0.0,0.0,0.0,0.197,18.6,22.4,7.95,0.0,62.4,62.16,62.4,62.4
5171,2022-12-06 10:27:02,31717,17.4,1,91,0.0,0.0,0.0,0.197,18.6,22.4,7.95,0.0,62.43,62.19,0.0,0.0
5172,2022-12-06 10:42:05,31618,17.4,1,91,0.0,0.0,0.0,0.197,18.6,22.4,7.95,0.0,62.45,62.22,0.0,0.0
5173,2022-12-06 10:57:08,29410,17.5,1,91,0.0,0.0,0.0,0.197,18.6,22.4,7.95,0.0,62.48,62.25,0.0,0.0
5174,2022-12-06 11:12:11,28976,17.7,5,92,0.0,0.0,0.0,0.197,18.6,22.4,7.95,0.0,62.51,62.28,0.0,0.0
5175,2022-12-06 11:27:14,32613,18.1,18,92,0.0,0.0,0.0,0.197,18.6,22.4,7.95,0.0,62.54,62.31,0.0,0.0
5176,2022-12-06 11:42:17,31364,18.6,35,92,0.0,0.0,0.0,0.197,18.6,22.4,7.95,0.0,62.57,62.34,0.0,0.0
5177,2022-12-06 11:57:18,32045,19.2,65,92,0.0,0.0,0.0,0.197,18.6,22.4,7.95,0.0,62.6,62.37,0.0,0.0
5178,2022-12-06 12:12:20,35067,20.0,137,90,0.0,0.0,0.0,0.197,18.6,22.4,7.95,0.0,62.63,62.4,0.0,0.0
5179,2022-12-06 12:27:23,35662,21.2,179,88,0.0,0.0,0.0,0.197,18.6,22.4,7.95,0.0,62.67,62.44,0.0,0.0
5180,2022-12-06 12:42:25,27095,22.3,221,86,0.0,0.0,0.0,0.197,18.6,22.4,7.95,0.0,62.71,62.48,0.0,0.0
5181,2022-12-06 12:57:28,30368,23.2,266,84,0.0,0.0,0.0,0.197,18.6,22.4,7.95,0.0,62.76,62.52,0.0,0.0
5182,2022-12-06 13:12:31,35596,24.3,312,81,0.0,0.0,0.0,0.197,18.6,22.4,7.95,0.0,62.8,62.57,0.0,0.0
5183,2022-12-06 13:27:34,31201,25.4,355,79,0.0,0.0,0.0,0.197,18.6,22.4,7.95,0.0,62.85,62.61,0.0,0.0
5184,2022-12-06 13:42:37,28325,25.8,395,76,0.0,0.0,0.0,0.197,18.6,22.4,7.95,0.0,62.9,62.66,0.0,0.0
5185,2022-12-06 13:57:40,29440,25.8,435,73,0.0,0.0,0.0,0.197,18.6,22.4,7.95,0.0,62.95,62.71,0.0,0.0
5186,2022-12-06 14:12:47,32125,26.3,475,71,0.0,0.0,0.0,0.197,18.6,22.4,7.95,0.0,63.0,62.76,0.0,0.0
5187,2022-12-06 14:27:49,30358,26.5,505,72,0.0,0.0,0.0,0.197,18.6,22.4,7.95,0.0,63.05,62.82,0.0,0.0
5188,2022-12-06 14:42:52,29632,26.8,534,71,0.0,0.0,0.0,0.197,18.6,22.4,7.95,0.0,63.1,62.87,0.0,0.0
5189,2022-12-06 14:57:55,30339,27.1,558,69,0.0,0.0,0.0,0.197,18.6,22.4,7.95,0.0,63.16,62.92,0.0,0.0
5190,2022-12-06 15:12:58,29487,27.4,583,67,0.0,0.0,0.0,0.197,18.6,22.4,7.95,0.0,63.21,62.98,0.0,0.0
5191,2022-12-06 15:28:01,32735,27.1,606,66,0.0,0.0,0.0,0.197,18.6,22.4,7.95,0.0,63.27,63.03,0.0,0.0
5192,2022-12-06 15:43:04,36586,26.9,619,66,0.0,0.0,0.0,0.197,18.6,22.4,7.95,0.0,63.32,63.09,0.0,0.0
5193,2022-12-06 15:58:07,28596,27.0,631,65,0.0,0.0,0.0,0.197,18.6,22.4,7.95,0.0,63.37,63.14,0.0,0.0
5194,2022-12-06 16:13:09,31631,27.0,638,66,0.0,0.0,0.0,0.197,18.6,22.4,7.95,0.0,63.43,63.2,0.0,0.0
5195,2022-12-06 16:28:11,33305,27.2,640,65,0.0,0.0,0.0,0.197,18.6,22.4,7.95,0.0,63.48,63.25,0.0,0.0
5196,2022-12-06 16:43:13,30835,27.4,638,65,0.0,0.0,0.0,0.197,18.6,22.4,7.95,0.0,63.54,63.31,0.0,0.0
5197,2022-12-06 16:58:15,38311,27.1,633,65,0.0,0.0,0.0,0.197,18.6,22.4,7.95,0.0,63.59,63.36,0.0,0.0
5198,2022-12-06 17:13:18,31787,27.1,623,66,0.0,0.0,0.0,0.197,18.6,22.4,7.95,0.0,63.65,63.41,0.0,0.0
5199,2022-12-06 17:28:21,34253,27.3,609,66,0.0,0.0,0.0,0.197,18.6,22.4,7.95,0.0,63.7,63.47,0.0,0.0
5200,2022-12-06 17:43:24,31074,27.5,589,65,0.0,0.0,0.0,0.197,18.6,22.4,7.95,0.0,63.76,63.52,0.0,0.0
5201,2022-12-06 17:58:27,30394,27.4,565,65,0.0,0.0,0.0,0.197,18.6,22.4,7.95,0.0,63.81,63.58,0.0,0.0
5202,2022-12-06 18:13:30,32802,27.6,536,66,0.0,0.0,0.0,0.197,18.6,22.4,7.95,0.0,63.86,63.63,0.0,0.0
5203,2022-12-06 18:28:33,30298,27.6,505,65,0.0,0.0,0.0,0.197,18.6,22.4,7.95,0.0,63.91,63.68,0.0,0.0
5204,2022-12-06 18:43:40,31016,27.4,473,66,0.0,0.0,0.0,0.197,18.6,22.4,7.95,0.0,63.96,63.73,0.0,0.0
5205,2022-12-06 18:58:42,33379,27.3,435,68,0.0,0.0,0.0,0.197,18.6,22.4,7.95,0.0,64.01,63.78,0.0,0.0
5206,2022-12-06 19:13:45,36866,27.3,394,68,0.0,0.0,0.0,0.197,18.6,22.4,7.95,0.0,64.06,63.83,0.0,0.0
5207,2022-12-06 19:28:48,35751,26.9,352,70,0.0,0.0,0.0,0.197,18.6,22.4,7.95,0.0,64.11,63.88,0.0,0.0
5208,2022-12-06 19:43:51,30316,27.0,308,70,0.0,0.0,0.0,0.197,18.6,22.4,7.95,0.0,64.16,63.93,0.0,0.0
5209,2022-12-06 19:58:54,38402,26.8,267,71,0.0,0.0,0.0,0.197,18.6,22.4,7.95,0.0,64.2,63.97,0.0,0.0
5210,2022-12-06 20:13:57,30663,26.6,213,72,0.0,0.0,0.0,0.197,18.6,22.4,7.95,0.0,64.24,64.01,0.0,0.0
5211,2022-12-06 20:29:00,32819,26.3,168,72,0.0,0.0,0.0,0.197,18.6,22.4,7.95,0.0,64.28,64.05,0.0,0.0
5212,2022-12-06 20:44:01,37041,26.1,123,73,0.0,0.0,0.0,0.197,18.6,22.4,7.95,0.0,64.32,64.09,0.0,0.0
5213,2022-12-06 20:59:04,28508,25.7,82,74,0.0,0.0,0.0,0.197,18.6,22.4,7.95,0.0,64.36,64.12,0.0,0.0
5214,2022-12-06 21:14:06,29312,25.3,40,75,0.0,0.0,0.0,0.197,18.6,22.4,7.95,0.0,64.39,64.16,0.0,0.0
5215,2022-12-06 21:29:08,28702,24.6,12,77,0.0,0.0,0.0,0.197,18.6,22.4,7.95,0.0,64.42,64.18,0.0,0.0
5216,2022-12-06 21:44:11,29363,24.0,5,79,0.0,0.0,0.0,0.197,18.6,22.4,7.95,0.0,64.44,64.21,0.0,0.0
5217,2022-12-06 21:59:14,32317,23.6,1,80,0.0,0.0,0.0,0.197,18.6,22.4,7.95,0.0,64.47,64.24,0.0,0.0
5218,2022-12-06 22:14:17,36044,23.5,1,81,0.0,0.0,0.0,0.197,18.6,22.4,7.95,0.0,64.5,64.26,0.0,0.0
5219,2022-12-06 22:29:20,33289,23.4,1,81,0.0,0.0,0.0,0.197,18.6,22.4,7.95,0.0,64.52,64.29,0.0,0.0
5220,2022-12-06 22:44:23,30938,23.4,1,82,0.0,0.0,0.0,0.197,18.6,22.4,7.95,0.0,64.55,64.32,0.0,0.0
5221,2022-12-06 22:59:29,29066,23.3,1,82,0.0,0.0,0.0,0.197,18.6,22.4,7.95,0.0,64.58,64.34,0.0,0.0
5222,2022-12-06 23:14:33,32301,23.2,1,83,0.0,0.0,0.0,0.197,18.6,22.4,7.95,0.0,64.6,64.37,0.0,0.0
5223,2022-12-06 23:29:35,33540,23.3,1,83,0.0,0.0,0.0,0.197,18.6,22.4,7.95,0.0,64.63,64.4,0.0,0.0
5224,2022-12-06 23:44:38,34240,23.2,1,84,0.0,0.0,0.0,0.197,18.6,22.4,7.95,0.0,64.66,64.42,0.0,0.0
5225,2022-12-06 23:59:41,33233,23.2,1,84,0.0,0.0,0.0,0.197,18.6,21.6,7.95,0.0,64.68,64.45,0.0,0.0
5226,2022-12-07 00:14:44,33695,23.2,1,83,0.0,0.0,0.0,0.197,18.6,21.2,7.95,0.0,64.71,64.48,0.0,0.0
5227,2022-12-07 00:29:47,33097,23.2,1,83,0.0,0.0,0.0,0.197,18.6,21.2,7.95,0.0,64.73,64.5,0.0,0.0
5228,2022-12-07 00:44:49,30374,23.2,1,83,0.0,0.0,0.0,0.197,18.6,21.2,7.95,0.0,64.76,64.53,0.0,0.0
5229,2022-12-07 00:59:52,29025,23.1,1,83,0.0,0.0,0.0,0.197,18.6,21.2,7.95,0.0,64.79,64.55,0.0,0.0
5230,2022-12-07 01:14:53,28666,22.7,0,84,0.0,0.0,0.0,0.197,18.6,21.2,7.95,0.0,64.81,64.58,0.0,0.0
5231,2022-12-07 01:29:56,32449,22.6,1,85,0.0,0.0,0.0,0.197,18.6,21.2,7.95,0.0,64.82,64.59,0.0,0.0
5232,2022-12-07 01:44:58,35856,23.0,1,84,0.0,0.0,0.0,0.197,18.6,21.2,7.95,0.0,64.84,64.61,0.0,0.0
5233,2022-12-07 02:00:01,31251,23.2,1,82,0.0,0.0,0.0,0.197,18.6,21.2,7.95,0.0,64.87,64.64,0.0,0.0
5234,2022-12-07 02:15:04,31427,23.3,0,82,0.0,0.0,0.0,0.197,18.6,21.2,7.95,0.0,64.89,64.66,0.0,0.0
5235,2022-12-07 02:30:07,28358,23.2,1,83,0.0,0.0,0.0,0.197,18.6,21.2,7.95,0.0,64.91,64.68,0.0,0.0
5236,2022-12-07 02:45:10,32100,23.1,1,83,0.0,0.0,0.0,0.197,18.6,21.2,7.95,0.0,64.94,64.71,0.0,0.0
5237,2022-12-07 03:00:13,35104,23.1,1,83,0.0,0.0,0.0,0.197,18.6,21.2,7.95,0.0,64.96,64.73,0.0,0.0
5238,2022-12-07 03:15:16,32008,23.1,1,83,0.0,0.0,0.0,0.197,18.6,21.2,7.95,0.0,64.99,64.76,0.0,0.0
5239,2022-12-07 03:30:23,30383,23.1,1,83,0.0,0.0,0.0,0.197,18.6,21.2,7.95,0.0,65.01,64.78,0.0,0.0
5240,2022-12-07 03:45:25,33484,23.5,1,82,0.0,0.0,0.0,0.197,18.6,21.2,7.95,0.0,65.04,64.81,0.0,0.0
5241,2022-12-07 04:00:28,31829,23.6,0,82,0.0,0.0,0.0,0.197,18.6,21.2,7.95,0.0,65.07,64.84,0.0,0.0
5242,2022-12-07 04:15:31,31895,23.6,0,82,0.0,0.0,0.0,0.197,18.6,21.2,7.95,0.0,65.08,64.85,0.0,0.0
5243,2022-12-07 04:30:34,35364,23.6,0,84,0.0,0.0,0.0,0.197,18.6,21.2,7.95,0.0,65.09,64.86,0.0,0.0
5244,2022-12-07 04:45:37,32561,23.5,0,83,0.0,0.0,0.0,0.197,18.6,21.2,7.95,0.0,65.1,64.87,0.0,0.0
5245,2022-12-07 05:00:39,34770,23.3,0,84,0.0,0.0,0.0,0.197,18.6,21.2,7.95,0.0,65.1,64.87,0.0,0.0
5246,2022-12-07 05:15:41,33355,21.8,0,85,0.0,0.0,0.0,0.197,18.6,21.2,7.95,0.0,65.1,64.87,0.0,0.0
5247,2022-12-07 05:30:43,35696,20.7,0,88,0.0,0.0,0.0,0.197,18.6,21.2,7.95,0.0,65.11,64.87,0.0,0.0
5248,2022-12-07 05:45:46,32435,20.3,0,89,0.0,0.0,0.0,0.197,18.6,21.2,7.95,0.0,65.11,64.88,0.0,0.0
5249,2022-12-07 06:00:48,35227,20.1,0,89,0.0,0.0,0.0,0.197,18.6,21.2,7.95,0.0,65.11,64.88,0.0,0.0
5250,2022-12-07 06:15:51,37638,19.9,0,89,0.0,0.0,0.0,0.197,18.6,21.2,7.95,0.0,65.11,64.88,0.0,0.0
5251,2022-12-07 06:30:54,29587,19.8,0,90,0.0,0.0,0.0,0.197,18.6,21.2,7.95,0.0,65.12,64.89,0.0,0.0
5252,2022-12-07 06:45:57,32838,19.6,0,90,0.0,0.0,0.0,0.197,18.6,21.2,7.95,0.0,65.13,64.9,0.0,0.0
5253,2022-12-07 07:01:00,29817,19.6,1,90,0.0,0.0,0.0,0.197,18.6,21.2,7.95,0.0,65.13,64.9,0.0,0.0
5254,2022-12-07 07:16:03,32263,20.0,0,91,0.0,0.0,0.0,0.197,18.6,21.2,7.95,0.0,65.15,64.92,0.0,0.0
5255,2022-12-07 07:31:06,35601,20.3,0,90,0.0,0.0,0.0,0.197,18.6,21.2,7.95,0.0,65.16,64.93,0.0,0.0
5256,2022-12-07 07:46:13,36855,20.2,0,90,0.0,0.0,0.0,0.197,18.6,21.2,7.95,0.0,65.17,64.94,0.0,0.0
5257,2022-12-07 08:01:15,32301,20.1,0,90,0.0,0.0,0.0,0.197,18.6,21.2,7.95,0.0,65.17,64.94,0.0,0.0
5258,2022-12-07 08:16:18,36060,20.2,0,90,0.0,0.0,0.0,0.197,18.6,21.2,7.95,0.0,65.18,64.95,0.0,0.0
5259,2022-12-07 08:31:21,31120,20.2,0,89,0.0,0.0,0.0,0.197,18.6,21.2,7.95,0.0,65.18,64.95,0.0,0.0
5260,2022-12-07 08:46:24,32173,20.1,0,89,0.0,0.0,0.0,0.197,18.6,21.2,7.95,0.0,65.19,64.96,0.0,0.0
5261,2022-12-07 09:01:27,33073,19.9,0,89,0.0,0.0,0.0,0.197,18.6,21.2,7.95,0.0,65.19,64.96,0.0,0.0
5262,2022-12-07 09:16:30,32914,19.8,0,89,0.0,0.0,0.0,0.197,18.6,21.2,7.95,0.0,65.19,64.96,0.0,0.0
5263,2022-12-07 09:31:32,30383,19.3,0,89,0.0,0.0,0.0,0.197,18.6,21.2,7.95,0.0,65.19,64.96,0.0,0.0
5264,2022-12-07 09:46:33,36092,19.3,0,90,0.0,0.0,0.0,0.197,18.6,21.2,7.95,0.0,65.2,64.97,0.0,0.0
5265,2022-12-07 10:01:36,33966,19.2,0,91,0.0,0.0,0.0,0.197,18.6,21.2,7.95,0.0,65.21,64.98,65.21,0.0
5266,2022-12-07 10:16:39,32534,19.2,0,90,0.0,0.0,0.0,0.197,18.6,21.2,7.95,0.0,65.22,64.99,0.0,0.0
5267,2022-12-07 10:31:41,34158,19.0,0,91,0.0,0.0,0.0,0.197,18.6,21.2,7.95,0.0,65.23,65.0,0.0,0.0
5268,2022-12-07 10:46:44,30780,19.0,0,91,0.0,0.0,0.0,0.197,18.6,21.2,7.95,0.0,65.23,65.0,0.0,0.0
5269,2022-12-07 11:01:47,36747,19.1,1,90,0.0,0.0,0.0,0.197,18.6,21.2,7.95,0.0,65.23,65.0,0.0,0.0
5270,2022-12-07 11:16:50,33693,18.8,6,90,0.0,0.0,0.0,0.197,18.6,21.2,7.95,0.0,65.26,65.03,0.0,0.0
5271,2022-12-07 11:31:53,32896,18.9,22,91,0.0,0.0,0.0,0.197,18.6,21.2,7.95,0.0,65.28,65.05,0.0,0.0
5272,2022-12-07 11:46:59,32817,19.4,47,90,0.0,0.0,0.0,0.197,18.6,21.2,7.95,0.0,65.31,65.08,0.0,0.0
5273,2022-12-07 12:02:03,32056,20.3,72,88,0.0,0.0,0.0,0.197,18.6,21.2,7.95,0.0,65.34,65.11,0.0,0.0
5274,2022-12-07 12:17:05,37565,21.2,128,86,0.0,0.0,0.0,0.197,18.6,21.2,7.95,0.0,65.37,65.14,0.0,0.0
5275,2022-12-07 12:32:08,36824,22.4,166,83,0.0,0.0,0.0,0.197,18.6,21.2,7.95,0.0,65.4,65.17,0.0,0.0
5276,2022-12-07 12:47:11,25657,23.5,225,80,0.0,0.0,0.0,0.197,18.6,21.2,7.95,0.0,65.44,65.21,0.0,0.0
5277,2022-12-07 13:02:14,30000,24.8,271,77,0.0,0.0,0.0,0.197,18.6,21.2,7.95,0.0,65.47,65.24,0.0,0.0
5278,2022-12-07 13:17:17,33230,25.6,320,75,0.0,0.0,0.0,0.197,18.6,21.2,7.95,0.0,65.52,65.28,0.0,0.0
5279,2022-12-07 13:32:20,36024,26.3,363,72,0.0,0.0,0.0,0.197,18.6,21.2,7.95,0.0,65.56,65.33,0.0,0.0
5280,2022-12-07 13:47:22,31559,26.7,406,71,0.0,0.0,0.0,0.197,18.6,21.2,7.95,0.0,65.6,65.37,0.0,0.0
5281,2022-12-07 14:02:24,34549,26.7,446,70,0.0,0.0,0.0,0.197,18.6,21.2,7.95,0.0,65.65,65.42,0.0,0.0
5282,2022-12-07 14:17:26,33375,27.0,532,68,0.0,0.0,0.0,0.197,18.6,21.2,7.95,0.0,65.69,65.46,0.0,0.0
5283,2022-12-07 14:32:29,31569,27.4,469,67,0.0,0.0,0.0,0.197,18.6,21.2,7.95,0.0,65.74,65.51,0.0,0.0
5284,2022-12-07 14:47:31,34688,27.3,589,67,0.0,0.0,0.0,0.197,18.6,21.2,7.95,0.0,65.79,65.56,0.0,0.0
5285,2022-12-07 15:02:34,29437,27.5,569,66,0.0,0.0,0.0,0.197,18.6,21.2,7.95,0.0,65.83,65.6,0.0,0.0
5286,2022-12-07 15:17:37,28774,27.7,589,63,0.0,0.0,0.0,0.197,18.6,21.2,7.95,0.0,65.88,65.65,0.0,0.0
5287,2022-12-07 15:32:40,33058,27.8,606,66,0.0,0.0,0.0,0.197,18.6,21.2,7.95,0.0,65.93,65.7,0.0,0.0
5288,2022-12-07 15:47:43,38336,27.7,619,66,0.0,0.0,0.0,0.197,18.6,21.2,7.95,0.0,65.98,65.75,0.0,0.0
5289,2022-12-07 16:02:46,33098,27.7,630,65,0.0,0.0,0.0,0.197,18.6,21.2,7.95,0.0,66.03,65.8,0.0,0.0
5290,2022-12-07 16:17:49,29225,27.9,636,65,0.0,0.0,0.0,0.197,18.6,21.2,7.95,0.0,66.08,65.85,0.0,0.0
5291,2022-12-07 16:32:55,32498,27.9,637,65,0.0,0.0,0.0,0.197,18.6,21.2,7.95,0.0,66.13,65.9,0.0,0.0
5292,2022-12-07 16:47:57,32189,28.0,633,65,0.0,0.0,0.0,0.197,18.6,21.2,7.95,0.0,66.17,65.95,0.0,0.0
5293,2022-12-07 17:03:00,32799,28.2,623,65,0.0,0.0,0.0,0.197,18.6,21.2,7.95,0.0,66.22,65.99,0.0,0.0
5294,2022-12-07 17:18:03,35633,28.1,615,66,0.0,0.0,0.0,0.197,18.6,21.2,7.95,0.0,66.27,66.04,0.0,0.0
5295,2022-12-07 17:33:06,34767,27.9,594,67,0.0,0.0,0.0,0.197,18.6,21.2,7.95,0.0,66.32,66.09,0.0,0.0
5296,2022-12-07 17:48:09,31419,27.3,577,69,0.0,0.0,0.0,0.197,18.6,21.2,7.95,0.0,66.37,66.14,0.0,0.0
5297,2022-12-07 18:03:12,37275,27.0,571,70,0.0,0.0,0.0,0.197,18.6,21.2,7.95,0.0,66.41,66.19,0.0,0.0
5298,2022-12-07 18:18:14,35250,27.4,532,69,0.0,0.0,0.0,0.197,18.6,21.2,7.95,0.0,66.46,66.23,0.0,0.0
5299,2022-12-07 18:33:16,31269,26.8,540,70,0.0,0.0,0.0,0.197,18.6,21.2,7.95,0.0,66.51,66.28,0.0,0.0
5300,2022-12-07 18:48:18,29755,27.1,483,68,0.0,0.0,0.0,0.197,18.6,21.2,7.95,0.0,66.55,66.33,0.0,0.0
5301,2022-12-07 19:03:21,32726,27.3,464,69,0.0,0.0,0.0,0.197,18.6,21.2,7.95,0.0,66.6,66.37,0.0,0.0
5302,2022-12-07 19:18:23,34043,26.8,411,71,0.0,0.0,0.0,0.197,18.6,21.2,7.95,0.0,66.64,66.42,0.0,0.0
5303,2022-12-07 19:33:26,36541,26.7,350,70,0.0,0.0,0.0,0.197,18.6,21.2,7.95,0.0,66.69,66.46,0.0,0.0
5304,2022-12-07 19:48:29,37840,26.9,299,70,0.0,0.0,0.0,0.197,18.6,21.2,7.95,0.0,66.73,66.5,0.0,0.0
5305,2022-12-07 20:03:32,27642,27.1,325,71,0.0,0.0,0.0,0.197,18.6,21.2,7.95,0.0,66.77,66.54,0.0,0.0
5306,2022-12-07 20:18:35,35188,27.3,265,70,0.0,0.0,0.0,0.197,18.6,21.2,7.95,0.0,66.81,66.58,0.0,0.0
5307,2022-12-07 20:33:38,32316,26.6,150,70,0.0,0.0,0.0,0.197,18.6,21.2,7.95,0.0,66.84,66.62,0.0,0.0
5308,2022-12-07 20:48:45,34720,25.9,52,73,0.0,0.0,0.0,0.197,18.6,21.2,7.95,0.0,66.88,66.65,0.0,0.0
5309,2022-12-07 21:03:48,38621,25.3,28,73,0.0,0.0,0.0,0.197,18.6,21.2,7.95,0.0,66.9,66.68,0.0,0.0
5310,2022-12-07 21:18:50,33122,25.1,34,75,0.0,0.0,0.0,0.197,18.6,21.2,7.95,0.0,66.93,66.7,0.0,0.0
5311,2022-12-07 21:33:53,32332,24.9,12,76,0.0,0.0,0.0,0.197,18.6,21.2,7.95,0.0,66.95,66.73,0.0,0.0
5312,2022-12-07 21:48:56,39949,24.7,1,77,0.0,0.0,0.0,0.197,18.6,21.2,7.95,0.0,66.98,66.75,0.0,0.0
5313,2022-12-07 22:03:59,35992,24.7,0,78,0.0,0.0,0.0,0.197,18.6,21.2,7.95,0.0,67.0,66.77,0.0,0.0
5314,2022-12-07 22:19:02,34755,24.5,0,77,0.0,0.0,0.0,0.197,18.6,21.2,7.95,0.0,67.0,66.78,0.0,0.0
5315,2022-12-07 22:34:04,34602,24.5,0,79,0.0,0.0,0.0,0.197,18.6,21.2,7.95,0.0,67.01,66.78,0.0,0.0
5316,2022-12-07 22:49:06,33462,24.5,0,79,0.0,0.0,0.0,0.197,18.6,21.2,7.95,0.0,67.01,66.79,0.0,0.0
5317,2022-12-07 23:04:08,36103,24.5,0,79,0.0,0.0,0.0,0.197,18.6,21.2,7.95,0.0,67.02,66.8,0.0,0.0
5318,2022-12-07 23:19:11,35372,24.2,0,83,0.0,0.0,0.0,0.197,18.6,21.2,7.95,0.0,67.03,66.81,0.0,0.0
5319,2022-12-07 23:34:13,33557,23.3,0,87,0.0,0.0,0.0,0.197,18.6,21.2,7.95,0.0,67.04,66.81,0.0,0.0
5320,2022-12-07 23:49:16,33138,23.0,0,89,0.2,0.2,0.0,0.197,18.6,21.2,7.95,0.0,67.04,66.81,0.0,0.0
5321,2022-12-08 00:04:19,35701,22.7,1,90,0.2,0.0,0.0,0.197,18.6,20.9,7.95,0.0,67.05,66.82,0.0,0.0
5322,2022-12-08 00:19:22,33680,22.7,1,90,0.2,0.0,0.0,0.197,18.6,20.9,7.95,0.0,67.07,66.84,0.0,0.0
5323,2022-12-08 00:34:25,31612,22.7,2,87,0.2,0.0,0.0,0.197,18.6,20.9,7.95,0.0,67.09,66.87,0.0,0.0
5324,2022-12-08 00:49:28,39006,22.8,0,86,0.0,0.0,0.0,0.197,18.6,20.9,7.95,0.0,67.12,66.89,0.0,0.0
5325,2022-12-08 01:04:31,34283,22.9,0,84,0.0,0.0,0.0,0.197,18.6,20.9,7.95,0.0,67.13,66.91,0.0,0.0
5326,2022-12-08 01:19:38,33445,23.0,0,84,0.0,0.0,0.0,0.197,18.6,20.9,7.95,0.0,67.14,66.91,0.0,0.0
5327,2022-12-08 01:34:40,34558,23.1,0,85,0.0,0.0,0.0,0.197,18.6,20.9,7.95,0.0,67.14,66.91,0.0,0.0
5328,2022-12-08 01:49:43,31281,23.1,0,85,0.0,0.0,0.0,0.197,18.6,20.9,7.95,0.0,67.14,66.91,0.0,0.0
5329,2022-12-08 02:04:46,29397,23.0,0,85,0.0,0.0,0.0,0.197,18.6,20.9,7.95,0.0,67.14,66.92,0.0,0.0
5330,2022-12-08 02:19:49,36471,23.3,1,84,0.0,0.0,0.0,0.197,18.6,20.9,7.95,0.0,67.16,66.93,0.0,0.0
5331,2022-12-08 02:34:52,34614,23.4,0,84,0.0,0.0,0.0,0.197,18.6,20.9,7.95,0.0,67.18,66.96,0.0,0.0
5332,2022-12-08 02:49:54,32410,23.2,0,86,0.0,0.0,0.0,0.197,18.6,20.9,7.95,0.0,67.19,66.96,0.0,0.0
5333,2022-12-08 03:04:57,29574,23.1,0,86,0.0,0.0,0.0,0.197,18.6,20.9,7.95,0.0,67.19,66.97,0.0,0.0
5334,2022-12-08 03:19:58,33103,23.2,0,85,0.0,0.0,0.0,0.197,18.6,20.9,7.95,0.0,67.21,66.98,0.0,0.0
5335,2022-12-08 03:35:01,32222,23.3,0,85,0.0,0.0,0.0,0.197,18.6,20.9,7.95,0.0,67.21,66.98,0.0,0.0
5336,2022-12-08 03:50:03,34350,23.4,0,85,0.0,0.0,0.0,0.197,18.6,20.9,7.95,0.0,67.23,67.0,0.0,0.0
5337,2022-12-08 04:05:06,34480,22.9,0,86,0.0,0.0,0.0,0.197,18.6,20.9,7.95,0.0,67.23,67.0,0.0,0.0
5338,2022-12-08 04:20:09,34006,22.5,0,88,0.0,0.0,0.0,0.197,18.6,20.9,7.95,0.0,67.23,67.01,0.0,0.0
5339,2022-12-08 04:35:12,30610,22.4,0,88,0.0,0.0,0.0,0.197,18.6,20.9,7.95,0.0,67.23,67.01,0.0,0.0
5340,2022-12-08 04:50:15,30883,22.3,0,88,0.0,0.0,0.0,0.197,18.6,20.9,7.95,0.0,67.23,67.01,0.0,0.0
5341,2022-12-08 05:05:18,34266,21.9,0,89,0.0,0.0,0.0,0.197,18.6,20.9,7.95,0.0,67.24,67.01,0.0,0.0
5342,2022-12-08 05:20:21,36562,21.6,0,89,0.0,0.0,0.0,0.197,18.6,20.9,7.95,0.0,67.24,67.01,0.0,0.0
5343,2022-12-08 05:35:28,30044,21.2,0,90,0.0,0.0,0.0,0.197,18.6,20.9,7.95,0.0,67.24,67.02,0.0,0.0
5344,2022-12-08 05:50:30,32731,20.8,0,91,0.0,0.0,0.0,0.197,18.6,20.9,7.95,0.0,67.24,67.02,0.0,0.0
5345,2022-12-08 06:05:33,34391,20.5,0,92,0.0,0.0,0.0,0.197,18.6,20.9,7.95,0.0,67.24,67.02,0.0,0.0
5346,2022-12-08 06:20:36,28812,20.4,0,92,0.0,0.0,0.0,0.197,18.6,20.9,7.95,0.0,67.25,67.02,0.0,0.0
5347,2022-12-08 06:35:39,38826,20.4,0,92,0.0,0.0,0.0,0.197,18.6,20.9,7.95,0.0,67.25,67.02,0.0,0.0
5348,2022-12-08 06:50:42,37679,20.2,0,93,0.0,0.0,0.0,0.197,18.6,20.9,7.95,0.0,67.25,67.03,0.0,0.0
5349,2022-12-08 07:05:45,37277,20.2,0,93,0.0,0.0,0.0,0.197,18.6,20.9,7.95,0.0,67.25,67.03,0.0,0.0
5350,2022-12-08 07:20:46,37349,20.0,0,93,0.0,0.0,0.0,0.197,18.6,20.9,7.95,0.0,67.26,67.03,0.0,0.0
5351,2022-12-08 07:35:48,36286,19.9,0,93,0.0,0.0,0.0,0.197,18.6,20.9,7.95,0.0,67.26,67.03,0.0,0.0
5352,2022-12-08 07:50:51,36077,19.9,0,93,0.0,0.0,0.0,0.197,18.6,20.9,7.95,0.0,67.26,67.03,0.0,0.0
5353,2022-12-08 08:05:54,38195,19.7,0,93,0.0,0.0,0.0,0.197,18.6,20.9,7.95,0.0,67.26,67.04,0.0,0.0
5354,2022-12-08 08:20:56,32228,19.6,0,94,0.0,0.0,0.0,0.197,18.6,20.9,7.95,0.0,67.26,67.04,0.0,0.0
5355,2022-12-08 08:35:59,36302,19.4,0,94,0.0,0.0,0.0,0.197,18.6,20.9,7.95,0.0,67.27,67.04,0.0,0.0
5356,2022-12-08 08:51:02,35473,19.4,0,95,0.0,0.0,0.0,0.197,18.6,20.9,7.95,0.0,67.27,67.04,0.0,0.0
5357,2022-12-08 09:06:05,30190,19.5,0,95,0.0,0.0,0.0,0.197,18.6,20.9,7.95,0.0,67.27,67.04,0.0,0.0
5358,2022-12-08 09:21:08,35647,19.4,0,95,0.0,0.0,0.0,0.197,18.6,20.9,7.95,0.0,67.27,67.05,0.0,0.0
5359,2022-12-08 09:36:11,31369,19.4,0,95,0.0,0.0,0.0,0.197,18.6,20.9,7.95,0.0,67.27,67.05,0.0,0.0
5360,2022-12-08 09:51:18,39216,19.4,0,95,0.0,0.0,0.0,0.197,18.6,20.9,7.95,0.0,67.28,67.05,0.0,0.0
